order_id,supplier_id,supplier_reliability_score,region,product_category,transport_mode,order_date,expected_delivery_date,actual_delivery_date,delay_days,weather_risk_index,geopolitical_risk_index,port_congestion_index,inventory_level_units,demand_forecast_units,actual_demand_units,order_value_usd,disruption_flag
ORD-100000,SUP-033,0.8,Europe,Electronics,Sea,2024-04-15,2024-05-06,2024-05-06,0,0.463,0.015,0.295,696.1,257.1,264.2,10717.55,0
ORD-100001,SUP-003,0.783,Latin America,Machinery,Sea,2024-02-15,2024-03-08,2024-03-08,0,0.127,0.328,0.608,585.0,430.3,421.0,3904.97,0
ORD-100002,SUP-020,0.762,Asia Pacific,Electronics,Road,2023-12-14,2023-12-19,2023-12-21,2,0.026,0.084,0.024,488.4,490.9,511.3,5199.2,0
ORD-100003,SUP-033,0.8,Middle East/Africa,Textiles,Sea,2023-06-29,2023-07-21,2023-07-28,7,0.298,0.229,0.371,447.7,522.7,370.3,3409.69,1
ORD-100004,SUP-003,0.783,Europe,Electronics,Road,2024-06-24,2024-06-29,2024-06-30,1,0.137,0.067,0.062,523.1,576.9,581.3,2150.38,0
ORD-100005,SUP-026,0.782,Asia Pacific,Automotive Parts,Sea,2024-08-07,2024-08-28,2024-09-02,5,0.112,0.117,0.224,265.9,690.0,565.8,7026.09,1
ORD-100006,SUP-015,0.574,Asia Pacific,Textiles,Road,2024-06-13,2024-06-19,2024-06-19,0,0.41,0.009,0.009,506.8,371.8,491.4,6407.63,0
ORD-100007,SUP-030,0.76,Asia Pacific,Electronics,Road,2023-10-05,2023-10-09,2023-10-09,0,0.146,0.449,0.017,428.8,371.6,470.0,13237.52,0
ORD-100008,SUP-022,0.872,Middle East/Africa,Pharma,Road,2023-08-16,2023-08-19,2023-08-19,0,0.232,0.078,0.009,457.9,377.5,346.4,5342.89,0
ORD-100009,SUP-005,0.967,Latin America,Automotive Parts,Road,2023-01-10,2023-01-15,2023-01-16,1,0.533,0.202,0.066,469.6,457.3,501.7,2338.61,0
ORD-100010,SUP-033,0.8,Middle East/Africa,Pharma,Sea,2024-02-05,2024-02-25,2024-02-25,0,0.356,0.107,0.208,426.0,379.3,427.6,6107.11,0
ORD-100011,SUP-021,0.656,Middle East/Africa,Electronics,Rail,2023-09-29,2023-10-08,2023-10-09,1,0.416,0.0,0.078,316.9,515.7,500.0,3847.78,0
ORD-100012,SUP-017,0.619,North America,Machinery,Rail,2023-09-07,2023-09-13,2023-09-13,0,0.352,0.164,0.001,628.1,488.9,479.4,1677.02,0
ORD-100013,SUP-025,0.704,Latin America,Pharma,Road,2024-08-28,2024-09-03,2024-09-09,6,0.211,0.095,0.055,498.7,567.0,554.5,3000.9,1
ORD-100014,SUP-007,0.877,Middle East/Africa,Automotive Parts,Road,2024-07-24,2024-07-28,2024-07-29,1,0.349,0.373,0.095,428.4,363.8,352.1,4099.44,0
ORD-100015,SUP-028,0.644,Europe,Textiles,Road,2023-03-17,2023-03-20,2023-03-20,0,0.299,0.326,0.024,670.0,384.1,242.4,1574.91,0
ORD-100016,SUP-016,0.842,Middle East/Africa,Pharma,Air,2023-06-11,2023-06-15,2023-06-16,1,0.42,0.204,0.063,574.7,398.2,509.3,18285.83,0
ORD-100017,SUP-008,0.711,Europe,Textiles,Rail,2023-09-06,2023-09-15,2023-09-29,14,0.138,0.086,0.097,522.6,220.5,232.5,7670.81,1
ORD-100018,SUP-002,0.788,Europe,Machinery,Sea,2023-01-29,2023-02-20,2023-02-20,0,0.595,0.41,0.161,551.1,448.3,540.6,10295.98,0
ORD-100019,SUP-033,0.8,Europe,Electronics,Road,2023-06-24,2023-06-30,2023-06-30,0,0.344,0.127,0.053,547.9,473.2,586.5,3353.16,0
ORD-100020,SUP-009,0.768,North America,Pharma,Road,2023-05-13,2023-05-16,2023-05-16,0,0.512,0.431,0.036,549.8,360.2,444.0,9817.75,0
ORD-100021,SUP-005,0.967,Asia Pacific,Electronics,Rail,2023-11-04,2023-11-12,2023-11-12,0,0.429,0.405,0.07,435.0,408.9,302.8,7559.24,0
ORD-100022,SUP-038,0.957,North America,Textiles,Road,2023-12-02,2023-12-05,2023-12-05,0,0.297,0.319,0.026,557.6,446.1,307.7,4697.65,0
ORD-100023,SUP-023,0.548,Asia Pacific,Machinery,Sea,2023-04-26,2023-05-19,2023-05-24,5,0.449,0.156,0.661,452.1,396.4,368.1,2078.8,1
ORD-100024,SUP-034,0.576,North America,Machinery,Road,2023-07-25,2023-07-29,2023-08-10,12,0.262,0.277,0.008,680.7,436.5,422.1,4167.07,1
ORD-100025,SUP-026,0.782,Latin America,Machinery,Rail,2024-04-23,2024-04-30,2024-05-05,5,0.0,0.33,0.075,570.7,309.6,232.6,1926.96,1
ORD-100026,SUP-013,0.8,Latin America,Electronics,Sea,2024-05-20,2024-06-09,2024-06-21,12,0.341,0.586,0.125,560.2,647.6,791.4,4131.41,1
ORD-100027,SUP-006,0.63,Middle East/Africa,Electronics,Road,2023-03-07,2023-03-11,2023-03-11,0,0.259,0.0,0.085,526.1,558.9,558.2,8095.72,0
ORD-100028,SUP-011,0.936,Europe,Pharma,Sea,2023-05-12,2023-06-02,2023-06-02,0,0.147,0.0,0.0,507.2,481.2,415.9,26115.03,0
ORD-100029,SUP-033,0.8,Europe,Automotive Parts,Rail,2023-12-18,2023-12-25,2023-12-27,2,0.0,0.351,0.025,413.5,582.8,650.2,6948.24,0
ORD-100030,SUP-014,0.805,Middle East/Africa,Pharma,Air,2023-04-26,2023-04-30,2023-04-30,0,0.259,0.228,0.005,553.0,519.5,558.3,3483.34,0
ORD-100031,SUP-014,0.805,Europe,Machinery,Road,2024-07-15,2024-07-18,2024-07-19,1,0.164,0.125,0.071,786.1,480.0,538.0,2377.25,0
ORD-100032,SUP-002,0.788,Middle East/Africa,Pharma,Rail,2023-10-04,2023-10-12,2023-10-12,0,0.0,0.0,0.014,671.6,511.1,606.8,3730.82,0
ORD-100033,SUP-037,0.757,Asia Pacific,Electronics,Road,2023-12-31,2024-01-04,2024-01-04,0,0.13,0.446,0.01,494.2,180.6,198.9,2667.32,0
ORD-100034,SUP-004,0.652,Latin America,FMCG,Sea,2024-02-15,2024-03-08,2024-03-10,2,0.895,0.456,0.353,677.3,493.0,484.7,3418.52,1
ORD-100035,SUP-026,0.782,Middle East/Africa,Machinery,Road,2023-06-13,2023-06-19,2023-06-27,8,0.656,0.289,0.092,381.4,506.6,649.6,5218.98,1
ORD-100036,SUP-023,0.548,North America,Machinery,Road,2023-04-16,2023-04-22,2023-04-25,3,0.311,0.364,0.059,411.8,434.0,503.7,1820.9,1
ORD-100037,SUP-011,0.936,Europe,Automotive Parts,Rail,2024-08-10,2024-08-19,2024-08-20,1,0.248,0.0,0.014,499.0,291.7,326.9,9661.84,0
ORD-100038,SUP-028,0.644,Europe,FMCG,Rail,2024-09-16,2024-09-22,2024-09-22,0,0.246,0.034,0.009,500.1,469.0,421.3,4506.99,0
ORD-100039,SUP-032,,Middle East/Africa,Electronics,Road,2023-10-30,2023-11-05,2023-11-05,0,0.0,0.305,0.071,864.5,684.0,626.1,3198.75,0
ORD-100040,SUP-039,0.777,Asia Pacific,Automotive Parts,Road,2024-02-17,2024-02-23,2024-02-23,0,0.544,0.0,0.025,503.8,280.7,208.8,8839.41,0
ORD-100041,SUP-008,0.711,Europe,Pharma,Road,2024-04-07,2024-04-13,2024-04-13,0,0.0,0.065,0.009,704.5,542.4,569.3,7698.56,0
ORD-100042,SUP-011,0.936,Europe,Automotive Parts,Road,2023-01-22,2023-01-28,2023-01-28,0,0.044,0.463,0.055,237.0,384.6,440.7,4749.68,0
ORD-100043,SUP-014,0.805,North America,Automotive Parts,Rail,2023-06-15,2023-06-22,2023-06-22,0,0.1,0.478,0.013,544.6,524.7,599.5,11108.82,0
ORD-100044,SUP-034,0.576,North America,FMCG,Sea,2024-06-15,2024-07-07,2024-07-07,0,0.12,0.064,0.069,626.7,438.1,589.2,3822.95,0
ORD-100045,SUP-002,0.788,Latin America,Machinery,Sea,2023-02-22,2023-03-17,2023-03-17,0,0.591,0.166,0.492,534.6,501.9,542.6,4562.67,0
ORD-100046,SUP-020,0.762,Asia Pacific,Pharma,Sea,2024-06-25,2024-07-17,2024-07-17,0,0.0,0.348,0.18,536.4,471.6,447.9,7514.96,0
ORD-100047,SUP-037,0.757,Latin America,Textiles,Air,2023-01-04,2023-01-09,2023-01-09,0,0.188,0.091,0.092,462.9,291.7,281.8,6876.56,0
ORD-100048,SUP-016,0.842,North America,Automotive Parts,Rail,2023-05-22,2023-05-29,2023-05-29,0,0.516,0.222,0.004,442.6,299.9,417.1,4377.93,0
ORD-100049,SUP-023,0.548,Middle East/Africa,Automotive Parts,Sea,2023-02-05,2023-02-27,2023-03-02,3,0.269,0.341,0.147,514.4,394.5,368.8,10580.37,1
ORD-100050,SUP-039,0.777,North America,Textiles,Sea,2023-07-24,2023-08-14,2023-08-20,6,0.0,0.309,0.206,649.4,480.7,479.3,4843.7,1
ORD-100051,SUP-016,0.842,Latin America,Electronics,Sea,2023-09-25,2023-10-17,2023-10-17,0,0.189,0.461,0.284,498.7,433.8,485.0,7201.03,0
ORD-100052,SUP-015,0.574,North America,Electronics,Road,2023-03-21,2023-03-26,2023-03-27,1,0.267,0.076,0.088,492.6,531.0,441.6,12999.49,0
ORD-100053,SUP-010,0.898,Asia Pacific,Automotive Parts,Road,2023-01-24,2023-01-28,2023-02-02,5,0.173,0.378,0.006,444.0,309.2,346.1,7185.06,1
ORD-100054,SUP-025,0.704,North America,Textiles,Rail,2023-02-28,2023-03-06,2023-03-06,0,0.001,0.093,0.048,489.6,427.5,435.5,5225.35,0
ORD-100055,SUP-018,0.727,Middle East/Africa,Textiles,Road,2024-07-26,2024-07-29,2024-07-29,0,0.297,0.378,0.048,680.8,491.2,588.7,3961.69,0
ORD-100056,SUP-019,0.75,Latin America,Electronics,Road,2023-04-13,2023-04-16,2023-04-16,0,0.4,0.329,0.068,707.3,527.8,514.6,6614.19,0
ORD-100057,SUP-036,0.714,Europe,Machinery,Sea,2023-06-15,2023-07-06,2023-07-14,8,0.464,0.0,0.255,513.5,540.4,430.9,6787.33,1
ORD-100058,SUP-028,0.644,Latin America,Machinery,Sea,2024-05-19,2024-06-11,2024-06-11,0,0.31,0.133,0.289,661.0,326.8,333.3,5306.47,0
ORD-100059,SUP-014,0.805,Middle East/Africa,Textiles,Sea,2023-03-25,2023-04-14,2023-04-21,7,0.174,0.175,0.16,669.0,381.9,423.8,10712.81,1
ORD-100060,SUP-011,0.936,Latin America,Automotive Parts,Sea,2023-05-28,2023-06-19,2023-06-19,0,0.322,0.167,0.021,482.8,526.0,429.2,5687.37,0
ORD-100061,SUP-038,0.957,Europe,FMCG,Road,2024-07-09,2024-07-15,2024-07-15,0,0.49,0.149,0.047,551.4,504.8,548.0,5966.69,0
ORD-100062,SUP-024,0.818,Latin America,Automotive Parts,Rail,2024-05-24,2024-05-30,2024-05-30,0,0.015,0.291,0.056,413.9,394.3,315.8,4795.75,0
ORD-100063,SUP-017,0.619,Middle East/Africa,Automotive Parts,Sea,2023-09-11,2023-10-03,2023-10-03,0,0.0,0.314,0.407,563.8,334.0,331.6,6734.06,0
ORD-100064,SUP-032,0.702,Europe,Textiles,Road,2023-12-08,2023-12-11,2023-12-11,0,0.656,0.16,0.008,487.1,329.8,315.9,3655.26,0
ORD-100065,SUP-040,0.607,Asia Pacific,FMCG,Sea,2023-01-21,2023-02-11,2023-02-11,0,0.211,0.421,0.555,555.8,429.4,438.8,20911.12,0
ORD-100066,SUP-011,0.936,Latin America,Textiles,Rail,2024-05-16,2024-05-24,2024-05-24,0,0.38,0.527,0.073,402.3,391.9,373.1,3577.51,0
ORD-100067,SUP-032,0.702,Asia Pacific,Textiles,Rail,2024-04-05,2024-04-12,2024-04-12,0,0.401,0.0,0.049,473.7,358.8,336.7,6069.63,0
ORD-100068,SUP-021,0.656,Europe,FMCG,Sea,2024-02-07,2024-03-01,2024-03-09,8,0.0,0.5,0.229,767.1,254.0,232.2,11227.06,1
ORD-100069,SUP-035,0.443,Europe,Textiles,Air,2023-04-25,2023-04-30,2023-04-30,0,0.455,0.235,0.041,151.3,437.1,388.9,14574.3,0
ORD-100070,SUP-039,0.777,North America,Pharma,Road,2023-09-13,2023-09-18,2023-09-18,0,0.477,0.006,0.077,674.1,263.3,252.5,1931.5,0
ORD-100071,SUP-012,0.612,North America,Electronics,Road,2023-04-18,2023-04-21,2023-04-21,0,0.214,0.0,0.053,680.9,534.9,612.7,3605.19,0
ORD-100072,SUP-014,0.805,Europe,Electronics,Rail,2024-08-22,2024-08-28,2024-08-28,0,0.309,0.014,0.018,594.4,655.9,731.8,5118.68,0
ORD-100073,SUP-023,0.548,Latin America,Machinery,Road,2023-01-20,2023-01-23,2023-01-23,0,0.38,0.09,0.019,575.8,363.5,389.9,4620.66,0
ORD-100074,SUP-018,0.727,North America,Automotive Parts,Sea,2024-01-01,2024-01-24,2024-02-02,9,0.295,0.23,0.198,527.1,540.2,608.2,2522.55,1
ORD-100075,SUP-033,0.8,North America,Electronics,Sea,2024-05-15,2024-06-04,2024-06-04,0,0.179,0.151,0.495,604.1,436.6,486.9,8846.31,0
ORD-100076,SUP-021,0.656,North America,Textiles,Rail,2023-12-27,2024-01-04,2024-01-04,0,0.033,0.051,0.024,177.0,294.8,268.2,3252.27,0
ORD-100077,SUP-003,0.783,Middle East/Africa,Automotive Parts,Air,2024-06-26,2024-07-01,2024-07-01,0,0.75,0.0,0.058,253.2,729.4,808.8,7749.3,0
ORD-100078,SUP-025,0.704,Latin America,Pharma,Road,2023-05-07,2023-05-10,2023-05-10,0,0.356,0.087,0.049,457.9,345.5,294.5,8526.98,0
ORD-100079,SUP-018,0.727,Europe,Electronics,Air,2024-06-10,2024-06-13,2024-06-13,0,0.0,0.283,0.018,354.7,671.6,694.0,4857.2,0
ORD-100080,SUP-007,0.877,North America,Textiles,Road,2024-02-10,2024-02-15,2024-02-15,0,0.41,0.582,0.079,562.0,322.9,346.0,1861.38,0
ORD-100081,SUP-004,0.652,Europe,Pharma,Sea,2024-03-05,2024-03-25,2024-03-25,0,,0.236,0.094,833.4,301.5,325.2,4546.48,0
ORD-100082,SUP-037,0.757,Asia Pacific,Textiles,Road,2024-02-13,2024-02-16,2024-02-16,0,0.592,0.0,0.05,379.4,646.7,809.4,3567.11,0
ORD-100083,SUP-032,0.702,Middle East/Africa,Machinery,Road,2024-02-17,2024-02-23,2024-02-23,0,0.184,0.048,0.023,412.0,426.3,377.8,1932.29,0
ORD-100084,SUP-038,0.957,Europe,Pharma,Rail,2023-07-27,2023-08-04,2023-08-05,1,0.0,0.001,0.1,207.3,374.5,328.2,7455.03,0
ORD-100085,SUP-016,0.842,Europe,Machinery,Road,2024-06-09,2024-06-15,2024-06-15,0,0.563,0.018,0.08,336.2,412.0,487.0,5626.29,0
ORD-100086,SUP-039,0.777,North America,FMCG,Sea,2024-05-15,2024-06-05,2024-06-05,0,0.164,0.024,0.0,321.4,457.2,346.7,6119.16,0
ORD-100087,SUP-037,0.757,Latin America,Automotive Parts,Rail,2023-09-12,2023-09-19,2023-10-03,14,0.58,0.134,0.088,674.9,482.1,505.4,6781.18,1
ORD-100088,SUP-018,0.727,Latin America,Automotive Parts,Rail,2024-06-10,2024-06-16,2024-06-16,0,0.12,0.0,0.061,467.3,388.0,442.3,1903.11,0
ORD-100089,SUP-012,0.612,Latin America,FMCG,Air,2024-07-14,2024-07-16,2024-07-24,8,0.307,0.242,0.022,381.0,633.7,749.5,4014.82,1
ORD-100090,SUP-019,0.75,North America,Pharma,Road,2024-05-15,2024-05-19,2024-05-19,0,0.36,0.106,0.006,524.1,450.4,479.9,19403.51,0
ORD-100091,SUP-039,0.777,Europe,FMCG,Sea,2023-10-15,2023-11-04,2023-11-04,0,0.376,0.0,0.0,488.8,500.2,492.5,6199.22,0
ORD-100092,SUP-023,0.548,Europe,FMCG,Road,2023-01-08,2023-01-12,2023-01-12,0,,0.021,0.006,576.9,435.3,406.9,3254.68,0
ORD-100093,SUP-004,0.652,Europe,Textiles,Road,2024-02-22,2024-02-27,2024-02-27,0,0.208,0.0,0.046,258.0,484.2,499.2,7381.67,0
ORD-100094,SUP-040,0.607,Middle East/Africa,Textiles,Rail,2024-02-26,2024-03-05,2024-03-12,7,0.202,0.0,0.089,458.6,571.3,560.1,9469.59,1
ORD-100095,SUP-035,0.443,North America,FMCG,Rail,2023-09-06,2023-09-14,2023-09-26,12,0.415,0.053,0.077,300.8,324.4,350.5,8934.08,1
ORD-100096,SUP-025,0.704,North America,Automotive Parts,Sea,2023-01-07,2023-01-30,2023-01-31,1,0.149,0.399,0.361,568.4,709.8,641.3,14466.1,0
ORD-100097,SUP-031,0.712,Latin America,Automotive Parts,Road,2023-08-05,2023-08-11,2023-08-11,0,0.134,0.23,0.038,175.2,566.9,523.4,16743.92,0
ORD-100098,SUP-021,0.656,Asia Pacific,Automotive Parts,Sea,2024-07-05,2024-07-25,2024-07-25,0,0.36,0.0,0.002,590.8,294.8,305.1,5864.75,0
ORD-100099,SUP-013,0.8,Europe,Automotive Parts,Road,2024-04-09,2024-04-14,2024-04-14,0,0.0,0.198,0.015,580.5,333.2,244.6,5418.65,0
ORD-100100,SUP-025,0.704,Middle East/Africa,Automotive Parts,Rail,2024-06-03,2024-06-12,2024-06-30,18,0.129,0.169,0.08,372.4,481.3,380.2,5806.83,1
ORD-100101,SUP-022,0.872,Europe,Automotive Parts,Sea,2024-06-16,2024-07-07,2024-07-07,0,0.591,0.0,0.029,431.9,351.6,308.5,8600.32,0
ORD-100102,SUP-037,0.757,Middle East/Africa,Machinery,Sea,2023-01-03,2023-01-24,2023-01-24,0,0.221,0.138,0.0,250.8,453.5,526.6,4244.93,0
ORD-100103,SUP-024,0.818,Europe,Machinery,Sea,2023-06-22,2023-07-15,2023-07-15,0,0.322,0.364,0.0,568.3,351.9,381.1,4097.55,0
ORD-100104,SUP-033,0.8,Europe,Textiles,Road,2024-05-27,2024-06-01,2024-06-02,1,0.095,0.478,0.064,447.6,481.4,564.3,12406.13,0
ORD-100105,SUP-010,0.898,Europe,Pharma,Road,2023-01-16,2023-01-20,2023-01-20,0,0.636,0.31,0.093,438.3,513.4,460.2,4620.69,0
ORD-100106,SUP-036,0.714,Europe,Textiles,Road,2024-08-01,2024-08-06,2024-08-06,0,0.632,0.131,0.077,553.2,318.3,337.1,4349.41,0
ORD-100107,SUP-028,0.644,Asia Pacific,Textiles,Sea,2024-09-15,2024-10-08,2024-10-08,0,0.239,0.435,0.145,497.9,462.2,383.8,5116.34,0
ORD-100108,SUP-007,0.877,Middle East/Africa,Automotive Parts,Sea,2024-05-19,2024-06-09,2024-06-09,0,0.403,0.319,0.0,544.0,287.2,307.3,4067.73,0
ORD-100109,SUP-004,0.652,Europe,Electronics,Sea,2023-12-26,2024-01-15,2024-01-30,15,0.502,0.0,0.298,714.4,289.5,313.4,4356.78,1
ORD-100110,SUP-016,0.842,Asia Pacific,FMCG,Sea,2023-07-05,2023-07-27,2023-08-01,5,0.272,0.41,0.261,402.9,442.9,401.2,2773.88,1
ORD-100111,SUP-022,0.872,Middle East/Africa,Machinery,Road,2023-06-13,2023-06-16,2023-06-30,14,0.363,0.195,0.077,632.5,440.7,428.7,6655.87,1
ORD-100112,SUP-019,0.75,Middle East/Africa,Pharma,Road,2023-04-30,2023-05-06,2023-05-06,0,0.484,0.1,0.058,678.2,514.4,573.5,2957.76,0
ORD-100113,SUP-012,0.612,Europe,Pharma,Road,2024-07-28,2024-08-02,2024-08-10,8,0.191,0.123,0.089,356.7,500.8,655.8,5680.21,1
ORD-100114,SUP-016,0.842,North America,FMCG,Air,2024-03-03,2024-03-05,2024-03-14,9,0.378,0.084,0.009,421.4,299.1,320.8,7625.74,1
ORD-100115,SUP-024,0.818,Europe,Machinery,Sea,2023-08-03,2023-08-24,2023-08-24,0,0.209,0.155,0.299,431.1,552.9,538.8,15777.28,0
ORD-100116,SUP-017,0.619,Middle East/Africa,Textiles,Rail,2024-09-18,2024-09-26,2024-10-01,5,0.0,0.152,0.0,398.7,339.2,364.9,11787.24,1
ORD-100117,SUP-036,0.714,Latin America,Electronics,Sea,2024-05-19,2024-06-08,2024-06-08,0,0.197,0.242,0.399,443.1,313.4,251.6,2675.14,0
ORD-100118,SUP-014,0.805,Asia Pacific,Textiles,Road,2023-09-27,2023-10-01,2023-10-14,13,0.256,0.263,0.086,577.0,418.9,465.3,3582.97,1
ORD-100119,SUP-014,0.805,Middle East/Africa,FMCG,Road,2023-06-18,2023-06-21,2023-07-04,13,0.296,0.155,0.03,259.0,543.5,629.1,13716.68,1
ORD-100120,SUP-016,0.842,Middle East/Africa,Machinery,Sea,2023-01-23,2023-02-14,2023-02-14,0,0.47,0.097,0.622,628.9,353.0,315.1,2509.27,0
ORD-100121,SUP-019,0.75,Europe,Textiles,Road,2024-01-24,2024-01-29,2024-01-29,0,0.278,0.415,0.064,459.3,352.6,373.2,2870.96,0
ORD-100122,SUP-027,0.793,North America,Electronics,Road,2023-09-18,2023-09-22,2023-09-22,0,0.114,0.089,0.047,302.0,423.6,292.2,5163.99,0
ORD-100123,SUP-038,0.957,North America,Machinery,Road,2024-06-17,2024-06-23,2024-06-23,0,0.008,0.154,0.08,387.2,507.6,715.6,5585.44,0
ORD-100124,SUP-024,0.818,Middle East/Africa,Pharma,Sea,2024-01-03,2024-01-25,2024-01-25,0,0.15,0.485,0.238,393.7,268.4,195.8,12317.72,0
ORD-100125,SUP-033,0.8,Middle East/Africa,Automotive Parts,Air,2024-06-09,2024-06-14,2024-06-14,0,0.462,0.28,0.004,443.5,519.1,602.9,3007.4,0
ORD-100126,SUP-040,0.607,Latin America,Electronics,Road,2023-02-21,2023-02-26,2023-03-08,10,0.195,0.426,0.065,621.3,486.6,490.7,2578.75,1
ORD-100127,SUP-029,0.765,Asia Pacific,Machinery,Road,2023-01-08,2023-01-12,2023-01-13,1,0.0,0.434,0.008,619.7,426.5,390.0,4018.9,0
ORD-100128,SUP-036,0.714,Asia Pacific,FMCG,Road,2023-07-16,2023-07-20,2023-07-20,0,0.018,0.27,0.038,828.6,284.6,269.3,3994.34,0
ORD-100129,SUP-024,0.818,Europe,Textiles,Road,2023-04-02,2023-04-08,2023-04-08,0,0.346,0.0,0.038,565.5,609.2,720.8,5351.42,0
ORD-100130,SUP-005,0.967,Asia Pacific,Pharma,Air,2023-09-03,2023-09-07,2023-09-07,0,0.0,0.0,0.031,493.9,308.6,310.7,1246.34,0
ORD-100131,SUP-006,0.63,Latin America,Automotive Parts,Sea,2024-09-21,2024-10-11,2024-10-12,1,0.085,0.249,0.777,229.2,388.1,348.7,2933.54,0
ORD-100132,SUP-021,0.656,Latin America,FMCG,Air,2023-12-23,2023-12-27,2023-12-27,0,0.411,0.244,0.1,322.5,488.9,462.7,2619.88,0
ORD-100133,SUP-024,0.818,Europe,Pharma,Road,2023-09-10,2023-09-16,2023-09-17,1,0.06,0.268,0.091,614.1,481.0,407.4,3271.1,0
ORD-100134,SUP-020,0.762,North America,Machinery,Road,2024-09-12,2024-09-17,2024-09-17,0,0.315,0.257,0.048,495.6,480.6,556.0,3437.86,0
ORD-100135,SUP-011,0.936,North America,Pharma,Rail,2024-07-07,2024-07-14,2024-07-21,7,0.575,0.0,0.06,243.1,603.7,638.3,2141.39,1
ORD-100136,SUP-008,0.711,Asia Pacific,Machinery,Road,2023-01-20,2023-01-25,2023-02-09,15,0.493,0.298,0.002,529.2,684.8,660.0,9771.58,1
ORD-100137,SUP-024,0.818,Asia Pacific,Machinery,Air,2023-01-06,2023-01-10,2023-01-10,0,0.194,0.181,0.063,446.5,471.7,481.9,2763.09,0
ORD-100138,SUP-004,0.652,Asia Pacific,Pharma,Rail,2024-02-09,2024-02-15,2024-02-28,13,0.495,0.205,0.03,591.3,450.1,395.0,1873.31,1
ORD-100139,SUP-034,0.576,Asia Pacific,Machinery,Road,2023-06-20,2023-06-24,2023-06-25,1,0.147,0.16,0.023,199.4,459.5,461.1,802.95,0
ORD-100140,SUP-010,0.898,Latin America,Machinery,Road,2024-03-12,2024-03-16,2024-03-17,1,0.337,0.0,0.03,467.4,512.9,379.1,2755.69,0
ORD-100141,SUP-015,0.574,North America,Electronics,Rail,2023-01-30,2023-02-08,2023-02-08,0,0.487,0.333,0.058,531.4,201.2,188.2,8226.43,0
ORD-100142,SUP-013,0.8,Asia Pacific,Electronics,Road,2024-08-22,2024-08-27,2024-08-27,0,0.33,0.24,0.049,412.6,638.3,511.1,5183.29,0
ORD-100143,SUP-030,0.76,North America,FMCG,Rail,2024-02-10,2024-02-16,2024-02-16,0,0.339,0.179,0.096,432.5,110.1,110.4,3623.21,0
ORD-100144,SUP-013,0.8,Europe,FMCG,Sea,2024-06-28,2024-07-21,2024-08-01,11,0.27,0.34,0.185,625.6,606.8,665.8,4453.07,1
ORD-100145,SUP-003,0.783,Latin America,Machinery,Rail,2023-09-10,2023-09-19,2023-09-19,0,0.793,0.051,0.009,517.0,412.7,444.6,3357.85,0
ORD-100146,SUP-013,0.8,Middle East/Africa,Machinery,Road,2023-01-13,2023-01-19,2023-01-19,0,0.128,0.379,0.091,637.1,336.2,407.4,3192.16,0
ORD-100147,SUP-028,0.644,Europe,Textiles,Road,2023-01-11,2023-01-16,2023-01-16,0,0.0,0.0,0.018,216.8,363.0,430.7,15543.54,0
ORD-100148,SUP-016,0.842,Asia Pacific,FMCG,Rail,2024-09-15,2024-09-23,2024-09-23,0,0.404,0.492,0.083,267.1,544.7,506.1,5377.39,0
ORD-100149,SUP-034,0.576,Latin America,FMCG,Sea,2023-10-31,2023-11-21,2023-11-30,9,0.33,0.204,0.288,260.9,605.0,727.4,8100.97,1
ORD-100150,SUP-025,0.704,Europe,Pharma,Rail,2023-04-05,2023-04-11,2023-04-11,0,0.35,0.336,0.016,509.1,584.7,630.1,3218.74,0
ORD-100151,SUP-026,0.782,North America,Automotive Parts,Road,2024-02-08,2024-02-13,2024-02-13,0,0.312,0.185,0.03,418.4,366.1,434.9,2242.74,0
ORD-100152,SUP-031,0.712,Asia Pacific,Machinery,Sea,2023-11-05,2023-11-25,2023-12-03,8,0.338,0.136,0.368,260.3,505.5,658.9,5038.32,1
ORD-100153,SUP-029,0.765,Asia Pacific,FMCG,Air,2024-09-06,2024-09-08,2024-09-08,0,0.51,0.152,0.077,341.4,360.0,440.3,6312.95,0
ORD-100154,SUP-009,0.768,Middle East/Africa,Automotive Parts,Sea,2023-08-30,2023-09-22,2023-09-26,4,0.426,0.01,0.111,337.4,506.3,560.6,3048.17,1
ORD-100155,SUP-009,0.768,Asia Pacific,Automotive Parts,Air,2023-01-29,2023-01-31,2023-01-31,0,0.368,0.539,0.009,453.9,245.4,229.9,3033.94,0
ORD-100156,SUP-001,0.823,North America,Machinery,Sea,2023-06-30,2023-07-20,2023-08-02,13,,0.453,0.145,210.0,652.7,743.3,4485.84,1
ORD-100157,SUP-005,0.967,Middle East/Africa,Machinery,Sea,2023-11-01,2023-11-23,2023-11-24,1,0.016,0.232,0.078,345.5,398.4,403.5,4603.69,0
ORD-100158,SUP-024,0.818,Asia Pacific,FMCG,Sea,2024-05-10,2024-06-02,2024-06-11,9,0.507,0.057,0.335,516.4,576.3,526.8,3668.96,1
ORD-100159,SUP-006,0.63,Middle East/Africa,Electronics,Air,2023-05-25,2023-05-28,2023-05-28,0,0.294,0.167,0.088,666.0,341.1,285.7,5663.49,0
ORD-100160,SUP-037,0.757,North America,Pharma,Road,2023-03-22,2023-03-28,2023-03-28,0,0.592,0.0,0.066,512.8,353.0,309.0,5235.33,0
ORD-100161,SUP-010,0.898,North America,Electronics,Rail,2023-07-09,2023-07-15,2023-07-21,6,0.334,0.041,0.078,372.9,514.7,510.9,5609.57,1
ORD-100162,SUP-017,0.619,Europe,Pharma,Road,2023-04-01,2023-04-05,2023-04-16,11,0.388,0.317,0.073,595.0,460.6,295.4,8180.11,1
ORD-100163,SUP-019,0.75,Asia Pacific,Textiles,Road,2024-05-25,2024-05-28,2024-06-19,22,0.288,0.268,0.023,633.6,519.0,558.0,5033.96,1
ORD-100164,SUP-013,0.8,Asia Pacific,Pharma,Road,2023-03-26,2023-03-30,2023-03-30,0,0.416,0.352,0.063,645.1,382.7,337.8,5224.51,0
ORD-100165,SUP-016,0.842,Latin America,Electronics,Rail,2023-07-04,2023-07-12,2023-07-12,0,0.227,0.008,0.093,651.4,427.7,335.9,3399.75,0
ORD-100166,SUP-022,0.872,Middle East/Africa,Pharma,Road,2023-08-28,2023-09-03,2023-09-03,0,0.188,0.251,0.078,571.0,610.3,607.8,2797.28,0
ORD-100167,SUP-028,0.644,North America,FMCG,Road,2024-01-08,2024-01-11,2024-01-11,0,0.078,0.0,0.026,487.5,276.0,237.9,6232.68,0
ORD-100168,SUP-039,0.777,Asia Pacific,FMCG,Air,2023-02-13,2023-02-15,2023-02-15,0,0.339,0.078,0.062,305.1,549.6,616.5,8566.7,0
ORD-100169,SUP-036,0.714,Asia Pacific,Textiles,Road,2023-04-22,2023-04-27,2023-04-27,0,0.257,0.242,0.059,657.1,590.4,570.0,1855.42,0
ORD-100170,SUP-001,0.823,Europe,Textiles,Sea,2024-01-31,2024-02-23,2024-02-28,5,0.127,0.179,0.313,528.4,257.3,240.4,12593.6,1
ORD-100171,SUP-020,0.762,Middle East/Africa,Electronics,Sea,2023-02-02,2023-02-25,2023-03-07,10,0.558,0.095,0.076,755.8,413.9,514.2,6523.73,1
ORD-100172,SUP-013,0.8,Asia Pacific,Automotive Parts,Rail,2023-06-12,2023-06-20,2023-06-20,0,0.147,0.206,0.037,523.1,542.0,402.3,7577.49,0
ORD-100173,SUP-021,0.656,Europe,FMCG,Sea,2024-02-13,2024-03-05,2024-03-05,0,0.0,0.0,0.358,527.6,392.5,288.1,3656.01,0
ORD-100174,SUP-001,0.823,Middle East/Africa,FMCG,Road,2023-04-29,2023-05-02,2023-05-03,1,0.589,0.328,0.083,643.7,613.1,591.1,3656.82,1
ORD-100175,SUP-032,0.702,Middle East/Africa,Textiles,Rail,2023-08-28,2023-09-04,2023-09-04,0,0.414,0.166,0.055,372.3,281.9,282.5,6323.68,0
ORD-100176,SUP-022,0.872,North America,FMCG,Rail,2023-09-21,2023-09-30,2023-10-07,7,0.421,0.044,0.012,611.6,567.1,645.2,3210.73,1
ORD-100177,SUP-036,0.714,Europe,Electronics,Road,2023-07-19,2023-07-24,2023-07-24,0,0.048,0.178,0.023,411.1,572.6,751.9,9429.1,0
ORD-100178,SUP-001,,Middle East/Africa,Automotive Parts,Road,2023-12-16,2023-12-19,2023-12-19,0,0.511,0.282,0.012,832.9,338.9,351.9,3700.74,0
ORD-100179,SUP-003,0.783,Europe,Electronics,Air,2024-05-11,2024-05-14,2024-05-14,0,0.043,0.593,0.063,333.2,318.4,358.5,4760.59,0
ORD-100180,SUP-007,0.877,Middle East/Africa,Pharma,Sea,2023-09-16,2023-10-08,2023-10-14,6,0.545,0.08,0.237,685.6,395.1,392.6,8642.25,1
ORD-100181,SUP-036,0.714,Latin America,Textiles,Rail,2023-02-17,2023-02-24,2023-02-24,0,0.359,0.201,0.023,387.4,438.8,485.1,2125.38,0
ORD-100182,SUP-011,0.936,Europe,Pharma,Air,2023-08-31,2023-09-03,2023-09-04,1,0.258,0.517,0.001,589.8,530.2,471.8,6303.05,0
ORD-100183,SUP-039,0.777,Europe,Textiles,Road,2024-03-05,2024-03-11,2024-03-12,1,0.14,0.426,0.066,327.6,256.8,238.0,3964.89,0
ORD-100184,SUP-037,0.757,Middle East/Africa,Machinery,Sea,2023-07-16,2023-08-05,2023-08-05,0,0.102,0.34,0.124,348.8,359.0,322.0,2850.78,0
ORD-100185,SUP-026,0.782,Europe,Machinery,Sea,2023-06-24,2023-07-15,2023-07-15,0,0.604,0.528,0.356,378.0,538.1,642.8,2271.51,0
ORD-100186,SUP-007,0.877,Europe,FMCG,Sea,2024-05-12,2024-06-03,2024-06-03,0,0.448,0.322,0.168,423.9,246.0,236.4,8848.97,0
ORD-100187,SUP-006,0.63,North America,Machinery,Sea,2023-07-28,2023-08-17,2023-08-19,2,0.371,0.485,0.105,535.1,404.1,440.0,2426.53,0
ORD-100188,SUP-016,0.842,Middle East/Africa,FMCG,Road,2023-01-15,2023-01-20,2023-01-20,0,0.241,0.365,0.001,464.6,386.6,400.5,2526.53,0
ORD-100189,SUP-035,0.443,Asia Pacific,FMCG,Sea,2024-01-11,2024-01-31,2024-02-08,8,0.339,0.11,0.427,675.5,478.0,401.2,12211.92,1
ORD-100190,SUP-005,0.967,Asia Pacific,FMCG,Air,2024-02-20,2024-02-22,2024-02-22,0,0.57,0.305,0.05,490.7,562.6,532.6,12900.66,0
ORD-100191,SUP-007,0.877,Latin America,Electronics,Road,2024-03-27,2024-03-31,2024-03-31,0,0.371,0.002,0.095,835.4,470.3,442.0,5687.05,0
ORD-100192,SUP-026,0.782,Middle East/Africa,FMCG,Rail,2024-06-17,2024-06-24,2024-06-29,5,0.444,0.223,0.059,614.8,394.1,385.2,2493.97,1
ORD-100193,SUP-027,0.793,Middle East/Africa,Electronics,Air,2023-01-20,2023-01-23,2023-01-23,0,0.425,0.33,0.062,741.1,407.5,354.7,4044.45,0
ORD-100194,SUP-011,0.936,Europe,Automotive Parts,Road,2023-04-18,2023-04-23,2023-04-23,0,0.431,0.0,0.01,465.4,419.3,404.1,3402.9,0
ORD-100195,SUP-008,0.711,Middle East/Africa,Machinery,Road,2024-06-13,2024-06-19,2024-06-19,0,0.51,0.405,0.006,329.2,521.4,477.8,1554.86,0
ORD-100196,SUP-028,0.644,Middle East/Africa,Machinery,Sea,2023-07-14,2023-08-06,2023-08-06,0,0.27,0.0,0.406,373.0,447.0,320.6,3356.54,0
ORD-100197,SUP-009,0.768,Middle East/Africa,Electronics,Rail,2024-03-03,2024-03-12,2024-03-12,0,0.084,0.288,0.004,526.1,325.3,326.1,15896.45,0
ORD-100198,SUP-038,0.957,Asia Pacific,Textiles,Road,2024-07-04,2024-07-08,2024-07-08,0,0.375,0.094,0.042,638.8,453.8,571.5,8969.55,0
ORD-100199,SUP-039,0.777,North America,FMCG,Sea,2023-04-01,2023-04-22,2023-04-23,1,0.257,0.234,0.244,676.0,551.7,535.4,10381.29,0
ORD-100200,SUP-032,0.702,Asia Pacific,Automotive Parts,Road,2023-02-25,2023-02-28,2023-02-28,0,0.188,0.278,0.034,744.3,466.2,349.6,11043.48,0
ORD-100201,SUP-020,0.762,Latin America,FMCG,Road,2023-06-19,2023-06-22,2023-06-22,0,0.632,0.093,0.049,460.7,337.6,303.8,12766.91,0
ORD-100202,SUP-016,0.842,Europe,Machinery,Road,2024-01-18,2024-01-23,2024-01-23,0,0.259,0.174,0.071,591.1,692.8,663.5,12340.21,0
ORD-100203,SUP-023,0.548,Latin America,Machinery,Rail,2023-10-08,2023-10-15,2023-10-15,0,0.264,0.083,0.034,604.0,633.8,615.5,15482.19,0
ORD-100204,SUP-033,0.8,Europe,FMCG,Sea,2024-06-18,2024-07-11,2024-07-19,8,0.473,0.104,0.217,730.1,466.5,417.4,5717.83,1
ORD-100205,SUP-028,0.644,Asia Pacific,Electronics,Sea,2023-05-04,2023-05-27,2023-05-30,3,0.366,0.28,0.057,352.9,569.0,657.6,3004.58,1
ORD-100206,SUP-040,0.607,North America,Textiles,Road,2023-08-27,2023-09-02,2023-09-02,0,0.05,0.128,0.024,435.4,328.0,374.3,2234.63,0
ORD-100207,SUP-019,0.75,Asia Pacific,FMCG,Road,2024-08-25,2024-08-28,2024-08-28,0,0.471,0.058,0.04,762.1,417.6,454.8,3578.19,0
ORD-100208,SUP-025,0.704,Latin America,Electronics,Sea,2023-04-21,2023-05-11,2023-05-19,8,0.089,0.0,0.304,213.2,441.8,351.1,2683.3,1
ORD-100209,SUP-023,0.548,Latin America,Pharma,Air,2024-06-09,2024-06-12,2024-06-12,0,0.679,0.233,0.041,599.7,460.9,448.4,4234.35,0
ORD-100210,SUP-038,0.957,Middle East/Africa,FMCG,Road,2024-01-16,2024-01-19,2024-01-19,0,0.477,0.427,0.086,565.2,411.3,453.1,1967.58,0
ORD-100211,SUP-030,0.76,North America,Automotive Parts,Road,2023-08-11,2023-08-16,2023-08-16,0,0.0,0.219,0.099,338.5,476.6,522.6,6323.77,0
ORD-100212,SUP-017,0.619,North America,Machinery,Road,2023-02-24,2023-02-27,2023-02-27,0,0.439,0.164,0.057,454.7,418.1,511.8,3308.41,0
ORD-100213,SUP-006,0.63,Middle East/Africa,Machinery,Road,2023-09-27,2023-10-01,2023-10-01,0,0.295,0.123,0.041,568.0,332.1,335.1,3216.55,0
ORD-100214,SUP-015,0.574,Asia Pacific,Pharma,Road,2024-03-19,2024-03-24,2024-03-30,6,0.443,0.0,0.04,560.5,501.3,383.9,3070.97,1
ORD-100215,SUP-014,0.805,Middle East/Africa,Machinery,Road,2023-04-11,2023-04-17,2023-04-18,1,0.32,0.0,0.071,457.3,374.2,424.4,3301.34,1
ORD-100216,SUP-016,0.842,Asia Pacific,Machinery,Sea,2023-12-07,2023-12-27,2023-12-27,0,0.202,0.402,0.44,479.7,480.5,453.7,1749.03,0
ORD-100217,SUP-010,0.898,Latin America,Machinery,Road,2023-01-26,2023-01-31,2023-01-31,0,0.372,0.281,0.07,624.6,315.7,280.7,2583.46,0
ORD-100218,SUP-022,0.872,Asia Pacific,FMCG,Air,2023-01-17,2023-01-22,2023-01-22,0,0.265,0.173,0.043,295.4,334.4,303.1,3742.46,0
ORD-100219,SUP-025,0.704,Europe,Machinery,Sea,2024-03-17,2024-04-07,2024-04-07,0,0.368,0.357,0.581,427.5,376.5,404.3,4611.31,0
ORD-100220,SUP-011,0.936,North America,Pharma,Road,2023-01-19,2023-01-23,2023-01-23,0,0.08,0.078,0.07,643.7,214.0,292.0,2532.21,0
ORD-100221,SUP-040,0.607,Latin America,Textiles,Road,2023-04-15,2023-04-20,2023-04-21,1,0.158,0.093,0.082,202.2,376.8,415.1,3924.94,1
ORD-100222,SUP-036,0.714,Latin America,Pharma,Road,2023-05-14,2023-05-17,2023-05-24,7,0.179,0.268,0.015,379.0,288.5,362.0,3829.23,1
ORD-100223,SUP-013,0.8,Asia Pacific,Machinery,Air,2023-08-09,2023-08-14,2023-08-14,0,0.237,0.292,0.023,280.0,389.8,446.9,9990.72,0
ORD-100224,SUP-020,0.762,Asia Pacific,FMCG,Road,2023-01-23,2023-01-29,2023-02-10,12,0.479,0.474,0.087,458.0,230.9,185.4,1587.81,1
ORD-100225,SUP-039,0.777,Middle East/Africa,Pharma,Road,2023-03-24,2023-03-27,2023-03-28,1,0.11,0.098,0.077,587.9,402.5,375.1,12258.11,0
ORD-100226,SUP-016,0.842,Europe,Textiles,Road,2023-08-30,2023-09-05,2023-09-14,9,0.153,0.308,0.069,592.8,292.0,256.6,2716.98,1
ORD-100227,SUP-027,0.793,North America,Automotive Parts,Road,2024-01-16,2024-01-22,2024-01-22,0,0.216,0.0,0.001,472.2,411.4,416.1,5506.52,0
ORD-100228,SUP-027,0.793,Europe,Electronics,Air,2023-02-02,2023-02-07,2023-02-20,13,0.066,0.248,0.002,607.5,197.2,208.3,7488.51,1
ORD-100229,SUP-025,0.704,North America,FMCG,Sea,2024-08-28,2024-09-19,2024-09-19,0,0.468,0.079,0.09,443.7,382.3,378.2,4674.9,0
ORD-100230,SUP-005,,Middle East/Africa,Pharma,Road,2024-04-11,2024-04-16,2024-04-16,0,0.0,0.295,0.001,450.9,520.1,371.5,3554.07,0
ORD-100231,SUP-001,0.823,Latin America,Textiles,Road,2023-04-24,2023-04-29,2023-04-29,0,0.031,0.19,0.009,549.2,214.5,201.8,5783.91,0
ORD-100232,SUP-033,0.8,Asia Pacific,Textiles,Road,2024-01-06,2024-01-12,2024-01-12,0,0.511,0.0,0.08,570.7,464.1,452.2,11693.96,0
ORD-100233,SUP-019,0.75,Latin America,Automotive Parts,Rail,2023-06-30,2023-07-08,2023-07-08,0,0.292,0.368,0.009,848.0,591.7,793.9,4907.69,0
ORD-100234,SUP-006,0.63,Latin America,Machinery,Sea,2023-04-09,2023-05-01,2023-05-11,10,0.182,0.252,0.507,379.7,613.9,566.1,14440.85,1
ORD-100235,SUP-037,0.757,Middle East/Africa,Electronics,Air,2024-06-17,2024-06-20,2024-06-20,0,0.545,0.024,0.04,457.3,640.9,706.1,2731.79,0
ORD-100236,SUP-026,0.782,North America,Machinery,Rail,2023-02-19,2023-02-26,2023-02-26,0,0.392,0.053,0.1,190.3,367.7,316.5,2179.24,0
ORD-100237,SUP-038,0.957,North America,Automotive Parts,Sea,2023-03-28,2023-04-17,2023-04-20,3,0.285,0.021,0.54,771.1,248.1,210.0,18016.33,1
ORD-100238,SUP-009,0.768,Middle East/Africa,Pharma,Road,2023-06-12,2023-06-18,2023-06-23,5,0.538,0.078,0.057,511.7,425.5,476.8,3121.93,1
ORD-100239,SUP-026,0.782,North America,Textiles,Road,2023-07-21,2023-07-25,2023-07-25,0,0.335,0.364,0.078,565.0,473.5,466.4,5497.55,0
ORD-100240,SUP-033,0.8,Europe,FMCG,Sea,2024-01-31,2024-02-22,2024-03-06,13,0.395,0.112,0.419,473.8,321.6,260.6,5567.39,1
ORD-100241,SUP-037,0.757,Europe,Electronics,Sea,2023-05-07,2023-05-29,2023-05-29,0,0.365,0.381,0.478,416.1,602.3,621.5,6723.41,0
ORD-100242,SUP-014,0.805,Latin America,Textiles,Road,2023-11-03,2023-11-07,2023-11-11,4,0.28,0.41,0.052,583.1,533.4,442.1,3690.11,1
ORD-100243,SUP-006,0.63,Latin America,Machinery,Rail,2023-11-06,2023-11-15,2023-11-15,0,0.049,0.076,0.047,406.7,576.7,814.6,7079.93,0
ORD-100244,SUP-022,0.872,North America,FMCG,Rail,2023-07-31,2023-08-09,2023-08-09,0,0.405,0.127,0.008,623.1,439.0,433.7,5952.08,0
ORD-100245,SUP-018,0.727,Middle East/Africa,Pharma,Rail,2023-02-19,2023-02-28,2023-03-07,7,0.326,0.372,0.041,390.7,564.3,719.3,2305.72,1
ORD-100246,SUP-010,0.898,Middle East/Africa,Automotive Parts,Road,2024-05-15,2024-05-18,2024-05-18,0,0.401,0.065,0.078,303.2,455.4,458.9,3434.22,0
ORD-100247,SUP-028,0.644,Latin America,Textiles,Rail,2024-06-16,2024-06-24,2024-06-24,0,0.516,0.117,0.068,811.7,586.6,760.0,6668.43,0
ORD-100248,SUP-026,0.782,Middle East/Africa,Electronics,Road,2023-08-15,2023-08-20,2023-08-20,0,,0.17,0.042,810.2,587.1,434.5,17283.47,0
ORD-100249,SUP-018,0.727,Asia Pacific,Pharma,Road,2024-05-14,2024-05-20,2024-05-20,0,0.619,0.044,0.074,684.0,294.1,277.6,6999.61,0
ORD-100250,SUP-028,0.644,North America,Textiles,Rail,2023-07-04,2023-07-11,2023-07-19,8,0.248,0.325,0.024,474.0,417.5,379.2,2882.26,1
ORD-100251,SUP-035,,North America,Textiles,Road,2023-11-13,2023-11-17,2023-11-17,0,0.234,0.34,0.06,527.7,414.3,495.8,3486.6,0
ORD-100252,SUP-040,0.607,Europe,Automotive Parts,Road,2024-01-16,2024-01-19,2024-01-19,0,0.142,0.488,0.008,316.6,271.3,275.1,9330.35,0
ORD-100253,SUP-004,0.652,North America,Pharma,Rail,2024-03-28,2024-04-03,2024-04-09,6,0.421,0.485,0.068,613.1,333.2,383.5,16812.66,1
ORD-100254,SUP-010,0.898,Latin America,Electronics,Sea,2023-07-20,2023-08-12,2023-09-04,23,0.3,0.227,0.377,268.9,282.7,263.9,2620.99,1
ORD-100255,SUP-003,0.783,Europe,Pharma,Road,2024-02-17,2024-02-23,2024-02-24,1,0.051,0.45,0.001,623.2,455.5,487.2,3145.74,0
ORD-100256,SUP-014,0.805,North America,Pharma,Air,2023-08-30,2023-09-03,2023-09-03,0,0.331,0.217,0.027,446.1,750.5,838.3,8346.43,0
ORD-100257,SUP-006,0.63,Europe,Machinery,Sea,2023-08-01,2023-08-21,2023-08-26,5,0.072,0.308,0.09,341.0,448.3,439.5,3883.43,1
ORD-100258,SUP-022,0.872,Asia Pacific,Electronics,Air,2024-01-18,2024-01-23,2024-02-06,14,0.438,0.029,0.087,623.0,425.6,540.9,2193.41,1
ORD-100259,SUP-036,0.714,Middle East/Africa,Electronics,Road,2023-11-02,2023-11-08,2023-11-08,0,0.342,0.257,0.071,556.7,596.2,690.7,4304.58,0
ORD-100260,SUP-014,0.805,Europe,Machinery,Road,2024-07-05,2024-07-10,2024-07-16,6,0.114,0.063,0.094,374.5,569.6,507.2,4738.37,1
ORD-100261,SUP-014,0.805,North America,FMCG,Rail,2023-10-10,2023-10-16,2023-10-17,1,0.344,0.099,0.04,480.6,135.7,107.3,10350.97,0
ORD-100262,SUP-037,0.757,Europe,Automotive Parts,Sea,2023-03-29,2023-04-21,2023-04-21,0,0.23,0.329,0.084,197.2,467.4,523.0,3846.11,0
ORD-100263,SUP-009,0.768,Asia Pacific,Textiles,Rail,2023-06-30,2023-07-07,2023-07-08,1,0.33,0.157,0.093,350.7,428.2,288.4,7978.27,0
ORD-100264,SUP-036,0.714,Latin America,Machinery,Road,2023-05-29,2023-06-02,2023-06-02,0,0.551,0.133,0.034,785.7,377.4,441.8,4849.51,0
ORD-100265,SUP-018,0.727,Europe,Machinery,Road,2023-12-11,2023-12-15,2023-12-17,2,0.505,0.157,0.027,670.8,463.2,484.8,5409.14,1
ORD-100266,SUP-035,0.443,Middle East/Africa,Machinery,Air,2024-06-01,2024-06-05,2024-06-10,5,0.156,0.153,0.095,477.5,410.8,346.6,5844.05,1
ORD-100267,SUP-019,0.75,North America,Textiles,Road,2024-05-01,2024-05-04,2024-05-04,0,0.336,0.395,0.008,469.6,476.4,588.6,5581.74,0
ORD-100268,SUP-007,0.877,Latin America,Automotive Parts,Road,2023-09-09,2023-09-13,2023-09-13,0,0.727,0.01,0.07,464.7,286.6,307.2,6023.55,0
ORD-100269,SUP-006,0.63,Asia Pacific,Automotive Parts,Road,2023-04-30,2023-05-05,2023-05-06,1,0.273,0.262,0.004,440.3,307.9,289.4,3500.61,0
ORD-100270,SUP-026,0.782,Asia Pacific,Pharma,Road,2023-04-04,2023-04-07,2023-04-07,0,0.633,0.232,0.083,570.7,476.2,493.9,7356.8,0
ORD-100271,SUP-026,0.782,Europe,Machinery,Sea,2023-09-02,2023-09-22,2023-09-22,0,0.392,0.189,0.407,788.2,466.6,515.0,4547.26,0
ORD-100272,SUP-002,0.788,Latin America,Automotive Parts,Sea,2023-08-08,2023-08-30,2023-09-07,8,0.023,0.092,0.22,666.9,478.6,418.4,2112.81,1
ORD-100273,SUP-033,0.8,North America,FMCG,Sea,2023-09-12,2023-10-05,2023-10-05,0,0.226,0.091,0.314,748.0,466.8,536.5,4239.73,0
ORD-100274,SUP-009,0.768,North America,FMCG,Road,2024-09-01,2024-09-07,2024-09-13,6,0.419,0.451,0.005,764.0,449.0,315.0,2549.5,1
ORD-100275,SUP-018,0.727,Middle East/Africa,Pharma,Road,2024-08-05,2024-08-08,2024-08-09,1,0.476,0.11,0.031,237.5,553.9,608.5,3498.4,0
ORD-100276,SUP-001,0.823,North America,Electronics,Road,2024-03-07,2024-03-11,2024-03-11,0,0.311,0.045,0.062,860.1,702.3,675.3,3712.52,0
ORD-100277,SUP-020,0.762,Asia Pacific,Textiles,Rail,2023-09-11,2023-09-18,2023-09-20,2,0.297,0.067,0.09,111.7,672.7,695.3,8744.52,1
ORD-100278,SUP-002,0.788,Latin America,Textiles,Sea,2024-01-20,2024-02-12,2024-02-12,0,0.392,0.318,0.339,241.3,361.3,362.7,9420.63,0
ORD-100279,SUP-040,0.607,Asia Pacific,Machinery,Road,2024-06-28,2024-07-01,2024-07-01,0,0.408,0.264,0.018,318.8,419.8,439.6,3405.57,0
ORD-100280,SUP-021,0.656,Middle East/Africa,Electronics,Rail,2024-07-03,2024-07-12,2024-07-12,0,0.124,0.362,0.027,357.8,522.7,528.2,4421.29,0
ORD-100281,SUP-031,0.712,Asia Pacific,Electronics,Rail,2024-01-20,2024-01-26,2024-02-01,6,0.507,0.352,0.09,350.1,476.4,502.5,1428.12,1
ORD-100282,SUP-012,0.612,North America,Automotive Parts,Rail,2023-08-03,2023-08-09,2023-08-09,0,0.463,0.289,0.026,416.7,609.7,716.3,5867.93,0
ORD-100283,SUP-030,0.76,Latin America,Electronics,Road,2024-04-16,2024-04-20,2024-04-20,0,0.218,0.322,0.085,410.3,470.3,553.6,2982.7,0
ORD-100284,SUP-039,0.777,North America,Pharma,Sea,2024-04-25,2024-05-18,2024-05-18,0,0.202,0.295,0.255,289.2,331.8,341.7,3595.66,0
ORD-100285,SUP-034,0.576,Latin America,Pharma,Sea,2023-08-10,2023-08-31,2023-09-01,1,0.0,0.015,0.026,458.6,352.1,363.6,7952.78,0
ORD-100286,SUP-004,0.652,Europe,Pharma,Sea,2023-07-05,2023-07-26,2023-07-26,0,0.138,0.344,0.353,466.8,447.3,401.1,3095.7,0
ORD-100287,SUP-026,0.782,Asia Pacific,Automotive Parts,Rail,2023-03-05,2023-03-13,2023-03-13,0,0.054,0.234,0.086,750.6,578.0,550.1,3724.13,0
ORD-100288,SUP-013,0.8,Middle East/Africa,Pharma,Sea,2024-02-04,2024-02-24,2024-02-24,0,0.382,0.331,0.157,807.4,415.7,315.2,2632.92,0
ORD-100289,SUP-004,0.652,Asia Pacific,Textiles,Rail,2023-01-26,2023-02-01,2023-02-01,0,0.0,0.151,0.044,440.5,506.2,495.9,6389.04,0
ORD-100290,SUP-025,0.704,Latin America,Textiles,Road,2023-07-13,2023-07-16,2023-07-16,0,0.316,0.071,0.091,670.9,403.5,337.0,2365.56,0
ORD-100291,SUP-008,0.711,Middle East/Africa,Pharma,Road,2024-05-25,2024-05-29,2024-05-29,0,0.127,0.0,0.024,349.1,244.9,268.8,7316.3,0
ORD-100292,SUP-034,0.576,North America,Machinery,Road,2024-01-25,2024-01-28,2024-02-18,21,0.139,0.05,0.092,386.2,333.6,406.5,7928.26,1
ORD-100293,SUP-038,0.957,Latin America,Electronics,Road,2024-01-10,2024-01-15,2024-01-16,1,0.244,0.215,0.037,491.6,490.6,556.1,6131.8,0
ORD-100294,SUP-015,0.574,Asia Pacific,Textiles,Air,2023-07-08,2023-07-11,2023-07-11,0,0.147,0.195,0.055,648.5,423.9,457.4,5257.4,0
ORD-100295,SUP-037,0.757,Middle East/Africa,Pharma,Road,2023-05-04,2023-05-08,2023-05-10,2,0.666,0.217,0.097,470.6,369.5,259.7,4029.8,1
ORD-100296,SUP-021,0.656,North America,Textiles,Air,2024-02-11,2024-02-14,2024-02-14,0,0.204,0.254,0.047,303.7,682.1,665.8,3649.97,0
ORD-100297,SUP-006,0.63,North America,Electronics,Sea,2023-11-08,2023-12-01,2023-12-05,4,0.0,0.286,0.299,336.5,331.7,283.5,6610.66,1
ORD-100298,SUP-020,,Latin America,Textiles,Road,2023-07-14,2023-07-19,2023-07-19,0,0.0,0.084,0.026,730.7,586.5,534.5,15876.23,0
ORD-100299,SUP-020,0.762,North America,Electronics,Road,2023-12-08,2023-12-12,2023-12-25,13,0.549,0.364,0.1,635.5,488.9,356.6,4898.4,1
ORD-100300,SUP-024,0.818,Middle East/Africa,Electronics,Road,2023-03-08,2023-03-11,2023-03-11,0,0.536,0.241,0.061,501.3,604.4,549.1,11626.62,0
ORD-100301,SUP-024,0.818,Latin America,FMCG,Rail,2024-05-24,2024-05-30,2024-05-30,0,0.231,0.112,0.022,604.8,244.0,245.1,9369.42,0
ORD-100302,SUP-039,0.777,North America,FMCG,Road,2023-10-16,2023-10-21,2023-10-21,0,0.342,0.075,0.009,713.7,178.6,154.5,7752.02,0
ORD-100303,SUP-020,0.762,North America,Textiles,Road,2023-12-03,2023-12-07,2023-12-08,1,0.242,0.114,0.023,447.1,499.5,454.4,18518.67,0
ORD-100304,SUP-017,0.619,Latin America,Machinery,Road,2024-06-27,2024-07-02,2024-07-07,5,0.371,0.239,0.006,408.5,631.1,688.4,2017.4,1
ORD-100305,SUP-022,0.872,Europe,Pharma,Road,2023-05-08,2023-05-14,2023-05-14,0,0.258,0.093,0.088,377.8,480.7,445.5,4928.06,0
ORD-100306,SUP-021,0.656,Latin America,Pharma,Road,2023-10-12,2023-10-15,2023-10-15,0,0.251,0.17,0.027,430.3,634.0,637.1,2498.64,0
ORD-100307,SUP-035,0.443,North America,Electronics,Air,2024-05-12,2024-05-15,2024-05-15,0,0.526,0.383,0.077,338.5,562.4,512.7,7396.91,0
ORD-100308,SUP-012,0.612,Middle East/Africa,Automotive Parts,Road,2024-04-26,2024-05-02,2024-05-23,21,0.069,0.22,0.072,243.7,472.1,381.5,6269.37,1
ORD-100309,SUP-032,0.702,Latin America,Electronics,Road,2023-10-13,2023-10-19,2023-10-19,0,0.262,0.261,0.011,607.4,527.9,574.0,5802.01,0
ORD-100310,SUP-033,0.8,Europe,FMCG,Road,2024-02-13,2024-02-16,2024-02-16,0,0.539,0.2,0.03,667.4,393.6,297.6,16948.73,0
ORD-100311,SUP-016,0.842,Asia Pacific,FMCG,Rail,2024-07-09,2024-07-15,2024-07-22,7,0.36,0.316,0.032,695.8,295.4,320.1,6487.59,1
ORD-100312,SUP-019,0.75,North America,FMCG,Sea,2023-04-20,2023-05-12,2023-05-19,7,,0.248,0.217,614.5,511.4,613.4,8169.22,1
ORD-100313,SUP-002,0.788,Europe,Machinery,Sea,2023-10-21,2023-11-10,2023-11-10,0,0.277,0.371,0.111,270.5,425.9,460.1,2591.54,0
ORD-100314,SUP-026,0.782,Middle East/Africa,Machinery,Sea,2023-03-07,2023-03-30,2023-03-30,0,0.52,0.35,0.303,481.1,566.1,497.9,7461.55,0
ORD-100315,SUP-038,0.957,North America,Pharma,Road,2023-10-13,2023-10-18,2023-10-23,5,0.257,0.377,0.034,368.3,462.0,495.3,3672.69,1
ORD-100316,SUP-023,0.548,North America,FMCG,Road,2023-02-01,2023-02-05,2023-02-05,0,0.0,0.251,0.099,490.6,508.9,562.8,5954.13,0
ORD-100317,SUP-036,0.714,North America,Pharma,Sea,2023-07-15,2023-08-04,2023-08-14,10,0.071,0.27,0.623,686.5,534.9,613.4,5539.68,1
ORD-100318,SUP-030,0.76,North America,Pharma,Sea,2023-04-23,2023-05-14,2023-05-14,0,0.284,0.125,0.277,448.8,448.6,403.3,4149.27,0
ORD-100319,SUP-015,0.574,North America,Automotive Parts,Rail,2024-04-28,2024-05-06,2024-05-06,0,0.0,0.156,0.088,573.3,298.1,309.2,2150.65,0
ORD-100320,SUP-035,0.443,Latin America,Electronics,Rail,2023-11-26,2023-12-04,2023-12-05,1,0.217,0.252,0.013,328.5,515.0,619.0,9765.16,0
ORD-100321,SUP-039,0.777,Middle East/Africa,Machinery,Road,2023-10-03,2023-10-09,2023-10-17,8,0.544,0.238,0.099,575.1,344.6,383.0,5178.04,1
ORD-100322,SUP-012,0.612,Middle East/Africa,Machinery,Road,2023-07-18,2023-07-21,2023-07-26,5,0.277,0.063,0.094,428.2,725.2,684.7,2689.69,1
ORD-100323,SUP-029,0.765,Middle East/Africa,Textiles,Rail,2023-04-04,2023-04-13,2023-04-24,11,0.464,0.224,0.018,477.1,360.0,300.0,10648.5,1
ORD-100324,SUP-009,0.768,Europe,Electronics,Road,2023-03-06,2023-03-12,2023-03-12,0,0.17,0.293,0.026,469.9,352.5,377.6,2843.02,0
ORD-100325,SUP-031,0.712,Latin America,Automotive Parts,Road,2023-07-15,2023-07-18,2023-07-18,0,0.655,0.131,0.073,431.1,320.4,290.9,4944.4,0
ORD-100326,SUP-026,0.782,North America,Machinery,Sea,2023-08-09,2023-09-01,2023-09-01,0,0.485,0.234,0.596,278.4,310.3,395.6,5118.94,0
ORD-100327,SUP-009,0.768,Asia Pacific,Textiles,Sea,2024-03-01,2024-03-23,2024-03-23,0,0.0,0.115,0.333,324.3,722.9,696.9,13845.78,0
ORD-100328,SUP-019,0.75,North America,Automotive Parts,Road,2023-08-14,2023-08-18,2023-08-18,0,0.519,0.264,0.042,590.0,402.6,366.5,2363.28,0
ORD-100329,SUP-016,0.842,Middle East/Africa,Electronics,Rail,2023-11-07,2023-11-14,2023-11-14,0,0.441,0.14,0.09,619.1,626.0,690.7,4848.64,0
ORD-100330,SUP-014,0.805,Asia Pacific,Automotive Parts,Air,2023-10-21,2023-10-24,2023-10-24,0,0.162,0.303,0.016,607.8,431.1,389.6,8730.11,0
ORD-100331,SUP-019,0.75,Asia Pacific,Automotive Parts,Air,2023-04-22,2023-04-24,2023-04-24,0,0.394,0.197,0.0,368.6,427.0,398.3,1990.73,0
ORD-100332,SUP-011,0.936,Europe,Machinery,Sea,2024-02-11,2024-03-04,2024-03-04,0,0.011,0.128,0.233,536.5,564.2,608.7,3676.1,0
ORD-100333,SUP-003,0.783,Europe,Automotive Parts,Road,2024-05-07,2024-05-10,2024-05-11,1,0.325,0.21,0.004,329.2,478.5,437.0,3533.45,0
ORD-100334,SUP-022,0.872,Middle East/Africa,Electronics,Air,2023-04-28,2023-05-02,2023-05-12,10,0.422,0.219,0.058,323.4,536.7,545.7,4681.85,1
ORD-100335,SUP-038,0.957,Latin America,Automotive Parts,Road,2024-05-04,2024-05-08,2024-05-08,0,0.0,0.022,0.065,492.5,466.2,457.9,3057.86,0
ORD-100336,SUP-022,0.872,Middle East/Africa,Electronics,Sea,2024-06-07,2024-06-27,2024-06-27,0,0.307,0.294,0.33,808.8,480.5,438.3,5477.83,0
ORD-100337,SUP-009,0.768,Europe,Automotive Parts,Rail,2023-08-16,2023-08-23,2023-08-23,0,0.182,0.243,0.027,666.1,359.1,333.8,4550.63,0
ORD-100338,SUP-029,0.765,Middle East/Africa,Machinery,Rail,2023-02-20,2023-02-26,2023-02-27,1,0.305,0.311,0.095,152.0,543.9,541.9,4816.2,0
ORD-100339,SUP-039,0.777,Europe,Electronics,Road,2023-11-11,2023-11-14,2023-11-26,12,0.427,0.559,0.056,532.9,412.7,400.3,6133.21,1
ORD-100340,SUP-012,0.612,Asia Pacific,Electronics,Sea,2023-07-30,2023-08-22,2023-08-22,0,0.128,0.078,0.567,461.4,529.5,455.6,7737.96,0
ORD-100341,SUP-006,0.63,Middle East/Africa,Automotive Parts,Rail,2023-10-24,2023-10-30,2023-11-01,2,0.0,0.246,0.035,462.8,337.2,395.8,7391.82,1
ORD-100342,SUP-018,0.727,Europe,FMCG,Sea,2024-02-26,2024-03-20,2024-03-20,0,0.26,0.0,0.277,461.0,345.7,351.5,6028.64,0
ORD-100343,SUP-015,0.574,Asia Pacific,FMCG,Road,2024-07-17,2024-07-22,2024-07-31,9,0.26,0.068,0.093,675.0,513.7,345.9,6221.57,1
ORD-100344,SUP-014,0.805,Europe,Pharma,Air,2023-04-22,2023-04-27,2023-04-27,0,0.173,0.209,0.006,630.6,563.9,574.9,2988.87,0
ORD-100345,SUP-013,0.8,Middle East/Africa,Textiles,Road,2023-10-16,2023-10-19,2023-11-01,13,0.193,0.223,0.084,961.5,613.2,498.7,1790.04,1
ORD-100346,SUP-007,0.877,Latin America,Machinery,Road,2024-05-28,2024-06-01,2024-06-01,0,0.157,0.163,0.026,508.0,566.6,640.2,4423.37,0
ORD-100347,SUP-028,0.644,Europe,Machinery,Road,2023-09-14,2023-09-19,2023-09-25,6,0.33,0.0,0.057,324.1,241.8,225.0,3444.38,1
ORD-100348,SUP-038,0.957,Latin America,FMCG,Rail,2023-04-22,2023-04-29,2023-04-29,0,0.097,0.0,0.039,332.5,528.1,585.5,4088.44,0
ORD-100349,SUP-025,0.704,Latin America,Machinery,Road,2023-10-24,2023-10-29,2023-10-29,0,0.105,0.019,0.012,435.3,437.5,453.5,9096.87,0
ORD-100350,SUP-022,0.872,Asia Pacific,FMCG,Air,2024-06-23,2024-06-26,2024-06-26,0,0.444,0.157,0.094,679.7,599.4,710.4,10740.65,0
ORD-100351,SUP-033,0.8,Latin America,FMCG,Rail,2024-05-02,2024-05-10,2024-05-11,1,0.099,0.0,0.014,512.7,336.5,323.9,2376.99,0
ORD-100352,SUP-024,0.818,Europe,Machinery,Road,2024-03-26,2024-03-31,2024-03-31,0,0.606,0.188,0.038,189.2,335.8,357.9,1296.92,0
ORD-100353,SUP-016,0.842,Middle East/Africa,Electronics,Road,2023-05-05,2023-05-08,2023-05-12,4,0.672,0.346,0.003,528.9,737.1,505.0,1161.27,1
ORD-100354,SUP-025,0.704,Asia Pacific,Machinery,Rail,2023-11-22,2023-11-29,2023-11-29,0,0.593,0.128,0.09,390.7,486.5,568.6,5460.8,0
ORD-100355,SUP-029,0.765,Asia Pacific,Electronics,Road,2024-10-01,2024-10-06,2024-10-08,2,0.189,0.203,0.057,184.3,695.1,711.3,4332.1,1
ORD-100356,SUP-029,0.765,Europe,Textiles,Sea,2024-02-09,2024-03-03,2024-04-01,29,0.558,0.202,0.003,688.2,537.7,581.1,18234.25,1
ORD-100357,SUP-003,0.783,Middle East/Africa,FMCG,Sea,2023-10-01,2023-10-24,2023-10-24,0,0.163,0.426,0.146,497.8,233.8,210.5,6067.48,0
ORD-100358,SUP-029,0.765,Europe,Textiles,Air,2024-02-27,2024-03-03,2024-03-03,0,0.057,0.032,0.051,641.0,403.3,326.4,4346.27,0
ORD-100359,SUP-018,0.727,Europe,Textiles,Rail,2023-02-07,2023-02-14,2023-02-14,0,0.122,0.229,0.073,695.5,388.0,310.0,1800.7,0
ORD-100360,SUP-028,0.644,Asia Pacific,Textiles,Rail,2023-03-15,2023-03-23,2023-03-23,0,0.377,0.303,0.071,617.3,301.8,283.7,15957.4,0
ORD-100361,SUP-034,0.576,Europe,Automotive Parts,Road,2023-07-24,2023-07-28,2023-07-28,0,0.172,0.222,0.072,610.7,321.1,412.5,3062.44,0
ORD-100362,SUP-036,0.714,Europe,Pharma,Rail,2024-09-12,2024-09-19,2024-09-28,9,0.55,0.311,0.062,744.6,481.4,539.0,4685.04,1
ORD-100363,SUP-018,0.727,Latin America,Pharma,Road,2024-04-02,2024-04-08,2024-04-18,10,0.334,0.146,0.024,340.5,197.7,191.5,5000.56,1
ORD-100364,SUP-007,0.877,Europe,Pharma,Road,2024-02-26,2024-03-03,2024-03-03,0,0.33,0.215,0.085,449.4,466.5,503.0,5065.14,0
ORD-100365,SUP-013,0.8,Europe,Electronics,Road,2023-05-25,2023-05-30,2023-05-30,0,0.414,0.195,0.068,537.9,503.7,478.1,6778.49,0
ORD-100366,SUP-011,0.936,Middle East/Africa,Automotive Parts,Road,2023-06-10,2023-06-14,2023-06-14,0,0.155,0.2,0.071,548.1,460.1,326.6,7760.16,0
ORD-100367,SUP-010,0.898,Latin America,Pharma,Road,2023-11-30,2023-12-06,2023-12-07,1,0.094,0.069,0.003,566.0,240.0,248.4,2835.84,0
ORD-100368,SUP-004,0.652,Latin America,Machinery,Sea,2023-12-25,2024-01-14,2024-01-14,0,0.545,0.082,0.0,805.1,503.1,422.4,17557.13,0
ORD-100369,SUP-002,0.788,Latin America,Automotive Parts,Sea,2023-09-20,2023-10-12,2023-10-12,0,0.308,0.053,0.451,389.1,295.7,320.0,3916.4,0
ORD-100370,SUP-014,0.805,Latin America,Textiles,Sea,2024-07-31,2024-08-23,2024-08-23,0,0.776,0.324,0.482,424.1,326.9,330.0,7754.38,0
ORD-100371,SUP-037,0.757,North America,Machinery,Rail,2024-02-29,2024-03-06,2024-03-06,0,0.221,0.205,0.073,150.6,423.0,364.1,6414.03,0
ORD-100372,SUP-011,0.936,Latin America,Automotive Parts,Sea,2023-10-08,2023-10-31,2023-10-31,0,0.205,0.26,0.076,831.9,497.0,547.4,2964.73,0
ORD-100373,SUP-038,0.957,Asia Pacific,Pharma,Rail,2024-07-26,2024-08-03,2024-08-03,0,0.0,0.197,0.072,297.7,413.0,287.0,22802.8,0
ORD-100374,SUP-007,0.877,Europe,FMCG,Road,2024-01-02,2024-01-05,2024-01-05,0,0.211,0.383,0.08,431.2,425.0,414.7,2214.7,0
ORD-100375,SUP-036,0.714,Middle East/Africa,Pharma,Road,2023-03-26,2023-03-29,2023-03-29,0,0.404,0.561,0.087,552.8,512.9,513.9,3070.21,0
ORD-100376,SUP-029,0.765,Asia Pacific,Pharma,Road,2024-05-20,2024-05-24,2024-05-25,1,0.0,0.104,0.028,770.7,432.5,513.4,4128.04,0
ORD-100377,SUP-001,0.823,North America,Textiles,Rail,2024-02-28,2024-03-08,2024-03-08,0,0.295,0.0,0.044,435.4,410.6,348.3,5608.56,0
ORD-100378,SUP-039,0.777,Asia Pacific,Machinery,Road,2024-01-17,2024-01-21,2024-01-27,6,,0.224,0.047,329.3,417.0,495.1,8802.89,1
ORD-100379,SUP-019,0.75,North America,Textiles,Rail,2024-06-30,2024-07-07,2024-07-07,0,0.0,0.095,0.056,419.2,419.4,435.5,2736.0,0
ORD-100380,SUP-006,0.63,Middle East/Africa,Automotive Parts,Sea,2024-08-02,2024-08-23,2024-08-23,0,0.781,0.265,0.069,349.9,617.6,622.3,7941.71,0
ORD-100381,SUP-039,0.777,Europe,Electronics,Rail,2023-11-19,2023-11-28,2023-12-03,5,0.0,0.098,0.078,269.5,210.2,255.4,2905.39,1
ORD-100382,SUP-023,0.548,Middle East/Africa,Pharma,Road,2023-03-05,2023-03-09,2023-03-10,1,0.128,0.165,0.046,450.8,613.6,585.6,9350.45,0
ORD-100383,SUP-030,0.76,North America,Pharma,Sea,2023-11-02,2023-11-22,2023-11-22,0,0.156,0.208,0.116,522.1,528.7,571.3,8045.28,0
ORD-100384,SUP-002,0.788,Europe,Automotive Parts,Road,2024-09-07,2024-09-13,2024-09-13,0,0.468,0.203,0.09,440.0,326.4,273.6,1330.38,0
ORD-100385,SUP-006,0.63,Latin America,Automotive Parts,Road,2023-09-05,2023-09-10,2023-09-10,0,0.518,0.0,0.028,535.9,538.0,385.2,2316.28,0
ORD-100386,SUP-028,0.644,Middle East/Africa,Pharma,Road,2024-04-14,2024-04-20,2024-04-20,0,0.482,0.139,0.043,421.0,387.2,342.8,2623.73,0
ORD-100387,SUP-035,0.443,Europe,Pharma,Air,2023-03-10,2023-03-12,2023-03-20,8,0.307,0.021,0.046,474.4,161.3,126.0,3995.45,1
ORD-100388,SUP-022,0.872,North America,Textiles,Sea,2024-06-28,2024-07-19,2024-07-28,9,0.053,0.428,0.406,673.1,338.5,342.1,5330.09,1
ORD-100389,SUP-009,0.768,Latin America,Textiles,Road,2024-04-07,2024-04-11,2024-04-12,1,0.507,0.106,0.043,458.4,212.5,203.9,5861.28,0
ORD-100390,SUP-020,0.762,North America,Electronics,Sea,2023-04-05,2023-04-26,2023-04-27,1,0.35,0.175,0.577,472.5,447.6,415.2,9151.69,0
ORD-100391,SUP-033,0.8,Asia Pacific,Textiles,Rail,2023-07-10,2023-07-17,2023-07-17,0,0.422,0.244,0.085,359.3,425.1,433.9,7855.27,0
ORD-100392,SUP-029,0.765,North America,Textiles,Sea,2023-01-25,2023-02-15,2023-02-15,0,0.661,0.211,0.0,328.5,576.4,569.7,10906.37,0
ORD-100393,SUP-014,0.805,Latin America,Automotive Parts,Road,2023-10-19,2023-10-23,2023-10-24,1,0.093,0.379,0.004,272.2,503.0,471.5,3141.43,0
ORD-100394,SUP-003,0.783,North America,Automotive Parts,Road,2024-01-24,2024-01-29,2024-01-30,1,0.168,0.368,0.024,502.0,423.6,382.7,4463.77,0
ORD-100395,SUP-004,0.652,North America,Textiles,Road,2024-06-01,2024-06-07,2024-06-07,0,0.8,0.453,0.045,750.5,388.8,431.3,3658.56,0
ORD-100396,SUP-009,0.768,Europe,Machinery,Road,2024-03-16,2024-03-22,2024-03-22,0,0.566,0.358,0.053,494.6,446.5,498.4,6241.23,0
ORD-100397,SUP-025,0.704,Europe,Textiles,Road,2024-02-10,2024-02-15,2024-02-15,0,0.25,0.136,0.05,513.9,408.7,385.8,4935.35,0
ORD-100398,SUP-001,0.823,Latin America,Electronics,Rail,2024-04-17,2024-04-25,2024-04-25,0,0.139,0.113,0.046,273.2,530.5,729.7,3471.29,0
ORD-100399,SUP-010,0.898,Middle East/Africa,Machinery,Sea,2024-02-23,2024-03-16,2024-03-16,0,0.288,0.0,0.387,572.9,411.0,510.8,3916.1,0
ORD-100400,SUP-037,0.757,Latin America,Textiles,Road,2023-01-07,2023-01-10,2023-01-13,3,0.471,0.223,0.012,655.8,461.2,425.8,2415.58,1
ORD-100401,SUP-007,0.877,Europe,Automotive Parts,Rail,2023-12-04,2023-12-12,2023-12-12,0,0.643,0.185,0.087,723.3,583.4,614.1,5878.58,0
ORD-100402,SUP-032,0.702,Middle East/Africa,FMCG,Rail,2024-05-07,2024-05-13,2024-05-13,0,0.141,0.058,0.082,540.2,768.1,900.2,5315.62,0
ORD-100403,SUP-018,0.727,Latin America,FMCG,Sea,2024-03-31,2024-04-22,2024-04-22,0,0.109,0.248,0.087,640.0,581.3,533.6,3445.03,0
ORD-100404,SUP-036,0.714,Europe,FMCG,Road,2023-09-20,2023-09-23,2023-09-23,0,0.712,0.177,0.048,202.4,293.4,288.3,5882.34,0
ORD-100405,SUP-001,0.823,Middle East/Africa,Pharma,Rail,2023-03-25,2023-04-02,2023-04-02,0,0.21,0.0,0.073,462.4,557.3,584.3,3737.54,0
ORD-100406,SUP-039,0.777,Europe,Electronics,Sea,2023-02-15,2023-03-08,2023-03-08,0,0.598,0.25,0.041,756.7,512.9,482.1,4840.59,0
ORD-100407,SUP-029,0.765,Latin America,Automotive Parts,Rail,2023-08-05,2023-08-14,2023-08-18,4,0.387,0.081,0.016,742.4,549.1,776.7,1592.73,1
ORD-100408,SUP-022,0.872,Asia Pacific,Automotive Parts,Road,2023-06-12,2023-06-18,2023-06-18,0,0.0,0.145,0.019,432.8,304.2,203.5,6003.18,0
ORD-100409,SUP-007,0.877,Europe,Automotive Parts,Sea,2023-07-12,2023-08-04,2023-08-04,0,0.218,0.222,0.511,516.5,459.1,502.0,5485.85,0
ORD-100410,SUP-003,0.783,North America,Pharma,Rail,2023-08-22,2023-08-29,2023-08-29,0,0.188,0.277,0.029,678.4,628.4,524.1,1104.18,0
ORD-100411,SUP-037,0.757,Europe,Electronics,Road,2023-08-21,2023-08-25,2023-08-26,1,0.198,0.06,0.032,539.5,406.5,436.9,7002.42,0
ORD-100412,SUP-031,0.712,Asia Pacific,Textiles,Rail,2023-05-18,2023-05-24,2023-05-25,1,0.452,0.204,0.083,326.3,337.8,243.2,16411.34,0
ORD-100413,SUP-035,0.443,Latin America,FMCG,Road,2024-05-01,2024-05-05,2024-05-24,19,0.456,0.283,0.071,375.5,356.8,308.8,5304.51,1
ORD-100414,SUP-011,0.936,Middle East/Africa,Pharma,Sea,2024-02-10,2024-03-03,2024-03-03,0,0.275,0.0,0.119,391.7,389.0,312.2,16319.49,0
ORD-100415,SUP-022,0.872,Europe,FMCG,Rail,2024-03-15,2024-03-23,2024-03-23,0,0.413,0.153,0.002,695.4,343.3,414.5,5612.24,0
ORD-100416,SUP-026,0.782,Asia Pacific,Electronics,Road,2024-02-05,2024-02-11,2024-02-11,0,0.0,0.417,0.036,599.3,317.3,248.0,3543.56,0
ORD-100417,SUP-021,0.656,Latin America,Automotive Parts,Sea,2023-07-11,2023-07-31,2023-08-05,5,0.349,0.129,0.372,353.2,284.2,207.5,10363.48,1
ORD-100418,SUP-018,0.727,North America,Pharma,Road,2023-10-04,2023-10-09,2023-10-10,1,0.546,0.101,0.028,395.3,490.2,424.3,1861.84,0
ORD-100419,SUP-021,0.656,Middle East/Africa,Pharma,Road,2024-07-25,2024-07-29,2024-07-29,0,0.376,0.301,0.087,274.9,283.1,262.6,4287.11,0
ORD-100420,SUP-016,0.842,North America,FMCG,Sea,2024-06-18,2024-07-10,2024-07-10,0,0.443,0.0,0.466,505.6,581.0,574.9,3278.28,0
ORD-100421,SUP-034,0.576,North America,Textiles,Road,2024-04-03,2024-04-06,2024-04-07,1,0.143,0.466,0.096,688.6,498.7,481.2,5572.94,0
ORD-100422,SUP-007,0.877,North America,FMCG,Sea,2024-09-01,2024-09-23,2024-09-23,0,0.55,0.224,0.379,512.3,239.7,208.8,5722.86,0
ORD-100423,SUP-031,0.712,Latin America,Automotive Parts,Road,2024-05-18,2024-05-23,2024-05-23,0,0.121,0.378,0.066,359.0,532.1,602.8,3147.25,0
ORD-100424,SUP-025,0.704,Asia Pacific,Electronics,Sea,2024-03-24,2024-04-15,2024-04-15,0,0.008,0.274,0.158,420.7,551.1,577.9,4237.5,0
ORD-100425,SUP-004,0.652,Latin America,Pharma,Road,2024-01-02,2024-01-08,2024-01-08,0,0.211,0.508,0.063,299.0,424.0,630.0,10242.63,0
ORD-100426,SUP-032,0.702,North America,FMCG,Sea,2024-08-11,2024-09-03,2024-09-03,0,0.489,0.063,0.545,630.8,363.3,272.8,11493.65,0
ORD-100427,SUP-009,0.768,North America,Pharma,Rail,2024-03-08,2024-03-17,2024-03-18,1,0.134,0.29,0.061,422.7,529.3,522.8,2867.79,0
ORD-100428,SUP-019,0.75,Europe,Automotive Parts,Rail,2024-08-01,2024-08-08,2024-08-08,0,0.516,0.235,0.077,534.5,473.0,489.9,4634.24,0
ORD-100429,SUP-016,0.842,Latin America,FMCG,Road,2024-04-21,2024-04-27,2024-04-27,0,0.546,0.105,0.073,541.0,608.6,506.8,5505.51,0
ORD-100430,SUP-017,0.619,Europe,Machinery,Air,2024-03-03,2024-03-07,2024-03-23,16,0.109,0.224,0.089,341.4,307.4,279.9,9250.4,1
ORD-100431,SUP-022,0.872,Asia Pacific,FMCG,Sea,2024-06-01,2024-06-24,2024-06-24,0,0.44,0.343,0.494,830.3,407.3,414.0,4931.42,0
ORD-100432,SUP-025,0.704,Asia Pacific,FMCG,Sea,2024-07-11,2024-08-02,2024-08-02,0,0.17,0.279,0.252,549.6,454.7,505.6,5872.25,0
ORD-100433,SUP-015,0.574,Asia Pacific,FMCG,Rail,2023-06-24,2023-07-02,2023-07-02,0,0.056,0.031,0.084,336.0,519.2,401.7,2583.15,0
ORD-100434,SUP-020,0.762,Middle East/Africa,Electronics,Road,2023-01-22,2023-01-27,2023-02-04,8,0.56,0.133,0.003,478.6,635.8,666.4,4079.65,1
ORD-100435,SUP-031,0.712,Middle East/Africa,Pharma,Sea,2023-04-01,2023-04-21,2023-04-21,0,0.0,0.205,0.311,559.8,479.4,530.0,5179.61,0
ORD-100436,SUP-008,0.711,North America,Automotive Parts,Road,2024-07-13,2024-07-16,2024-07-16,0,0.182,0.235,0.06,576.5,362.8,344.1,3177.83,0
ORD-100437,SUP-002,0.788,Europe,Electronics,Road,2023-10-13,2023-10-19,2023-11-07,19,0.259,0.045,0.025,373.1,556.0,594.5,3081.41,1
ORD-100438,SUP-017,0.619,Europe,Machinery,Road,2023-03-07,2023-03-12,2023-03-12,0,0.223,0.0,0.086,568.3,424.0,471.8,12689.82,0
ORD-100439,SUP-010,0.898,Europe,Machinery,Road,2024-07-16,2024-07-22,2024-07-22,0,0.099,0.044,0.04,500.1,591.9,506.2,6694.98,0
ORD-100440,SUP-027,0.793,Latin America,Electronics,Road,2024-08-22,2024-08-27,2024-08-28,1,0.103,0.285,0.027,467.9,617.2,504.6,4982.71,0
ORD-100441,SUP-026,0.782,North America,Electronics,Rail,2023-11-04,2023-11-10,2023-11-11,1,0.318,0.0,0.025,209.1,556.8,447.0,4481.0,0
ORD-100442,SUP-035,0.443,Asia Pacific,FMCG,Road,2023-09-09,2023-09-15,2023-09-15,0,0.224,0.002,0.021,835.8,337.3,290.2,15863.09,0
ORD-100443,SUP-035,0.443,Asia Pacific,Automotive Parts,Sea,2024-06-23,2024-07-16,2024-07-16,0,0.295,0.392,0.467,338.5,369.1,422.2,3618.21,0
ORD-100444,SUP-031,0.712,Europe,FMCG,Rail,2023-09-15,2023-09-24,2023-09-25,1,0.225,0.01,0.001,294.4,725.0,928.1,17958.94,0
ORD-100445,SUP-028,0.644,Asia Pacific,FMCG,Sea,2023-05-15,2023-06-06,2023-06-06,0,0.0,0.196,0.386,686.7,482.7,457.2,4794.92,0
ORD-100446,SUP-038,0.957,North America,Textiles,Road,2024-07-20,2024-07-24,2024-07-25,1,0.517,0.098,0.076,408.9,446.6,371.8,8311.0,0
ORD-100447,SUP-015,0.574,North America,Electronics,Rail,2024-05-07,2024-05-14,2024-05-14,0,0.653,0.04,0.071,409.3,509.7,550.8,2968.95,0
ORD-100448,SUP-019,0.75,Middle East/Africa,FMCG,Air,2024-07-22,2024-07-27,2024-07-27,0,0.578,0.0,0.09,441.9,318.3,334.7,5913.39,0
ORD-100449,SUP-036,0.714,Asia Pacific,Automotive Parts,Rail,2023-02-06,2023-02-14,2023-02-14,0,0.459,0.084,0.059,596.6,468.5,454.9,7349.93,0
ORD-100450,SUP-009,0.768,Middle East/Africa,Electronics,Sea,2024-03-29,2024-04-20,2024-04-20,0,0.578,0.295,0.0,422.7,207.1,201.0,6293.21,0
ORD-100451,SUP-021,0.656,Latin America,Pharma,Road,2023-03-16,2023-03-20,2023-03-20,0,,0.0,0.029,609.6,574.1,651.7,4336.99,0
ORD-100452,SUP-020,0.762,Middle East/Africa,Automotive Parts,Sea,2023-01-26,2023-02-15,2023-02-15,0,0.126,0.338,0.342,580.4,155.8,118.1,2764.42,0
ORD-100453,SUP-010,0.898,Asia Pacific,Textiles,Rail,2023-10-18,2023-10-26,2023-10-26,0,0.539,0.148,0.023,708.8,463.3,555.0,4265.98,0
ORD-100454,SUP-003,0.783,Europe,Machinery,Road,2024-09-14,2024-09-17,2024-09-17,0,0.437,0.19,0.089,541.2,396.3,359.3,13984.13,0
ORD-100455,SUP-019,0.75,North America,Electronics,Air,2024-03-19,2024-03-21,2024-03-21,0,0.172,0.385,0.018,292.9,587.4,411.9,3531.26,0
ORD-100456,SUP-020,0.762,Europe,Automotive Parts,Road,2024-04-02,2024-04-06,2024-04-06,0,0.482,0.276,0.025,708.5,664.5,639.9,3729.05,0
ORD-100457,SUP-036,0.714,North America,Textiles,Sea,2024-08-31,2024-09-22,2024-09-22,0,0.215,0.283,0.12,301.0,490.8,380.2,12086.37,0
ORD-100458,SUP-001,0.823,Latin America,Pharma,Sea,2024-05-03,2024-05-23,2024-05-23,0,0.19,0.01,0.338,755.2,445.6,445.5,3298.45,0
ORD-100459,SUP-039,0.777,North America,Textiles,Sea,2024-01-16,2024-02-08,2024-02-09,1,0.476,0.0,0.316,377.9,406.1,436.8,11960.68,0
ORD-100460,SUP-005,0.967,Asia Pacific,Textiles,Rail,2024-03-18,2024-03-26,2024-03-26,0,0.094,0.102,0.07,445.4,295.9,361.4,5634.48,0
ORD-100461,SUP-004,0.652,Asia Pacific,Pharma,Road,2024-03-31,2024-04-06,2024-04-14,8,0.0,0.256,0.057,382.3,281.5,144.2,4565.71,1
ORD-100462,SUP-029,0.765,Asia Pacific,Electronics,Sea,2024-05-28,2024-06-20,2024-06-20,0,0.319,0.31,0.01,447.0,415.0,373.2,5265.87,0
ORD-100463,SUP-010,0.898,Latin America,Machinery,Road,2023-08-03,2023-08-07,2023-08-24,17,0.165,0.017,0.076,758.8,540.3,687.8,3668.52,1
ORD-100464,SUP-001,0.823,North America,Automotive Parts,Sea,2024-06-02,2024-06-24,2024-07-03,9,0.0,0.349,0.822,544.7,313.7,265.0,4144.04,1
ORD-100465,SUP-035,0.443,North America,Automotive Parts,Air,2024-05-02,2024-05-06,2024-05-06,0,0.451,0.0,0.045,518.2,498.3,597.0,6792.95,0
ORD-100466,SUP-018,0.727,Asia Pacific,Electronics,Road,2024-02-27,2024-03-02,2024-03-08,6,0.545,0.0,0.067,361.8,502.6,399.3,10521.23,1
ORD-100467,SUP-031,0.712,Asia Pacific,Automotive Parts,Air,2023-01-23,2023-01-27,2023-01-27,0,0.398,0.396,0.07,263.1,358.6,342.1,5120.51,0
ORD-100468,SUP-031,0.712,North America,Electronics,Rail,2023-04-25,2023-05-04,2023-05-04,0,0.64,0.334,0.085,238.9,409.3,406.7,3753.84,0
ORD-100469,SUP-005,0.967,Middle East/Africa,FMCG,Sea,2024-06-15,2024-07-05,2024-07-05,0,0.34,0.167,0.264,572.6,516.2,584.2,2659.91,0
ORD-100470,SUP-031,0.712,Asia Pacific,Pharma,Rail,2024-09-22,2024-09-29,2024-09-29,0,0.316,0.145,0.04,610.9,401.3,438.4,3138.58,0
ORD-100471,SUP-008,0.711,North America,Machinery,Sea,2023-05-15,2023-06-04,2023-06-05,1,0.278,0.367,0.387,710.3,413.7,497.2,817.59,0
ORD-100472,SUP-026,0.782,Asia Pacific,Textiles,Road,2023-01-18,2023-01-22,2023-01-22,0,,0.521,0.083,429.5,284.2,293.6,4135.06,0
ORD-100473,SUP-016,0.842,Middle East/Africa,FMCG,Sea,2024-02-21,2024-03-12,2024-03-12,0,0.349,0.278,0.503,194.9,300.9,324.1,3412.86,0
ORD-100474,SUP-035,0.443,Asia Pacific,Automotive Parts,Road,2024-01-11,2024-01-16,2024-01-16,0,0.21,0.298,0.049,378.5,472.5,416.7,7422.27,0
ORD-100475,SUP-036,0.714,Asia Pacific,FMCG,Sea,2024-09-04,2024-09-24,2024-10-01,7,0.472,0.132,0.168,648.7,482.1,500.4,7634.56,1
ORD-100476,SUP-026,0.782,Latin America,Textiles,Road,2023-04-17,2023-04-20,2023-04-25,5,0.453,0.235,0.025,329.7,402.8,356.7,3872.79,1
ORD-100477,SUP-027,0.793,Latin America,Machinery,Sea,2023-02-03,2023-02-26,2023-03-03,5,,0.014,0.185,593.4,667.2,733.2,14618.65,1
ORD-100478,SUP-015,0.574,North America,Automotive Parts,Road,2024-09-04,2024-09-10,2024-09-10,0,0.47,0.367,0.076,827.1,511.7,581.4,6558.04,0
ORD-100479,SUP-030,0.76,Europe,Machinery,Sea,2024-02-23,2024-03-16,2024-03-21,5,0.254,0.0,0.211,359.5,442.0,440.2,3854.3,1
ORD-100480,SUP-034,0.576,Latin America,FMCG,Road,2023-01-15,2023-01-20,2023-01-20,0,0.44,0.0,0.028,395.7,542.9,557.5,8939.51,0
ORD-100481,SUP-005,0.967,Latin America,FMCG,Air,2024-08-13,2024-08-18,2024-08-18,0,0.525,0.046,0.049,434.5,523.0,610.0,1195.94,0
ORD-100482,SUP-021,0.656,North America,FMCG,Road,2023-09-18,2023-09-21,2023-09-21,0,0.43,0.0,0.014,569.1,440.9,507.1,6911.65,0
ORD-100483,SUP-007,0.877,Latin America,Machinery,Sea,2024-05-28,2024-06-19,2024-07-06,17,0.517,0.079,0.205,343.3,664.1,831.6,6571.73,1
ORD-100484,SUP-009,0.768,Middle East/Africa,Electronics,Sea,2023-11-07,2023-11-29,2023-11-29,0,0.295,0.076,0.048,405.7,441.1,480.9,10022.97,0
ORD-100485,SUP-009,0.768,Latin America,Textiles,Road,2024-05-06,2024-05-09,2024-05-09,0,0.045,0.146,0.078,545.3,471.7,572.0,13367.89,0
ORD-100486,SUP-011,0.936,Middle East/Africa,Electronics,Road,2023-11-30,2023-12-05,2023-12-11,6,0.518,0.2,0.075,484.4,460.2,465.2,3890.53,1
ORD-100487,SUP-023,0.548,Middle East/Africa,FMCG,Air,2023-03-09,2023-03-12,2023-03-12,0,0.094,0.236,0.076,492.1,716.6,735.6,6394.5,0
ORD-100488,SUP-025,0.704,Latin America,Automotive Parts,Road,2024-03-15,2024-03-20,2024-03-20,0,0.398,0.26,0.054,460.8,526.9,533.2,2336.05,0
ORD-100489,SUP-004,0.652,Middle East/Africa,Electronics,Rail,2023-10-15,2023-10-21,2023-11-01,11,0.0,0.222,0.041,608.4,595.7,656.8,8723.72,1
ORD-100490,SUP-026,0.782,Europe,FMCG,Rail,2024-09-15,2024-09-23,2024-09-23,0,0.29,0.2,0.055,418.5,661.9,711.8,2003.55,0
ORD-100491,SUP-007,0.877,Europe,Pharma,Sea,2023-12-08,2023-12-28,2023-12-28,0,0.298,0.44,0.069,771.4,328.1,371.7,1211.47,0
ORD-100492,SUP-010,0.898,North America,Electronics,Road,2023-11-19,2023-11-24,2023-11-25,1,0.38,0.326,0.021,515.0,722.2,809.1,9239.69,0
ORD-100493,SUP-033,0.8,Latin America,Textiles,Sea,2023-09-16,2023-10-09,2023-10-09,0,0.426,0.028,0.021,462.8,455.6,551.2,1784.67,0
ORD-100494,SUP-035,0.443,Europe,FMCG,Rail,2023-11-20,2023-11-29,2023-11-29,0,0.183,0.182,0.093,741.0,571.3,644.0,2379.14,0
ORD-100495,SUP-038,0.957,North America,Machinery,Rail,2023-01-13,2023-01-19,2023-01-19,0,0.183,0.108,0.025,614.5,365.5,373.6,3524.73,0
ORD-100496,SUP-006,0.63,Middle East/Africa,Automotive Parts,Road,2023-06-28,2023-07-02,2023-07-04,2,0.298,0.065,0.086,439.0,578.3,466.7,3844.3,0
ORD-100497,SUP-032,0.702,Europe,FMCG,Air,2023-11-22,2023-11-25,2023-11-25,0,0.346,0.126,0.04,757.1,452.5,375.8,4532.91,0
ORD-100498,SUP-008,0.711,Latin America,Machinery,Road,2023-12-01,2023-12-05,2023-12-05,0,0.0,0.162,0.04,452.3,398.5,456.2,8997.61,0
ORD-100499,SUP-003,0.783,Middle East/Africa,Machinery,Road,2024-09-11,2024-09-16,2024-09-16,0,0.0,0.145,0.065,605.4,327.7,248.8,5201.57,0
ORD-100500,SUP-039,0.777,Middle East/Africa,FMCG,Sea,2024-05-16,2024-06-05,2024-06-05,0,0.661,0.368,0.296,574.8,408.9,420.9,4826.36,0
ORD-100501,SUP-009,0.768,Latin America,Machinery,Road,2023-05-18,2023-05-23,2023-05-23,0,0.128,0.235,0.045,595.3,390.7,424.7,6617.25,0
ORD-100502,SUP-028,0.644,Middle East/Africa,FMCG,Road,2024-08-09,2024-08-12,2024-08-12,0,0.247,0.173,0.092,324.4,474.4,503.5,7356.24,0
ORD-100503,SUP-038,0.957,Latin America,Electronics,Road,2023-03-05,2023-03-11,2023-03-11,0,0.065,0.143,0.085,617.8,257.1,231.6,5931.44,0
ORD-100504,SUP-002,0.788,Middle East/Africa,Machinery,Sea,2024-04-28,2024-05-20,2024-05-20,0,0.516,0.214,0.111,550.1,422.4,351.1,12035.26,0
ORD-100505,SUP-025,0.704,Asia Pacific,FMCG,Sea,2023-11-18,2023-12-10,2023-12-11,1,0.432,0.443,0.577,491.6,480.4,436.3,10243.12,0
ORD-100506,SUP-040,0.607,Middle East/Africa,Electronics,Road,2023-10-23,2023-10-29,2023-10-29,0,0.231,0.093,0.081,371.9,365.9,272.0,3330.11,0
ORD-100507,SUP-038,0.957,Middle East/Africa,FMCG,Road,2024-02-17,2024-02-20,2024-02-20,0,0.173,0.029,0.078,577.0,312.8,330.9,11365.94,0
ORD-100508,SUP-038,0.957,Asia Pacific,Electronics,Sea,2024-01-24,2024-02-14,2024-02-14,0,0.274,0.082,0.0,591.8,555.0,666.8,7945.98,0
ORD-100509,SUP-012,0.612,Latin America,Machinery,Sea,2024-03-16,2024-04-05,2024-04-05,0,0.712,0.0,0.357,410.5,317.1,227.9,8259.95,0
ORD-100510,SUP-015,0.574,Europe,Machinery,Road,2023-07-12,2023-07-18,2023-08-01,14,0.708,0.12,0.091,522.2,423.1,512.3,7209.62,1
ORD-100511,SUP-004,0.652,Latin America,Pharma,Rail,2023-09-02,2023-09-11,2023-09-12,1,0.2,0.374,0.013,555.3,262.7,263.4,7264.55,0
ORD-100512,SUP-012,0.612,Europe,Electronics,Road,2023-07-22,2023-07-26,2023-07-26,0,0.0,0.0,0.066,964.2,233.3,239.2,4018.66,0
ORD-100513,SUP-014,0.805,North America,FMCG,Sea,2023-05-27,2023-06-17,2023-06-17,0,0.434,0.0,0.425,633.8,500.9,469.3,3788.49,0
ORD-100514,SUP-029,0.765,Middle East/Africa,Pharma,Rail,2023-08-25,2023-09-02,2023-09-02,0,0.433,0.229,0.005,770.5,470.9,496.9,13283.28,0
ORD-100515,SUP-013,0.8,Middle East/Africa,Textiles,Road,2024-01-27,2024-02-02,2024-02-03,1,0.216,0.346,0.012,539.7,553.7,545.1,2354.22,0
ORD-100516,SUP-039,0.777,Europe,Machinery,Road,2024-08-18,2024-08-21,2024-08-23,2,0.316,0.115,0.072,595.5,455.2,502.1,21075.75,0
ORD-100517,SUP-019,0.75,Asia Pacific,Textiles,Road,2023-09-12,2023-09-16,2023-09-16,0,,0.312,0.039,544.7,439.2,471.8,8006.17,0
ORD-100518,SUP-023,0.548,Latin America,Automotive Parts,Sea,2023-12-20,2024-01-10,2024-01-20,10,0.131,0.418,0.225,581.9,429.1,582.2,2565.89,1
ORD-100519,SUP-037,0.757,Middle East/Africa,Automotive Parts,Rail,2023-12-14,2023-12-23,2023-12-26,3,0.524,0.271,0.064,660.8,293.8,264.9,5342.11,1
ORD-100520,SUP-014,0.805,North America,Textiles,Rail,2023-06-27,2023-07-05,2023-07-05,0,0.192,0.084,0.029,603.2,396.8,346.0,11232.48,0
ORD-100521,SUP-003,0.783,North America,Electronics,Road,2023-03-14,2023-03-17,2023-03-17,0,0.206,0.498,0.099,390.8,323.9,446.5,4645.47,0
ORD-100522,SUP-012,0.612,Latin America,Pharma,Rail,2023-09-22,2023-09-30,2023-09-30,0,0.721,0.019,0.048,797.5,451.4,477.6,4722.36,0
ORD-100523,SUP-038,0.957,Asia Pacific,Pharma,Road,2024-05-20,2024-05-26,2024-05-27,1,0.337,0.075,0.053,572.1,416.3,406.2,3221.65,0
ORD-100524,SUP-003,0.783,Asia Pacific,Textiles,Air,2023-10-18,2023-10-21,2023-10-21,0,0.208,0.259,0.063,375.0,406.8,392.2,5042.17,0
ORD-100525,SUP-018,0.727,Latin America,FMCG,Rail,2023-05-08,2023-05-14,2023-05-14,0,0.232,0.374,0.072,456.3,496.4,541.4,3140.81,0
ORD-100526,SUP-003,0.783,Europe,Electronics,Road,2023-07-09,2023-07-12,2023-07-12,0,0.281,0.235,0.022,669.0,542.8,434.1,8839.42,0
ORD-100527,SUP-037,0.757,North America,Automotive Parts,Sea,2024-02-16,2024-03-10,2024-03-10,0,0.227,0.382,0.263,270.9,664.0,890.3,5682.13,0
ORD-100528,SUP-012,0.612,Latin America,Electronics,Road,2023-11-13,2023-11-18,2023-12-01,13,0.36,0.123,0.018,471.9,445.4,551.6,6453.1,1
ORD-100529,SUP-024,0.818,Middle East/Africa,Pharma,Sea,2023-08-25,2023-09-16,2023-09-19,3,0.651,0.007,0.102,496.5,739.9,737.5,1985.14,1
ORD-100530,SUP-027,0.793,Middle East/Africa,Electronics,Road,2024-04-07,2024-04-13,2024-04-13,0,0.696,0.133,0.054,569.6,523.1,568.0,4002.65,0
ORD-100531,SUP-001,0.823,Europe,Textiles,Sea,2023-11-25,2023-12-17,2023-12-17,0,0.343,0.17,0.292,795.1,414.6,489.6,11307.24,0
ORD-100532,SUP-032,0.702,Europe,Textiles,Sea,2023-05-03,2023-05-25,2023-06-02,8,0.328,0.627,0.188,591.7,476.7,533.7,5549.34,1
ORD-100533,SUP-007,0.877,Middle East/Africa,FMCG,Rail,2024-04-05,2024-04-11,2024-04-11,0,0.146,0.415,0.001,497.0,420.3,393.3,1702.82,0
ORD-100534,SUP-017,0.619,Europe,Electronics,Road,2023-05-29,2023-06-01,2023-06-02,1,0.326,0.111,0.009,462.6,463.5,452.7,7269.02,0
ORD-100535,SUP-030,0.76,Middle East/Africa,FMCG,Road,2024-01-30,2024-02-05,2024-02-05,0,0.413,0.181,0.078,616.4,391.9,464.7,2830.54,0
ORD-100536,SUP-011,0.936,North America,FMCG,Rail,2024-03-21,2024-03-30,2024-03-30,0,0.177,0.0,0.048,355.0,591.8,543.9,3942.84,0
ORD-100537,SUP-010,0.898,North America,FMCG,Road,2024-09-25,2024-09-29,2024-09-29,0,0.281,0.46,0.081,504.0,557.2,512.0,5868.22,0
ORD-100538,SUP-038,0.957,Asia Pacific,FMCG,Air,2024-07-17,2024-07-19,2024-07-20,1,0.595,0.052,0.067,435.0,483.4,493.3,2669.21,0
ORD-100539,SUP-006,0.63,Latin America,Pharma,Rail,2024-01-09,2024-01-16,2024-01-16,0,0.412,0.187,0.021,758.9,464.6,517.1,4693.28,0
ORD-100540,SUP-001,0.823,Asia Pacific,FMCG,Road,2024-09-05,2024-09-11,2024-09-11,0,0.343,0.13,0.062,479.9,286.2,296.5,1897.88,0
ORD-100541,SUP-039,0.777,Asia Pacific,Machinery,Road,2023-10-22,2023-10-28,2023-10-28,0,0.567,0.076,0.096,432.9,382.2,476.0,2799.5,0
ORD-100542,SUP-028,0.644,Latin America,Machinery,Road,2023-03-10,2023-03-15,2023-03-15,0,0.041,0.0,0.083,543.7,381.1,308.6,2269.4,0
ORD-100543,SUP-020,0.762,Europe,FMCG,Sea,2024-07-18,2024-08-10,2024-08-10,0,0.342,0.13,0.0,595.6,588.5,453.8,2919.64,0
ORD-100544,SUP-002,0.788,North America,Textiles,Road,2023-08-04,2023-08-08,2023-08-11,3,0.257,0.128,0.016,400.3,436.3,472.0,12410.56,1
ORD-100545,SUP-010,0.898,Europe,Machinery,Sea,2023-09-12,2023-10-02,2023-10-06,4,0.248,0.422,0.271,491.6,263.0,305.1,3740.49,1
ORD-100546,SUP-024,0.818,Middle East/Africa,Textiles,Road,2024-09-14,2024-09-18,2024-09-18,0,0.384,0.321,0.094,373.0,523.0,463.7,11617.88,0
ORD-100547,SUP-035,0.443,Asia Pacific,Machinery,Road,2023-05-30,2023-06-05,2023-06-05,0,0.083,0.145,0.07,545.8,362.2,313.5,4006.58,0
ORD-100548,SUP-035,0.443,North America,Automotive Parts,Road,2023-11-22,2023-11-26,2023-12-04,8,0.519,0.3,0.053,303.1,497.3,437.4,1952.22,1
ORD-100549,SUP-039,0.777,Europe,Pharma,Sea,2023-12-25,2024-01-15,2024-01-16,1,0.231,0.335,0.062,537.0,435.2,394.7,16128.62,0
ORD-100550,SUP-026,0.782,Middle East/Africa,Textiles,Rail,2024-08-29,2024-09-05,2024-09-05,0,0.332,0.098,0.033,878.9,406.6,418.1,3518.12,0
ORD-100551,SUP-003,0.783,Middle East/Africa,Automotive Parts,Sea,2023-05-13,2023-06-04,2023-06-04,0,0.236,0.314,0.082,705.8,467.0,419.9,9605.79,0
ORD-100552,SUP-022,0.872,Latin America,Electronics,Sea,2023-11-16,2023-12-07,2023-12-11,4,0.367,0.157,0.082,388.6,424.3,195.1,4319.66,1
ORD-100553,SUP-005,0.967,Middle East/Africa,Automotive Parts,Road,2023-12-22,2023-12-26,2023-12-26,0,0.608,0.165,0.014,470.6,425.7,531.3,9127.0,0
ORD-100554,SUP-008,0.711,Latin America,Textiles,Sea,2024-03-13,2024-04-05,2024-04-05,0,0.018,0.013,0.514,673.4,615.9,492.1,5037.58,0
ORD-100555,SUP-019,0.75,Europe,Machinery,Air,2023-05-07,2023-05-09,2023-05-09,0,0.477,0.39,0.073,662.3,391.4,381.3,3452.28,0
ORD-100556,SUP-019,0.75,Europe,Machinery,Air,2023-09-13,2023-09-17,2023-09-25,8,0.284,0.119,0.005,541.1,366.3,351.1,4515.69,1
ORD-100557,SUP-032,0.702,Middle East/Africa,Electronics,Rail,2024-01-02,2024-01-08,2024-01-08,0,0.261,0.273,0.014,613.0,363.9,362.0,3348.8,0
ORD-100558,SUP-007,0.877,Europe,FMCG,Air,2023-12-08,2023-12-13,2023-12-13,0,0.262,0.21,0.008,601.7,405.5,296.9,6322.16,0
ORD-100559,SUP-016,0.842,Asia Pacific,FMCG,Sea,2023-11-01,2023-11-24,2023-11-24,0,0.0,0.013,0.396,730.9,500.1,462.8,3795.22,0
ORD-100560,SUP-012,0.612,Latin America,Electronics,Sea,2023-02-24,2023-03-18,2023-03-18,0,,0.216,0.771,529.0,457.2,464.4,4808.66,0
ORD-100561,SUP-008,0.711,Middle East/Africa,Machinery,Road,2023-08-23,2023-08-29,2023-09-02,4,0.032,0.152,0.091,417.6,349.8,259.4,5514.49,1
ORD-100562,SUP-011,0.936,North America,Automotive Parts,Rail,2024-06-10,2024-06-17,2024-06-17,0,0.415,0.173,0.005,608.2,488.3,450.1,5656.47,0
ORD-100563,SUP-018,0.727,Asia Pacific,Textiles,Sea,2024-05-23,2024-06-12,2024-06-12,0,0.493,0.375,0.238,466.9,472.9,391.4,2697.45,0
ORD-100564,SUP-034,0.576,Latin America,Electronics,Road,2024-08-03,2024-08-09,2024-08-09,0,0.739,0.299,0.06,440.7,527.6,710.5,3326.27,0
ORD-100565,SUP-030,0.76,North America,FMCG,Road,2024-06-11,2024-06-15,2024-06-15,0,0.235,0.05,0.033,371.7,460.5,339.1,2101.15,0
ORD-100566,SUP-028,0.644,Latin America,Pharma,Sea,2024-04-29,2024-05-19,2024-05-31,12,0.171,0.301,0.392,701.0,356.9,292.8,1587.61,1
ORD-100567,SUP-015,0.574,North America,FMCG,Sea,2023-10-28,2023-11-18,2023-11-19,1,0.017,0.395,0.0,632.9,222.7,243.7,10919.0,0
ORD-100568,SUP-017,0.619,North America,Machinery,Sea,2024-08-28,2024-09-17,2024-09-17,0,0.276,0.323,0.03,388.1,517.8,532.1,4435.84,0
ORD-100569,SUP-019,0.75,Latin America,Textiles,Sea,2024-07-21,2024-08-13,2024-08-13,0,0.248,0.58,0.268,448.0,627.1,435.4,4449.73,0
ORD-100570,SUP-016,0.842,North America,FMCG,Sea,2024-02-23,2024-03-15,2024-03-15,0,0.306,0.205,0.0,510.3,483.8,436.3,9562.63,0
ORD-100571,SUP-017,0.619,Latin America,Electronics,Road,2023-12-24,2023-12-30,2023-12-30,0,0.096,0.188,0.037,508.2,428.3,407.6,2893.49,0
ORD-100572,SUP-034,0.576,Asia Pacific,Electronics,Rail,2024-04-10,2024-04-18,2024-04-18,0,0.011,0.267,0.015,697.2,583.9,586.0,8837.18,0
ORD-100573,SUP-022,0.872,Asia Pacific,Textiles,Rail,2024-01-06,2024-01-14,2024-01-15,1,0.312,0.249,0.056,493.8,709.1,718.8,3678.98,0
ORD-100574,SUP-017,0.619,Latin America,Textiles,Rail,2024-09-18,2024-09-27,2024-09-28,1,0.568,0.0,0.072,401.8,388.7,393.4,2681.22,0
ORD-100575,SUP-022,0.872,Latin America,Electronics,Sea,2024-02-10,2024-03-02,2024-03-13,11,0.285,0.483,0.298,373.9,476.5,451.3,10153.14,1
ORD-100576,SUP-038,0.957,North America,Textiles,Road,2023-05-09,2023-05-15,2023-05-15,0,0.295,0.094,0.004,831.5,554.2,714.5,4431.86,0
ORD-100577,SUP-029,0.765,Latin America,Machinery,Sea,2024-07-22,2024-08-14,2024-08-14,0,0.443,0.153,0.456,456.8,501.7,493.2,3771.34,0
ORD-100578,SUP-016,0.842,Asia Pacific,Electronics,Road,2023-10-19,2023-10-22,2023-10-22,0,0.197,0.551,0.039,228.2,335.9,177.8,2474.04,0
ORD-100579,SUP-006,0.63,Asia Pacific,FMCG,Rail,2024-03-17,2024-03-25,2024-03-25,0,0.582,0.318,0.068,149.2,376.2,459.9,4403.05,0
ORD-100580,SUP-018,,Middle East/Africa,Electronics,Road,2024-07-22,2024-07-28,2024-08-03,6,0.632,0.16,0.099,323.6,542.5,600.3,9678.85,1
ORD-100581,SUP-008,0.711,Asia Pacific,FMCG,Rail,2024-09-16,2024-09-23,2024-10-03,10,0.434,0.246,0.089,309.2,451.1,380.5,4004.17,1
ORD-100582,SUP-029,0.765,Europe,Electronics,Sea,2024-01-24,2024-02-13,2024-02-13,0,0.318,0.0,0.423,439.2,620.5,608.9,3578.33,0
ORD-100583,SUP-029,0.765,Latin America,Pharma,Road,2023-06-20,2023-06-25,2023-06-25,0,0.456,0.256,0.01,416.6,512.6,495.9,3563.59,0
ORD-100584,SUP-017,0.619,Latin America,FMCG,Sea,2024-03-04,2024-03-24,2024-03-24,0,0.182,0.177,0.151,564.3,594.4,658.9,3601.05,0
ORD-100585,SUP-021,0.656,North America,Machinery,Road,2023-09-20,2023-09-25,2023-09-26,1,0.625,0.157,0.067,432.1,470.7,527.3,3663.92,0
ORD-100586,SUP-036,0.714,North America,Textiles,Road,2023-06-10,2023-06-15,2023-06-15,0,0.476,0.058,0.091,541.9,428.3,434.7,4566.66,0
ORD-100587,SUP-033,0.8,Middle East/Africa,Machinery,Sea,2023-06-12,2023-07-05,2023-07-05,0,0.201,0.0,0.24,262.8,496.6,547.4,6505.16,0
ORD-100588,SUP-014,0.805,Latin America,Textiles,Road,2023-09-15,2023-09-19,2023-09-19,0,0.191,0.034,0.07,530.5,433.0,490.0,24546.03,0
ORD-100589,SUP-020,0.762,Asia Pacific,Machinery,Sea,2023-10-06,2023-10-28,2023-11-02,5,0.215,0.426,0.492,412.9,504.7,551.1,10803.0,1
ORD-100590,SUP-010,0.898,North America,Textiles,Road,2024-01-20,2024-01-26,2024-01-26,0,0.038,0.234,0.013,762.8,594.6,631.1,5708.21,0
ORD-100591,SUP-021,0.656,Latin America,Textiles,Sea,2024-07-21,2024-08-10,2024-08-11,1,0.274,0.406,0.05,250.0,676.5,560.1,10122.36,0
ORD-100592,SUP-022,0.872,Asia Pacific,Automotive Parts,Road,2024-07-07,2024-07-12,2024-07-13,1,0.221,0.098,0.029,611.3,389.2,403.2,1823.76,1
ORD-100593,SUP-038,0.957,Middle East/Africa,Textiles,Sea,2024-06-26,2024-07-19,2024-07-19,0,0.493,0.162,0.3,534.4,369.1,418.7,1621.4,0
ORD-100594,SUP-036,0.714,Middle East/Africa,Automotive Parts,Sea,2024-06-29,2024-07-20,2024-07-20,0,0.205,0.095,0.382,286.2,526.2,497.8,5716.02,0
ORD-100595,SUP-009,0.768,Middle East/Africa,FMCG,Rail,2024-09-15,2024-09-23,2024-09-23,0,0.081,0.488,0.094,529.7,439.3,398.0,4386.96,0
ORD-100596,SUP-026,0.782,North America,Machinery,Road,2023-11-08,2023-11-14,2023-11-14,0,0.011,0.335,0.025,627.5,356.1,347.5,5357.48,0
ORD-100597,SUP-018,0.727,Europe,Pharma,Road,2023-05-31,2023-06-03,2023-06-13,10,0.569,0.048,0.051,663.1,420.1,523.8,3192.0,1
ORD-100598,SUP-009,0.768,Middle East/Africa,Electronics,Sea,2024-02-14,2024-03-07,2024-03-07,0,0.31,0.109,0.177,213.0,524.4,681.7,18292.57,0
ORD-100599,SUP-028,0.644,Middle East/Africa,Automotive Parts,Air,2024-01-19,2024-01-23,2024-01-23,0,0.263,0.355,0.041,568.8,626.1,638.2,4192.12,0
ORD-100600,SUP-037,0.757,Latin America,Machinery,Sea,2023-02-12,2023-03-04,2023-03-04,0,0.357,0.228,0.36,483.5,400.7,445.0,14538.83,0
ORD-100601,SUP-039,0.777,Latin America,Textiles,Road,2024-03-30,2024-04-02,2024-04-02,0,0.628,0.176,0.005,463.5,544.6,582.2,9125.5,0
ORD-100602,SUP-038,0.957,Europe,Textiles,Air,2024-07-30,2024-08-04,2024-08-28,24,0.378,0.339,0.029,559.7,396.4,327.1,6324.2,1
ORD-100603,SUP-030,0.76,Latin America,Pharma,Rail,2024-02-14,2024-02-20,2024-02-20,0,0.239,0.264,0.055,615.6,355.4,366.7,7281.85,0
ORD-100604,SUP-015,0.574,Europe,Pharma,Rail,2024-07-11,2024-07-19,2024-07-19,0,0.351,0.36,0.089,313.3,471.7,464.5,4902.28,0
ORD-100605,SUP-014,0.805,Europe,Textiles,Air,2024-02-23,2024-02-28,2024-02-28,0,0.452,0.169,0.049,515.0,673.6,800.5,6497.4,0
ORD-100606,SUP-027,0.793,North America,Textiles,Road,2024-01-01,2024-01-04,2024-01-04,0,0.467,0.0,0.053,484.5,571.6,474.7,1863.66,0
ORD-100607,SUP-010,0.898,North America,Textiles,Road,2024-08-21,2024-08-27,2024-08-28,1,0.048,0.0,0.073,547.4,512.9,575.4,14912.2,0
ORD-100608,SUP-010,0.898,North America,Machinery,Road,2024-08-04,2024-08-09,2024-08-10,1,0.111,0.151,0.022,525.9,401.9,497.4,4362.38,0
ORD-100609,SUP-013,0.8,North America,Electronics,Road,2023-09-06,2023-09-12,2023-09-12,0,0.308,0.322,0.007,360.9,468.9,482.6,2473.15,0
ORD-100610,SUP-003,0.783,North America,Electronics,Air,2023-03-03,2023-03-05,2023-03-09,4,0.206,0.126,0.073,642.4,482.4,432.6,3196.98,1
ORD-100611,SUP-025,0.704,Latin America,Textiles,Road,2023-06-05,2023-06-09,2023-06-09,0,0.049,0.101,0.1,458.2,533.0,496.5,5033.05,0
ORD-100612,SUP-016,0.842,Middle East/Africa,Automotive Parts,Sea,2024-01-26,2024-02-15,2024-02-15,0,0.372,0.191,0.482,427.2,496.5,311.7,3398.64,0
ORD-100613,SUP-006,0.63,Latin America,Textiles,Sea,2023-10-16,2023-11-05,2023-11-12,7,0.478,0.057,0.483,360.9,567.0,496.3,2954.97,1
ORD-100614,SUP-017,0.619,North America,FMCG,Road,2023-11-05,2023-11-10,2023-11-10,0,0.125,0.2,0.077,507.9,556.2,455.1,1500.8,0
ORD-100615,SUP-029,0.765,Asia Pacific,Electronics,Sea,2024-04-07,2024-04-28,2024-04-28,0,0.287,0.007,0.377,79.1,495.8,605.0,2625.47,0
ORD-100616,SUP-039,0.777,Latin America,Machinery,Sea,2024-02-17,2024-03-08,2024-03-08,0,0.249,0.124,0.506,411.4,655.7,767.8,7209.29,0
ORD-100617,SUP-035,0.443,Middle East/Africa,FMCG,Road,2023-10-03,2023-10-07,2023-10-15,8,0.64,0.161,0.011,345.2,512.4,594.0,11434.34,1
ORD-100618,SUP-009,0.768,Middle East/Africa,Textiles,Road,2023-09-15,2023-09-21,2023-09-21,0,0.346,0.14,0.013,606.4,482.0,560.5,10283.3,0
ORD-100619,SUP-029,0.765,Asia Pacific,FMCG,Sea,2023-03-28,2023-04-19,2023-04-19,0,0.405,0.0,0.519,348.2,437.5,389.9,3459.4,0
ORD-100620,SUP-032,0.702,Europe,Automotive Parts,Sea,2024-10-01,2024-10-23,2024-11-03,11,0.395,0.162,0.155,223.5,338.7,343.8,6031.84,1
ORD-100621,SUP-019,0.75,Latin America,Electronics,Sea,2023-02-21,2023-03-13,2023-03-13,0,0.801,0.281,0.066,490.1,597.0,427.5,9322.04,0
ORD-100622,SUP-023,0.548,Latin America,Textiles,Rail,2023-07-11,2023-07-17,2023-07-17,0,0.0,0.085,0.084,330.0,519.2,711.0,12717.02,0
ORD-100623,SUP-018,,Latin America,FMCG,Road,2023-03-10,2023-03-15,2023-03-15,0,0.641,0.0,0.087,449.1,565.3,620.2,4377.48,0
ORD-100624,SUP-009,0.768,Asia Pacific,Automotive Parts,Air,2024-08-30,2024-09-03,2024-09-03,0,0.402,0.108,0.022,457.6,576.3,620.0,1506.91,0
ORD-100625,SUP-020,0.762,Europe,Pharma,Sea,2023-04-17,2023-05-08,2023-05-08,0,0.16,0.265,0.0,236.8,408.4,452.9,1682.5,0
ORD-100626,SUP-030,0.76,Latin America,Pharma,Rail,2023-06-12,2023-06-19,2023-06-19,0,0.409,0.368,0.085,735.4,581.0,575.9,6336.64,0
ORD-100627,SUP-019,0.75,North America,Textiles,Rail,2023-11-20,2023-11-28,2023-11-28,0,0.0,0.331,0.068,549.1,473.7,315.6,6676.31,0
ORD-100628,SUP-010,0.898,Middle East/Africa,Automotive Parts,Road,2024-03-02,2024-03-05,2024-03-05,0,0.34,0.0,0.057,328.4,437.5,360.1,5345.1,0
ORD-100629,SUP-020,0.762,Latin America,Pharma,Air,2024-07-21,2024-07-26,2024-07-26,0,0.415,0.231,0.037,561.4,281.2,209.2,7234.28,0
ORD-100630,SUP-005,0.967,Europe,Electronics,Sea,2023-02-26,2023-03-19,2023-03-20,1,0.329,0.022,0.379,464.3,390.1,406.6,4186.08,0
ORD-100631,SUP-034,0.576,Latin America,Pharma,Road,2023-03-26,2023-03-31,2023-04-01,1,0.364,0.0,0.038,311.1,145.2,137.5,8237.26,0
ORD-100632,SUP-012,0.612,Middle East/Africa,Machinery,Road,2023-10-29,2023-11-03,2023-11-03,0,0.32,0.278,0.001,536.8,440.8,384.8,12983.47,0
ORD-100633,SUP-033,0.8,Latin America,Pharma,Road,2023-12-31,2024-01-03,2024-01-04,1,0.225,0.385,0.094,481.2,502.0,479.4,10971.39,0
ORD-100634,SUP-012,0.612,Europe,Machinery,Sea,2024-05-11,2024-06-03,2024-06-12,9,0.268,0.288,0.0,446.9,306.0,371.3,5577.97,1
ORD-100635,SUP-034,0.576,North America,Textiles,Road,2024-05-15,2024-05-18,2024-05-24,6,0.154,0.209,0.037,458.6,593.0,566.1,2439.35,1
ORD-100636,SUP-015,0.574,Latin America,Pharma,Sea,2023-07-30,2023-08-20,2023-09-01,12,0.462,0.0,0.334,526.2,377.5,480.9,1547.27,1
ORD-100637,SUP-031,0.712,Asia Pacific,Machinery,Road,2023-04-22,2023-04-26,2023-04-26,0,0.397,0.24,0.08,764.5,553.6,451.5,6011.97,0
ORD-100638,SUP-004,0.652,Middle East/Africa,Electronics,Road,2023-12-31,2024-01-03,2024-01-03,0,0.272,0.0,0.094,418.1,288.0,349.4,5121.89,0
ORD-100639,SUP-025,0.704,Middle East/Africa,Textiles,Road,2023-04-01,2023-04-07,2023-04-07,0,0.197,0.325,0.006,485.0,375.9,366.3,2771.82,0
ORD-100640,SUP-028,0.644,Europe,FMCG,Sea,2023-01-07,2023-01-29,2023-01-30,1,0.578,0.158,0.073,537.4,311.1,333.1,1701.23,0
ORD-100641,SUP-003,0.783,Middle East/Africa,Electronics,Road,2023-09-30,2023-10-05,2023-10-05,0,0.24,0.091,0.096,338.0,293.7,236.9,5399.87,0
ORD-100642,SUP-025,0.704,Asia Pacific,Electronics,Road,2023-01-22,2023-01-28,2023-01-28,0,0.479,0.332,0.044,268.4,513.6,537.1,3261.0,0
ORD-100643,SUP-016,0.842,Latin America,Pharma,Road,2023-06-30,2023-07-05,2023-07-05,0,0.208,0.319,0.007,385.1,503.9,442.3,5351.61,0
ORD-100644,SUP-015,0.574,Latin America,Machinery,Road,2024-08-01,2024-08-05,2024-08-09,4,0.19,0.452,0.004,558.9,447.2,428.8,5614.25,1
ORD-100645,SUP-014,0.805,Latin America,Electronics,Air,2023-04-02,2023-04-06,2023-04-06,0,0.023,0.411,0.074,481.5,412.9,404.1,2964.72,0
ORD-100646,SUP-027,0.793,North America,Automotive Parts,Sea,2023-01-09,2023-02-01,2023-02-07,6,0.375,0.114,0.0,387.4,511.7,372.5,9232.31,1
ORD-100647,SUP-040,0.607,Latin America,Machinery,Sea,2024-05-27,2024-06-18,2024-06-18,0,0.245,0.155,0.19,652.0,605.2,643.5,3886.97,0
ORD-100648,SUP-022,0.872,Asia Pacific,Pharma,Sea,2023-09-26,2023-10-19,2023-10-23,4,0.596,0.109,0.167,558.8,280.1,275.6,3410.09,1
ORD-100649,SUP-012,0.612,Latin America,Automotive Parts,Road,2023-09-30,2023-10-03,2023-10-04,1,0.265,0.194,0.072,299.6,321.0,257.7,1916.14,0
ORD-100650,SUP-010,0.898,Middle East/Africa,FMCG,Road,2024-02-10,2024-02-15,2024-02-15,0,0.453,0.361,0.032,326.3,467.9,539.4,9787.43,0
ORD-100651,SUP-005,0.967,North America,Electronics,Road,2023-03-18,2023-03-24,2023-03-24,0,0.178,0.239,0.068,769.6,633.6,536.9,1847.89,0
ORD-100652,SUP-006,0.63,Europe,FMCG,Road,2023-03-06,2023-03-12,2023-03-12,0,0.094,0.419,0.045,655.6,381.3,429.5,4130.95,0
ORD-100653,SUP-027,0.793,Asia Pacific,FMCG,Road,2023-10-12,2023-10-16,2023-10-29,13,0.658,0.271,0.042,412.5,619.2,568.5,4426.96,1
ORD-100654,SUP-013,0.8,North America,Textiles,Rail,2023-07-24,2023-08-02,2023-08-07,5,0.0,0.388,0.003,321.6,498.1,439.2,2869.95,1
ORD-100655,SUP-017,0.619,Latin America,Machinery,Rail,2023-03-15,2023-03-24,2023-03-24,0,0.415,0.363,0.058,186.6,409.7,338.7,7526.45,0
ORD-100656,SUP-023,0.548,North America,Automotive Parts,Sea,2023-03-29,2023-04-18,2023-04-19,1,0.294,0.102,0.264,272.0,369.3,388.2,5395.43,0
ORD-100657,SUP-033,0.8,Europe,Electronics,Rail,2024-02-02,2024-02-10,2024-02-10,0,0.513,0.244,0.038,610.0,615.4,523.9,8112.45,0
ORD-100658,SUP-016,0.842,Europe,Automotive Parts,Rail,2024-04-29,2024-05-08,2024-05-08,0,0.396,0.0,0.096,541.1,405.8,332.8,17053.65,0
ORD-100659,SUP-024,0.818,Europe,Electronics,Road,2024-06-02,2024-06-07,2024-06-07,0,0.0,0.147,0.061,529.3,578.9,647.7,12833.64,0
ORD-100660,SUP-037,0.757,Europe,FMCG,Rail,2023-07-22,2023-07-28,2023-07-28,0,0.0,0.12,0.087,698.6,415.0,356.1,1767.16,0
ORD-100661,SUP-019,,Latin America,Pharma,Air,2023-03-23,2023-03-25,2023-03-25,0,0.349,0.285,0.081,455.7,394.5,413.0,14189.19,0
ORD-100662,SUP-036,0.714,Asia Pacific,FMCG,Air,2023-07-25,2023-07-29,2023-07-29,0,0.44,0.142,0.08,335.2,455.3,498.5,10096.94,0
ORD-100663,SUP-027,0.793,North America,FMCG,Air,2023-03-24,2023-03-27,2023-03-28,1,0.461,0.166,0.024,474.3,442.1,328.7,4368.14,1
ORD-100664,SUP-018,0.727,Europe,Pharma,Sea,2023-01-15,2023-02-04,2023-02-04,0,0.607,0.412,0.0,431.3,649.7,603.3,4278.42,0
ORD-100665,SUP-010,0.898,Asia Pacific,Machinery,Rail,2024-08-31,2024-09-06,2024-09-06,0,0.291,0.237,0.095,633.0,542.7,507.4,10136.74,0
ORD-100666,SUP-003,0.783,Middle East/Africa,Machinery,Road,2023-04-03,2023-04-06,2023-04-06,0,0.354,0.018,0.012,453.5,226.5,263.2,4419.38,0
ORD-100667,SUP-025,0.704,North America,Machinery,Sea,2023-06-28,2023-07-21,2023-07-21,0,0.329,0.306,0.167,271.2,746.5,750.7,1944.73,0
ORD-100668,SUP-004,0.652,Europe,Electronics,Rail,2024-07-02,2024-07-08,2024-07-08,0,,0.417,0.038,626.7,295.8,298.3,3299.13,0
ORD-100669,SUP-028,0.644,Asia Pacific,Textiles,Rail,2023-12-31,2024-01-08,2024-01-08,0,0.399,0.129,0.056,408.4,403.4,246.4,3953.95,0
ORD-100670,SUP-025,0.704,Middle East/Africa,Machinery,Rail,2024-05-06,2024-05-12,2024-05-20,8,0.215,0.26,0.001,513.1,329.1,350.3,1082.51,1
ORD-100671,SUP-006,0.63,Europe,Electronics,Rail,2023-02-17,2023-02-25,2023-02-25,0,0.0,0.261,0.043,298.5,538.9,516.1,2597.17,0
ORD-100672,SUP-026,0.782,Latin America,Machinery,Road,2024-09-16,2024-09-22,2024-09-22,0,0.478,0.383,0.087,533.0,573.9,739.5,2203.17,0
ORD-100673,SUP-032,0.702,Asia Pacific,Automotive Parts,Sea,2024-09-30,2024-10-20,2024-10-20,0,0.207,0.035,0.16,439.1,461.6,349.8,6653.18,0
ORD-100674,SUP-038,0.957,Asia Pacific,Textiles,Air,2023-05-01,2023-05-03,2023-05-03,0,0.254,0.054,0.094,309.5,617.0,597.3,5519.17,0
ORD-100675,SUP-001,0.823,Europe,FMCG,Road,2023-01-08,2023-01-14,2023-01-14,0,0.126,0.0,0.053,246.0,610.0,475.8,5229.4,0
ORD-100676,SUP-024,0.818,Latin America,Pharma,Sea,2024-04-30,2024-05-20,2024-05-20,0,0.329,0.281,0.42,885.5,375.2,376.1,9266.71,0
ORD-100677,SUP-026,0.782,Latin America,Pharma,Rail,2023-10-27,2023-11-05,2023-11-10,5,0.235,0.4,0.063,495.4,589.6,539.5,5994.65,1
ORD-100678,SUP-004,0.652,North America,Machinery,Rail,2024-01-19,2024-01-28,2024-01-28,0,0.0,0.198,0.03,391.5,494.0,435.0,7520.3,0
ORD-100679,SUP-022,0.872,Middle East/Africa,Machinery,Road,2024-07-02,2024-07-07,2024-07-07,0,0.427,0.129,0.082,454.2,425.4,423.6,14519.53,0
ORD-100680,SUP-024,0.818,Middle East/Africa,Machinery,Road,2024-05-08,2024-05-12,2024-05-12,0,0.131,0.174,0.048,583.8,401.4,327.7,6700.48,0
ORD-100681,SUP-004,0.652,Middle East/Africa,Automotive Parts,Air,2023-11-24,2023-11-27,2023-11-27,0,0.352,0.043,0.09,534.0,621.2,796.1,2499.64,0
ORD-100682,SUP-031,0.712,North America,Textiles,Sea,2023-10-03,2023-10-24,2023-10-26,2,0.465,0.184,0.0,462.3,333.3,337.3,3908.94,1
ORD-100683,SUP-030,0.76,North America,Textiles,Sea,2023-02-21,2023-03-13,2023-03-13,0,0.448,0.134,0.297,508.8,559.8,534.7,7134.8,0
ORD-100684,SUP-009,0.768,North America,Pharma,Road,2023-06-19,2023-06-22,2023-06-23,1,0.587,0.0,0.085,492.0,500.4,375.0,5008.91,1
ORD-100685,SUP-015,0.574,Middle East/Africa,Pharma,Road,2023-07-07,2023-07-13,2023-07-13,0,0.338,0.373,0.021,276.2,605.4,590.7,3001.44,0
ORD-100686,SUP-003,0.783,North America,Automotive Parts,Road,2023-06-27,2023-07-01,2023-07-03,2,0.489,0.208,0.073,117.7,480.9,380.4,6113.04,1
ORD-100687,SUP-035,0.443,North America,Pharma,Air,2023-10-02,2023-10-07,2023-10-07,0,0.556,0.0,0.064,273.9,391.6,440.2,15747.15,0
ORD-100688,SUP-013,0.8,Europe,Electronics,Rail,2023-02-03,2023-02-10,2023-02-10,0,0.413,0.118,0.005,484.6,360.9,406.7,9553.07,0
ORD-100689,SUP-035,0.443,Europe,FMCG,Road,2023-04-24,2023-04-28,2023-04-28,0,0.134,0.151,0.003,474.3,334.2,277.4,4732.51,0
ORD-100690,SUP-032,0.702,Latin America,Machinery,Sea,2023-06-21,2023-07-13,2023-07-13,0,0.25,0.256,0.497,386.9,592.3,568.7,3761.84,0
ORD-100691,SUP-018,0.727,Asia Pacific,Textiles,Road,2024-09-25,2024-09-28,2024-10-14,16,0.114,0.291,0.063,409.6,319.3,283.8,12135.01,1
ORD-100692,SUP-021,0.656,North America,Pharma,Rail,2023-01-19,2023-01-25,2023-01-25,0,0.248,0.309,0.069,627.9,541.6,530.4,6811.33,0
ORD-100693,SUP-010,0.898,Europe,Electronics,Air,2023-06-07,2023-06-10,2023-06-10,0,0.391,0.372,0.086,263.8,490.2,607.0,10419.22,0
ORD-100694,SUP-026,0.782,North America,Textiles,Sea,2023-11-28,2023-12-18,2023-12-18,0,0.527,0.091,0.221,649.9,576.6,595.4,6630.7,0
ORD-100695,SUP-022,0.872,North America,FMCG,Road,2023-10-15,2023-10-21,2023-10-21,0,0.286,0.38,0.092,500.4,510.2,548.6,8583.61,0
ORD-100696,SUP-007,0.877,Europe,Pharma,Rail,2024-07-05,2024-07-12,2024-07-12,0,0.21,0.0,0.068,455.3,367.0,363.2,4398.81,0
ORD-100697,SUP-040,0.607,North America,Electronics,Road,2024-01-29,2024-02-01,2024-02-01,0,0.194,0.055,0.007,513.7,401.2,435.6,3322.36,0
ORD-100698,SUP-004,0.652,Middle East/Africa,Machinery,Road,2024-01-30,2024-02-04,2024-02-21,17,0.306,0.212,0.078,528.9,632.2,672.1,21526.0,1
ORD-100699,SUP-012,0.612,North America,FMCG,Road,2023-10-07,2023-10-13,2023-10-13,0,0.182,0.391,0.004,692.9,259.3,220.3,11977.5,0
ORD-100700,SUP-011,0.936,Asia Pacific,Automotive Parts,Air,2023-05-17,2023-05-20,2023-05-20,0,0.573,0.271,0.034,630.7,417.6,524.4,15401.82,0
ORD-100701,SUP-019,0.75,Latin America,FMCG,Air,2024-01-13,2024-01-17,2024-01-25,8,0.246,0.0,0.099,451.1,538.4,684.5,5232.31,1
ORD-100702,SUP-037,0.757,Middle East/Africa,Pharma,Road,2023-10-22,2023-10-27,2023-10-27,0,0.287,0.267,0.097,538.8,322.1,350.8,2351.73,0
ORD-100703,SUP-018,0.727,Latin America,Electronics,Road,2023-03-09,2023-03-14,2023-03-20,6,0.634,0.082,0.02,492.4,469.2,410.4,5579.96,1
ORD-100704,SUP-034,0.576,Latin America,Automotive Parts,Sea,2024-05-10,2024-05-30,2024-05-30,0,0.6,0.182,0.0,435.1,383.0,369.8,11900.67,0
ORD-100705,SUP-027,0.793,Middle East/Africa,FMCG,Road,2023-08-25,2023-08-28,2023-08-28,0,0.212,0.343,0.001,721.9,406.4,419.8,6103.26,0
ORD-100706,SUP-001,0.823,Europe,Pharma,Air,2024-02-29,2024-03-05,2024-03-15,10,0.45,0.155,0.059,357.5,482.2,360.6,3631.15,1
ORD-100707,SUP-005,0.967,Asia Pacific,Pharma,Road,2023-03-20,2023-03-25,2023-03-26,1,0.2,0.16,0.097,553.5,471.6,404.0,2469.12,0
ORD-100708,SUP-029,0.765,Asia Pacific,Machinery,Sea,2023-10-21,2023-11-10,2023-11-13,3,0.257,0.372,0.261,336.6,513.8,504.7,2061.88,1
ORD-100709,SUP-040,0.607,Europe,Machinery,Road,2024-06-17,2024-06-21,2024-06-23,2,0.058,0.206,0.062,538.4,311.9,258.3,2416.75,0
ORD-100710,SUP-032,0.702,Asia Pacific,Textiles,Road,2023-02-24,2023-02-28,2023-03-02,2,0.0,0.11,0.017,391.7,568.0,501.9,9253.64,0
ORD-100711,SUP-025,0.704,Asia Pacific,FMCG,Road,2023-07-31,2023-08-05,2023-08-05,0,0.0,0.356,0.043,489.6,368.4,341.8,4021.38,0
ORD-100712,SUP-003,0.783,Europe,Pharma,Sea,2024-01-08,2024-01-29,2024-01-29,0,0.186,0.289,0.078,442.3,516.7,675.9,2388.71,0
ORD-100713,SUP-030,0.76,Asia Pacific,FMCG,Road,2023-02-21,2023-02-25,2023-02-25,0,0.6,0.209,0.079,315.8,308.2,192.9,2525.83,0
ORD-100714,SUP-031,0.712,Middle East/Africa,Automotive Parts,Sea,2024-09-19,2024-10-09,2024-10-31,22,0.643,0.02,0.34,581.7,318.7,312.0,8415.58,1
ORD-100715,SUP-015,0.574,Latin America,Textiles,Sea,2024-03-01,2024-03-22,2024-03-22,0,0.211,0.159,0.573,642.0,562.2,593.4,9510.63,0
ORD-100716,SUP-011,0.936,Middle East/Africa,Electronics,Sea,2023-07-08,2023-07-30,2023-07-30,0,0.616,0.092,0.409,598.2,484.8,580.5,3323.54,0
ORD-100717,SUP-014,0.805,North America,Pharma,Sea,2023-03-12,2023-04-03,2023-04-03,0,0.05,0.202,0.093,461.8,345.1,353.1,5532.03,0
ORD-100718,SUP-014,0.805,Asia Pacific,FMCG,Sea,2024-07-18,2024-08-08,2024-08-08,0,0.175,0.083,0.208,486.6,731.8,709.1,9663.67,0
ORD-100719,SUP-003,0.783,Latin America,Textiles,Road,2023-09-04,2023-09-09,2023-09-09,0,0.474,0.234,0.087,452.2,514.9,551.3,2641.87,0
ORD-100720,SUP-026,0.782,North America,Textiles,Sea,2023-09-26,2023-10-19,2023-10-28,9,0.161,0.009,0.279,622.1,441.4,555.3,3958.09,1
ORD-100721,SUP-009,0.768,Europe,Automotive Parts,Sea,2024-05-03,2024-05-23,2024-05-31,8,0.554,0.115,0.301,589.0,398.8,356.2,5503.26,1
ORD-100722,SUP-031,0.712,Europe,Textiles,Road,2024-04-05,2024-04-10,2024-04-15,5,0.539,0.395,0.045,650.2,395.1,349.2,5251.4,1
ORD-100723,SUP-012,0.612,Asia Pacific,Machinery,Road,2024-07-19,2024-07-22,2024-07-22,0,0.465,0.063,0.075,302.6,394.1,442.7,2799.73,0
ORD-100724,SUP-022,0.872,Latin America,Automotive Parts,Rail,2024-06-04,2024-06-11,2024-06-11,0,0.233,0.124,0.014,272.4,357.3,329.2,7974.65,0
ORD-100725,SUP-003,0.783,Asia Pacific,Pharma,Rail,2023-09-18,2023-09-26,2023-09-26,0,0.396,0.052,0.055,518.5,424.0,407.5,6902.8,0
ORD-100726,SUP-003,0.783,Middle East/Africa,Pharma,Road,2023-05-22,2023-05-26,2023-05-26,0,0.097,0.095,0.033,334.3,502.0,485.3,5398.07,0
ORD-100727,SUP-027,0.793,Middle East/Africa,Electronics,Road,2024-07-26,2024-07-30,2024-07-31,1,0.117,0.206,0.032,568.0,501.5,549.4,10171.45,0
ORD-100728,SUP-029,0.765,Europe,Electronics,Road,2024-02-02,2024-02-05,2024-02-05,0,0.0,0.42,0.028,368.7,390.8,410.1,9186.51,0
ORD-100729,SUP-029,0.765,Europe,Automotive Parts,Road,2024-08-14,2024-08-19,2024-08-19,0,0.212,0.145,0.012,492.7,424.7,495.4,15774.5,0
ORD-100730,SUP-006,0.63,Middle East/Africa,Machinery,Air,2023-09-22,2023-09-26,2023-09-26,0,0.131,0.341,0.038,297.8,370.9,315.7,6507.94,0
ORD-100731,SUP-024,0.818,Middle East/Africa,Machinery,Road,2023-10-30,2023-11-02,2023-11-02,0,0.44,0.0,0.03,518.7,429.6,424.3,2465.51,0
ORD-100732,SUP-017,0.619,Latin America,Textiles,Air,2023-05-06,2023-05-09,2023-05-09,0,0.376,0.131,0.06,530.5,367.9,452.8,5099.44,0
ORD-100733,SUP-010,0.898,North America,Pharma,Rail,2023-04-06,2023-04-15,2023-04-15,0,0.417,0.208,0.015,907.3,263.6,319.7,2941.38,0
ORD-100734,SUP-006,0.63,Asia Pacific,Machinery,Rail,2023-05-20,2023-05-27,2023-05-27,0,0.205,0.255,0.085,728.5,370.4,441.7,3234.58,0
ORD-100735,SUP-033,0.8,Europe,Textiles,Air,2023-10-06,2023-10-08,2023-10-08,0,0.347,0.315,0.03,502.2,222.7,233.1,4134.98,0
ORD-100736,SUP-009,0.768,Europe,Machinery,Sea,2024-02-27,2024-03-19,2024-03-19,0,0.624,0.1,0.0,429.4,573.7,555.9,6143.63,0
ORD-100737,SUP-010,0.898,North America,Textiles,Road,2024-07-29,2024-08-02,2024-08-03,1,0.237,0.282,0.089,589.7,508.7,512.9,3485.7,0
ORD-100738,SUP-015,0.574,Middle East/Africa,FMCG,Road,2023-09-30,2023-10-04,2023-10-04,0,0.329,0.295,0.04,289.0,532.9,384.2,4371.24,0
ORD-100739,SUP-005,0.967,Latin America,Automotive Parts,Rail,2024-07-30,2024-08-05,2024-08-05,0,0.222,0.077,0.031,633.6,271.2,277.1,3343.66,0
ORD-100740,SUP-026,0.782,North America,Automotive Parts,Rail,2023-12-08,2023-12-16,2023-12-17,1,0.0,0.128,0.006,577.3,399.5,309.7,7938.19,0
ORD-100741,SUP-014,0.805,Latin America,FMCG,Air,2024-03-29,2024-03-31,2024-04-06,6,0.301,0.125,0.029,522.4,438.8,391.5,5649.83,1
ORD-100742,SUP-014,0.805,Asia Pacific,Electronics,Road,2024-08-24,2024-08-30,2024-08-30,0,0.599,0.602,0.062,400.9,520.5,563.1,6354.82,0
ORD-100743,SUP-008,0.711,North America,FMCG,Sea,2023-09-23,2023-10-16,2023-10-16,0,0.533,0.218,0.328,520.6,592.8,623.5,15705.5,0
ORD-100744,SUP-022,0.872,Asia Pacific,Textiles,Road,2024-07-20,2024-07-25,2024-07-27,2,0.13,0.04,0.036,368.0,429.1,435.7,2947.11,0
ORD-100745,SUP-033,0.8,Latin America,Pharma,Rail,2024-09-02,2024-09-11,2024-09-11,0,0.376,0.145,0.015,359.5,501.0,510.0,2735.27,0
ORD-100746,SUP-039,0.777,Asia Pacific,Textiles,Rail,2023-09-25,2023-10-02,2023-10-02,0,0.121,0.107,0.097,683.4,249.8,292.2,13464.1,0
ORD-100747,SUP-024,0.818,Europe,Textiles,Road,2023-06-23,2023-06-28,2023-06-28,0,0.403,0.36,0.084,494.3,458.9,454.6,4721.09,0
ORD-100748,SUP-006,0.63,North America,Textiles,Road,2024-09-16,2024-09-21,2024-09-21,0,0.269,0.139,0.046,402.3,333.8,364.7,12596.82,0
ORD-100749,SUP-035,0.443,Asia Pacific,FMCG,Road,2023-05-23,2023-05-26,2023-05-26,0,0.167,0.162,0.048,572.5,648.3,703.0,5753.59,0
ORD-100750,SUP-017,0.619,Latin America,Automotive Parts,Sea,2023-09-10,2023-10-03,2023-10-05,2,0.421,0.039,0.334,322.7,662.1,561.6,5174.46,1
ORD-100751,SUP-023,0.548,North America,Pharma,Road,2023-01-02,2023-01-07,2023-01-11,4,0.309,0.536,0.026,169.3,614.2,702.8,5438.99,1
ORD-100752,SUP-031,0.712,Europe,Textiles,Rail,2023-12-26,2024-01-03,2024-01-04,1,0.578,0.0,0.084,324.7,536.1,467.0,2863.53,0
ORD-100753,SUP-022,0.872,North America,Electronics,Sea,2024-08-17,2024-09-06,2024-09-06,0,0.287,0.134,0.366,405.8,426.0,534.4,5468.42,0
ORD-100754,SUP-003,0.783,Asia Pacific,FMCG,Road,2024-01-08,2024-01-14,2024-01-14,0,0.554,0.233,0.05,532.7,535.1,518.2,6661.83,0
ORD-100755,SUP-012,0.612,Europe,Machinery,Rail,2023-05-15,2023-05-21,2023-05-21,0,0.491,0.269,0.036,547.3,444.3,461.0,2065.33,0
ORD-100756,SUP-003,0.783,Europe,Textiles,Road,2024-06-28,2024-07-01,2024-07-02,1,0.548,0.161,0.002,573.0,473.7,528.6,8659.61,0
ORD-100757,SUP-039,0.777,Middle East/Africa,Electronics,Road,2023-11-21,2023-11-27,2023-12-08,11,0.0,0.094,0.029,397.0,348.5,334.5,3140.5,1
ORD-100758,SUP-008,0.711,Europe,Electronics,Road,2023-06-08,2023-06-13,2023-06-14,1,0.201,0.057,0.017,735.2,539.8,573.7,4240.73,0
ORD-100759,SUP-013,0.8,North America,Automotive Parts,Road,2024-05-20,2024-05-23,2024-05-23,0,0.0,0.09,0.023,348.8,460.2,385.1,10718.78,0
ORD-100760,SUP-021,0.656,Europe,Electronics,Rail,2024-03-09,2024-03-15,2024-03-17,2,0.376,0.366,0.063,616.7,459.0,460.5,4429.61,1
ORD-100761,SUP-026,0.782,Asia Pacific,Automotive Parts,Road,2023-10-07,2023-10-11,2023-10-11,0,0.666,0.3,0.034,266.0,704.1,660.6,2389.16,0
ORD-100762,SUP-022,0.872,Middle East/Africa,Pharma,Rail,2024-07-06,2024-07-12,2024-07-12,0,0.087,0.077,0.038,231.6,507.7,467.6,4660.19,0
ORD-100763,SUP-017,0.619,North America,Machinery,Road,2024-09-30,2024-10-06,2024-10-22,16,0.016,0.272,0.048,648.9,420.0,500.3,14278.74,1
ORD-100764,SUP-002,0.788,North America,Automotive Parts,Sea,2023-05-29,2023-06-18,2023-06-18,0,0.558,0.298,0.154,744.4,228.2,210.4,2482.58,0
ORD-100765,SUP-033,0.8,Latin America,FMCG,Sea,2023-12-19,2024-01-08,2024-01-08,0,0.156,0.107,0.245,318.5,621.4,460.8,5960.99,0
ORD-100766,SUP-033,0.8,Latin America,FMCG,Rail,2024-05-19,2024-05-25,2024-05-25,0,0.139,0.188,0.096,550.4,510.0,548.2,9666.99,0
ORD-100767,SUP-002,0.788,Europe,Machinery,Road,2023-03-11,2023-03-14,2023-03-15,1,0.245,0.275,0.042,429.0,298.9,214.3,3243.15,0
ORD-100768,SUP-005,0.967,Asia Pacific,Electronics,Sea,2023-05-26,2023-06-18,2023-06-18,0,0.529,0.268,0.53,468.9,445.0,332.7,12399.18,0
ORD-100769,SUP-033,,Asia Pacific,Pharma,Road,2023-08-20,2023-08-24,2023-08-24,0,0.821,0.03,0.021,302.2,373.7,369.4,5147.95,0
ORD-100770,SUP-025,0.704,Latin America,Textiles,Rail,2023-05-03,2023-05-10,2023-05-10,0,0.0,0.082,0.078,533.9,451.9,468.5,4308.53,0
ORD-100771,SUP-007,0.877,North America,Textiles,Road,2024-08-16,2024-08-20,2024-08-20,0,0.347,0.046,0.051,622.3,460.1,441.6,2508.23,0
ORD-100772,SUP-038,0.957,Europe,Textiles,Air,2024-04-23,2024-04-25,2024-04-25,0,0.534,0.207,0.012,281.1,469.9,500.1,4444.87,0
ORD-100773,SUP-013,0.8,North America,Textiles,Road,2024-09-12,2024-09-15,2024-09-15,0,0.219,0.0,0.037,461.1,508.5,541.9,7411.8,0
ORD-100774,SUP-037,0.757,North America,Pharma,Sea,2023-08-11,2023-08-31,2023-08-31,0,0.085,0.403,0.283,594.6,379.2,308.6,2874.69,0
ORD-100775,SUP-020,0.762,North America,FMCG,Sea,2023-07-22,2023-08-14,2023-08-14,0,0.014,0.0,0.201,272.2,455.5,506.7,6656.2,0
ORD-100776,SUP-024,0.818,Middle East/Africa,Machinery,Road,2024-05-05,2024-05-09,2024-05-09,0,0.296,0.026,0.091,241.3,561.3,696.4,2756.7,0
ORD-100777,SUP-038,0.957,North America,Pharma,Road,2023-04-05,2023-04-10,2023-04-10,0,0.335,0.0,0.031,571.5,408.6,449.0,8951.45,0
ORD-100778,SUP-007,0.877,Europe,Textiles,Air,2023-04-27,2023-05-01,2023-05-04,3,0.347,0.215,0.058,636.9,325.8,369.8,1169.63,1
ORD-100779,SUP-002,0.788,Latin America,Pharma,Rail,2024-03-12,2024-03-21,2024-03-21,0,0.271,0.302,0.055,259.5,654.6,697.3,3414.85,0
ORD-100780,SUP-004,0.652,Europe,Automotive Parts,Rail,2023-12-11,2023-12-18,2023-12-18,0,0.194,0.285,0.086,453.8,418.9,387.7,4577.79,0
ORD-100781,SUP-026,0.782,Europe,Pharma,Sea,2023-02-03,2023-02-25,2023-03-01,4,0.496,0.421,0.263,543.2,298.6,296.5,6666.21,1
ORD-100782,SUP-031,0.712,North America,FMCG,Road,2023-03-24,2023-03-30,2023-03-30,0,0.677,0.0,0.076,579.0,412.1,411.8,2507.2,0
ORD-100783,SUP-038,0.957,Asia Pacific,Pharma,Air,2024-07-29,2024-08-03,2024-08-03,0,0.629,0.165,0.022,422.3,511.3,463.2,7008.95,0
ORD-100784,SUP-004,0.652,Asia Pacific,Machinery,Road,2024-02-25,2024-03-01,2024-03-04,3,0.347,0.106,0.065,457.7,374.3,325.8,2972.9,1
ORD-100785,SUP-031,0.712,Europe,Machinery,Road,2023-03-03,2023-03-07,2023-03-07,0,0.237,0.197,0.048,492.5,626.6,643.3,2226.43,0
ORD-100786,SUP-004,0.652,Europe,Automotive Parts,Road,2023-06-03,2023-06-08,2023-06-08,0,0.272,0.297,0.057,600.1,568.0,454.0,2756.85,0
ORD-100787,SUP-037,0.757,Asia Pacific,Electronics,Sea,2023-02-03,2023-02-25,2023-03-04,7,0.441,0.0,0.346,550.3,550.5,564.3,2806.34,1
ORD-100788,SUP-008,0.711,Asia Pacific,Automotive Parts,Road,2023-04-22,2023-04-28,2023-05-06,8,0.095,0.342,0.012,415.7,407.3,473.7,2475.31,1
ORD-100789,SUP-035,0.443,Latin America,Textiles,Road,2023-03-29,2023-04-04,2023-04-12,8,0.324,0.485,0.043,598.5,356.0,394.1,5604.35,1
ORD-100790,SUP-007,0.877,Middle East/Africa,Pharma,Air,2023-03-03,2023-03-07,2023-03-07,0,0.25,0.134,0.028,423.0,789.3,1084.0,3605.01,0
ORD-100791,SUP-040,0.607,Middle East/Africa,FMCG,Sea,2023-06-14,2023-07-07,2023-07-11,4,0.44,0.184,0.194,604.5,774.2,818.0,2742.09,1
ORD-100792,SUP-006,0.63,Latin America,FMCG,Sea,2023-04-05,2023-04-25,2023-05-15,20,0.519,0.313,0.151,622.0,461.0,512.5,3972.88,1
ORD-100793,SUP-005,0.967,Middle East/Africa,FMCG,Rail,2023-08-30,2023-09-06,2023-09-06,0,0.191,0.492,0.005,524.9,528.1,659.8,2517.3,0
ORD-100794,SUP-031,0.712,Asia Pacific,Automotive Parts,Road,2023-04-02,2023-04-06,2023-04-06,0,0.0,0.27,0.073,487.2,453.0,447.6,3952.3,0
ORD-100795,SUP-025,0.704,Latin America,Electronics,Sea,2023-04-07,2023-04-29,2023-04-29,0,0.466,0.178,0.343,689.9,545.0,456.7,5721.34,0
ORD-100796,SUP-033,0.8,Middle East/Africa,FMCG,Road,2024-08-09,2024-08-14,2024-08-14,0,0.639,0.03,0.035,583.2,255.1,284.3,5217.3,0
ORD-100797,SUP-022,0.872,Europe,Textiles,Sea,2024-02-21,2024-03-13,2024-03-13,0,0.0,0.349,0.074,352.3,436.3,464.7,8648.51,0
ORD-100798,SUP-004,0.652,Middle East/Africa,Automotive Parts,Rail,2023-09-13,2023-09-22,2023-09-22,0,0.228,0.201,0.027,633.2,294.6,313.5,3176.09,0
ORD-100799,SUP-023,0.548,Asia Pacific,Automotive Parts,Road,2024-06-08,2024-06-11,2024-06-11,0,0.24,0.252,0.054,318.2,860.2,660.0,957.05,0
ORD-100800,SUP-019,0.75,Europe,Machinery,Road,2024-01-03,2024-01-07,2024-01-07,0,0.0,0.356,0.016,540.2,446.0,424.9,11616.47,0
ORD-100801,SUP-008,0.711,North America,FMCG,Road,2023-12-18,2023-12-23,2023-12-23,0,0.524,0.281,0.049,435.5,407.7,481.7,6598.53,0
ORD-100802,SUP-024,0.818,Asia Pacific,Electronics,Road,2023-06-06,2023-06-12,2023-06-12,0,0.366,0.004,0.035,527.9,596.5,752.1,6722.48,0
ORD-100803,SUP-019,0.75,Europe,Automotive Parts,Road,2024-04-08,2024-04-11,2024-04-11,0,0.191,0.288,0.039,507.9,502.9,497.2,5937.2,0
ORD-100804,SUP-002,0.788,Latin America,Textiles,Road,2024-05-16,2024-05-20,2024-05-24,4,0.425,0.033,0.03,575.2,129.3,120.0,4537.74,1
ORD-100805,SUP-036,0.714,Latin America,Automotive Parts,Rail,2023-05-19,2023-05-25,2023-05-25,0,0.089,0.0,0.047,207.2,325.4,379.7,1553.75,0
ORD-100806,SUP-018,0.727,Europe,FMCG,Rail,2023-11-24,2023-12-01,2023-12-01,0,0.473,0.104,0.097,519.8,544.4,539.2,5922.91,0
ORD-100807,SUP-034,0.576,Europe,Pharma,Sea,2024-03-07,2024-03-27,2024-04-12,16,0.364,0.146,0.286,0.0,396.0,441.4,3323.02,1
ORD-100808,SUP-038,0.957,Asia Pacific,Electronics,Air,2024-07-14,2024-07-16,2024-07-16,0,0.558,0.212,0.004,494.3,466.1,579.0,2555.13,0
ORD-100809,SUP-036,0.714,Asia Pacific,Machinery,Road,2023-02-14,2023-02-17,2023-02-17,0,0.03,0.288,0.054,422.9,401.5,423.6,3095.6,0
ORD-100810,SUP-013,0.8,North America,Machinery,Road,2024-09-05,2024-09-09,2024-09-09,0,0.075,0.211,0.057,647.8,492.5,331.0,8837.32,0
ORD-100811,SUP-034,0.576,Europe,Electronics,Road,2023-03-04,2023-03-09,2023-03-09,0,0.672,0.424,0.032,684.7,365.4,304.3,9066.08,0
ORD-100812,SUP-004,0.652,Latin America,Machinery,Road,2024-04-30,2024-05-05,2024-05-05,0,0.677,0.105,0.018,94.2,507.5,494.5,5320.26,0
ORD-100813,SUP-012,0.612,Latin America,Machinery,Air,2023-04-08,2023-04-10,2023-04-10,0,0.319,0.338,0.072,411.6,391.8,366.0,4027.09,0
ORD-100814,SUP-013,0.8,Middle East/Africa,Textiles,Road,2023-05-04,2023-05-09,2023-05-09,0,0.931,0.277,0.074,379.4,359.2,370.7,6858.31,0
ORD-100815,SUP-013,0.8,North America,Textiles,Sea,2023-01-26,2023-02-17,2023-02-23,6,0.442,0.316,0.628,501.7,501.1,427.4,3337.78,1
ORD-100816,SUP-012,0.612,North America,FMCG,Rail,2023-12-03,2023-12-12,2023-12-12,0,0.154,0.31,0.013,638.9,456.4,442.8,1697.9,0
ORD-100817,SUP-031,0.712,Europe,Pharma,Sea,2024-04-18,2024-05-10,2024-05-10,0,0.054,0.082,0.038,512.9,510.7,360.3,2495.39,0
ORD-100818,SUP-036,0.714,Europe,Machinery,Road,2023-02-05,2023-02-11,2023-02-11,0,0.36,0.193,0.033,636.0,498.7,493.5,5916.2,0
ORD-100819,SUP-032,0.702,Asia Pacific,FMCG,Rail,2024-08-14,2024-08-23,2024-09-06,14,0.323,0.175,0.045,295.2,446.0,488.3,1775.64,1
ORD-100820,SUP-009,0.768,North America,Machinery,Road,2023-07-14,2023-07-19,2023-07-19,0,0.36,0.398,0.001,440.6,481.6,500.0,2306.95,0
ORD-100821,SUP-017,0.619,North America,Machinery,Road,2024-05-20,2024-05-24,2024-05-27,3,0.208,0.0,0.012,534.9,384.7,475.0,17336.29,1
ORD-100822,SUP-026,0.782,Middle East/Africa,Machinery,Rail,2023-12-23,2023-12-29,2023-12-30,1,0.699,0.267,0.01,699.4,379.3,330.3,2885.78,0
ORD-100823,SUP-031,0.712,Asia Pacific,Automotive Parts,Road,2024-05-29,2024-06-03,2024-06-03,0,0.078,0.165,0.083,333.6,248.2,247.9,2283.69,0
ORD-100824,SUP-023,,Latin America,FMCG,Road,2024-01-21,2024-01-27,2024-01-27,0,0.47,0.314,0.097,389.9,543.9,439.3,6293.31,0
ORD-100825,SUP-019,0.75,Asia Pacific,Automotive Parts,Rail,2023-11-26,2023-12-04,2023-12-08,4,0.472,0.207,0.097,374.8,367.1,373.6,4491.29,1
ORD-100826,SUP-037,0.757,North America,Electronics,Road,2023-06-03,2023-06-06,2023-06-06,0,0.376,0.286,0.022,527.7,406.0,489.8,1456.88,0
ORD-100827,SUP-007,0.877,Europe,FMCG,Road,2023-12-02,2023-12-05,2023-12-08,3,0.419,0.242,0.096,635.4,393.9,452.9,9545.27,1
ORD-100828,SUP-013,0.8,Latin America,FMCG,Rail,2023-10-25,2023-11-02,2023-11-02,0,0.565,0.0,0.098,497.1,364.4,334.6,3927.08,0
ORD-100829,SUP-037,0.757,Europe,Pharma,Rail,2024-01-19,2024-01-26,2024-01-26,0,0.35,0.012,0.091,510.7,475.6,478.7,5326.82,0
ORD-100830,SUP-024,0.818,North America,FMCG,Sea,2024-04-30,2024-05-21,2024-05-21,0,0.262,0.39,0.302,556.3,300.1,284.4,2281.89,0
ORD-100831,SUP-008,0.711,North America,FMCG,Road,2023-04-25,2023-04-29,2023-04-29,0,0.055,0.193,0.042,412.6,374.8,442.6,3084.78,0
ORD-100832,SUP-008,0.711,Latin America,Automotive Parts,Road,2023-09-23,2023-09-29,2023-09-30,1,0.867,0.147,0.027,468.2,516.4,549.0,3033.4,0
ORD-100833,SUP-011,0.936,Europe,Textiles,Sea,2023-12-09,2023-12-29,2023-12-31,2,,0.32,0.0,374.2,500.2,357.2,9434.81,1
ORD-100834,SUP-015,0.574,Middle East/Africa,FMCG,Rail,2023-04-29,2023-05-07,2023-05-07,0,0.218,0.32,0.025,386.3,280.7,278.0,3200.85,0
ORD-100835,SUP-016,0.842,North America,Machinery,Road,2024-07-29,2024-08-01,2024-08-04,3,0.398,0.339,0.068,564.5,511.0,543.4,5300.13,1
ORD-100836,SUP-006,0.63,Asia Pacific,Automotive Parts,Rail,2024-07-14,2024-07-23,2024-07-23,0,0.16,0.232,0.088,511.6,374.2,353.4,4312.2,0
ORD-100837,SUP-011,0.936,Europe,Machinery,Air,2023-07-15,2023-07-18,2023-07-21,3,0.519,0.136,0.019,583.3,580.0,527.3,3656.0,1
ORD-100838,SUP-012,0.612,Europe,Machinery,Road,2023-08-14,2023-08-17,2023-08-18,1,0.917,0.264,0.047,411.5,435.5,314.3,1906.5,0
ORD-100839,SUP-034,0.576,North America,FMCG,Road,2024-03-23,2024-03-26,2024-04-07,12,0.454,0.205,0.093,571.6,339.9,321.2,4121.11,1
ORD-100840,SUP-021,0.656,Europe,Automotive Parts,Road,2024-07-01,2024-07-06,2024-07-08,2,0.735,0.0,0.011,518.8,280.6,180.5,6130.38,0
ORD-100841,SUP-037,0.757,Middle East/Africa,Electronics,Sea,2023-01-12,2023-02-04,2023-02-04,0,0.36,0.191,0.844,564.4,433.9,553.8,13685.51,0
ORD-100842,SUP-025,0.704,North America,Textiles,Sea,2024-04-16,2024-05-09,2024-05-09,0,0.129,0.0,0.671,610.8,551.5,480.2,3248.64,0
ORD-100843,SUP-023,0.548,Asia Pacific,Textiles,Road,2024-09-15,2024-09-21,2024-09-21,0,0.61,0.106,0.097,236.1,508.1,546.9,1790.0,0
ORD-100844,SUP-019,0.75,Europe,Textiles,Rail,2023-10-11,2023-10-20,2023-10-20,0,0.502,0.076,0.022,697.2,449.2,484.3,2025.2,0
ORD-100845,SUP-026,0.782,North America,FMCG,Air,2023-10-16,2023-10-18,2023-10-18,0,0.239,0.396,0.07,206.7,263.5,237.1,2345.95,0
ORD-100846,SUP-007,0.877,Middle East/Africa,Automotive Parts,Sea,2024-07-24,2024-08-16,2024-08-16,0,0.305,0.22,0.479,448.6,559.9,630.9,16336.44,0
ORD-100847,SUP-028,0.644,North America,Pharma,Road,2023-07-23,2023-07-26,2023-07-29,3,0.309,0.366,0.004,636.0,348.4,439.6,11618.23,1
ORD-100848,SUP-033,0.8,Asia Pacific,FMCG,Road,2024-08-18,2024-08-22,2024-09-03,12,0.161,0.295,0.034,729.6,405.8,394.3,2898.14,1
ORD-100849,SUP-032,0.702,North America,Machinery,Rail,2023-03-01,2023-03-07,2023-03-07,0,0.169,0.049,0.059,254.2,427.7,475.1,4363.34,0
ORD-100850,SUP-034,0.576,North America,Textiles,Road,2023-12-19,2023-12-23,2023-12-23,0,0.313,0.245,0.074,251.7,261.6,321.5,5203.14,0
ORD-100851,SUP-024,0.818,Middle East/Africa,Machinery,Rail,2023-01-12,2023-01-19,2023-01-31,12,0.646,0.04,0.043,481.9,450.9,377.6,6956.54,1
ORD-100852,SUP-019,0.75,Latin America,Textiles,Rail,2023-05-09,2023-05-15,2023-05-15,0,0.393,0.547,0.042,531.1,389.9,384.8,3938.41,0
ORD-100853,SUP-031,0.712,Asia Pacific,Machinery,Rail,2023-09-06,2023-09-15,2023-09-15,0,0.464,0.0,0.094,630.6,317.7,334.2,3686.79,0
ORD-100854,SUP-039,0.777,North America,FMCG,Sea,2023-08-10,2023-09-02,2023-09-08,6,0.431,0.451,0.691,597.5,332.3,288.6,12590.21,1
ORD-100855,SUP-037,0.757,North America,Electronics,Air,2024-01-07,2024-01-11,2024-01-17,6,,0.0,0.1,414.7,459.9,428.9,6136.09,1
ORD-100856,SUP-023,0.548,Asia Pacific,Pharma,Rail,2023-11-19,2023-11-25,2023-11-25,0,0.407,0.407,0.099,478.2,440.6,469.7,11734.33,0
ORD-100857,SUP-031,0.712,North America,Automotive Parts,Sea,2023-03-05,2023-03-28,2023-03-28,0,0.074,0.062,0.003,600.3,429.0,478.9,4372.23,0
ORD-100858,SUP-024,0.818,North America,Electronics,Road,2023-12-09,2023-12-14,2023-12-15,1,0.358,0.288,0.007,355.8,697.7,655.8,3326.63,0
ORD-100859,SUP-035,0.443,Latin America,Automotive Parts,Road,2023-10-16,2023-10-21,2023-10-21,0,0.312,0.147,0.002,271.2,406.5,392.2,4028.3,0
ORD-100860,SUP-010,0.898,Latin America,Automotive Parts,Road,2023-02-19,2023-02-22,2023-02-24,2,0.316,0.228,0.087,647.2,544.2,540.3,15877.13,1
ORD-100861,SUP-023,0.548,Asia Pacific,Machinery,Rail,2023-09-14,2023-09-20,2023-09-23,3,0.559,0.259,0.023,435.8,320.3,324.0,841.05,1
ORD-100862,SUP-034,0.576,Middle East/Africa,Textiles,Road,2024-07-07,2024-07-11,2024-07-11,0,0.015,0.22,0.057,408.2,451.9,415.1,3658.98,0
ORD-100863,SUP-039,0.777,North America,Electronics,Air,2024-08-06,2024-08-11,2024-08-23,12,0.735,0.41,0.066,308.8,250.5,217.7,3269.62,1
ORD-100864,SUP-015,0.574,Europe,Electronics,Road,2024-04-20,2024-04-23,2024-04-23,0,0.259,0.032,0.06,620.5,351.0,287.8,1566.74,0
ORD-100865,SUP-019,0.75,Middle East/Africa,Pharma,Road,2024-01-08,2024-01-12,2024-02-04,23,0.287,0.41,0.08,487.9,558.0,493.6,1684.31,1
ORD-100866,SUP-017,0.619,Europe,FMCG,Sea,2024-04-05,2024-04-27,2024-04-27,0,0.334,0.055,0.088,400.5,285.0,293.7,8349.49,0
ORD-100867,SUP-031,0.712,Middle East/Africa,Pharma,Road,2024-01-29,2024-02-03,2024-02-03,0,0.196,0.256,0.009,511.6,556.7,769.3,3985.01,0
ORD-100868,SUP-026,,Latin America,FMCG,Rail,2023-09-17,2023-09-23,2023-09-24,1,0.506,0.129,0.089,567.7,308.3,304.9,3145.02,1
ORD-100869,SUP-016,0.842,Middle East/Africa,FMCG,Air,2023-12-14,2023-12-18,2023-12-18,0,0.35,0.273,0.042,479.5,503.9,470.1,1907.57,0
ORD-100870,SUP-034,0.576,Europe,Pharma,Road,2024-08-21,2024-08-25,2024-08-27,2,0.577,0.374,0.083,330.9,743.8,587.2,7007.45,1
ORD-100871,SUP-020,0.762,Asia Pacific,Machinery,Road,2024-04-26,2024-04-29,2024-04-29,0,0.412,0.392,0.015,338.2,392.5,442.7,1248.74,0
ORD-100872,SUP-001,0.823,Middle East/Africa,Machinery,Rail,2024-09-15,2024-09-24,2024-10-13,19,0.504,0.131,0.07,336.1,594.1,612.7,3476.56,1
ORD-100873,SUP-020,0.762,Middle East/Africa,Textiles,Rail,2024-08-18,2024-08-27,2024-08-27,0,0.035,0.015,0.054,314.0,470.0,373.3,4670.55,0
ORD-100874,SUP-011,0.936,North America,Textiles,Sea,2024-04-22,2024-05-12,2024-05-12,0,0.233,0.249,0.202,196.9,521.2,449.9,3894.14,0
ORD-100875,SUP-009,0.768,Asia Pacific,Electronics,Road,2023-08-16,2023-08-21,2023-08-21,0,0.139,0.434,0.027,446.2,586.8,456.2,4076.42,0
ORD-100876,SUP-013,0.8,Europe,Textiles,Sea,2024-09-18,2024-10-09,2024-10-09,0,0.442,0.224,0.0,362.2,432.0,504.1,3470.45,0
ORD-100877,SUP-033,0.8,Europe,Pharma,Sea,2024-06-15,2024-07-08,2024-07-09,1,0.297,0.365,0.456,531.7,500.3,565.2,2136.01,0
ORD-100878,SUP-017,0.619,Middle East/Africa,FMCG,Road,2023-12-20,2023-12-26,2023-12-26,0,0.0,0.046,0.08,794.0,487.6,411.3,2865.16,0
ORD-100879,SUP-026,0.782,Asia Pacific,Machinery,Road,2024-04-23,2024-04-26,2024-05-11,15,0.315,0.107,0.002,456.6,359.6,353.6,3437.11,1
ORD-100880,SUP-030,0.76,Middle East/Africa,Textiles,Rail,2023-04-15,2023-04-24,2023-04-24,0,0.46,0.0,0.098,733.8,529.5,474.6,2351.93,0
ORD-100881,SUP-020,0.762,Middle East/Africa,Electronics,Road,2024-09-05,2024-09-10,2024-09-20,10,0.0,0.069,0.057,289.7,450.5,525.4,15573.64,1
ORD-100882,SUP-001,0.823,Latin America,Electronics,Sea,2024-02-13,2024-03-06,2024-03-06,0,0.562,0.0,0.095,517.4,494.5,652.7,12665.27,0
ORD-100883,SUP-012,0.612,Europe,Electronics,Road,2023-03-02,2023-03-06,2023-03-30,24,0.094,0.325,0.085,588.2,423.2,384.9,1763.37,1
ORD-100884,SUP-008,0.711,Middle East/Africa,FMCG,Road,2024-07-01,2024-07-04,2024-07-04,0,0.012,0.341,0.036,532.6,302.9,333.5,4142.07,0
ORD-100885,SUP-009,0.768,Latin America,Pharma,Sea,2023-12-04,2023-12-25,2023-12-26,1,0.143,0.104,0.0,517.9,592.7,618.2,28771.71,0
ORD-100886,SUP-007,0.877,Latin America,Electronics,Rail,2023-05-12,2023-05-21,2023-06-03,13,0.243,0.28,0.065,855.3,552.7,413.1,8196.36,1
ORD-100887,SUP-009,,Europe,Automotive Parts,Rail,2023-07-16,2023-07-24,2023-07-31,7,0.278,0.301,0.077,221.1,417.8,468.4,1534.05,1
ORD-100888,SUP-028,0.644,Europe,Textiles,Road,2024-09-02,2024-09-06,2024-09-07,1,0.511,0.18,0.057,467.7,482.2,501.9,7060.25,0
ORD-100889,SUP-027,0.793,Europe,Automotive Parts,Air,2023-09-13,2023-09-16,2023-09-16,0,0.105,0.219,0.029,430.7,293.5,343.1,5975.14,0
ORD-100890,SUP-016,0.842,Asia Pacific,Textiles,Road,2023-12-31,2024-01-05,2024-01-06,1,0.183,0.034,0.097,694.3,498.6,435.9,9861.92,0
ORD-100891,SUP-039,0.777,Latin America,FMCG,Sea,2024-02-25,2024-03-17,2024-03-17,0,0.476,0.148,0.341,218.4,221.4,164.4,1498.54,0
ORD-100892,SUP-011,0.936,Europe,FMCG,Rail,2023-11-15,2023-11-21,2023-11-26,5,0.217,0.021,0.098,135.5,344.0,431.5,4222.22,1
ORD-100893,SUP-004,0.652,North America,Textiles,Road,2023-06-09,2023-06-14,2023-06-24,10,0.624,0.479,0.064,710.6,370.4,285.2,4129.24,1
ORD-100894,SUP-001,0.823,Asia Pacific,Machinery,Rail,2023-08-31,2023-09-09,2023-09-09,0,0.0,0.207,0.014,661.5,367.3,490.2,6185.49,0
ORD-100895,SUP-037,0.757,Asia Pacific,Electronics,Road,2024-07-07,2024-07-13,2024-08-05,23,0.728,0.311,0.093,600.5,413.8,387.2,9967.02,1
ORD-100896,SUP-027,0.793,North America,FMCG,Road,2023-03-18,2023-03-21,2023-04-21,31,0.314,0.19,0.094,606.2,438.4,374.1,9740.86,1
ORD-100897,SUP-025,0.704,North America,Machinery,Air,2023-02-02,2023-02-06,2023-02-06,0,0.505,0.267,0.005,728.7,301.8,285.0,11173.05,0
ORD-100898,SUP-031,0.712,Europe,FMCG,Road,2023-04-26,2023-04-30,2023-04-30,0,0.687,0.236,0.047,590.6,524.1,620.2,2771.32,0
ORD-100899,SUP-003,0.783,Latin America,Electronics,Sea,2023-10-18,2023-11-08,2023-11-12,4,0.0,0.267,0.0,569.8,315.0,359.5,4234.62,1
ORD-100900,SUP-030,0.76,North America,Pharma,Air,2024-02-16,2024-02-19,2024-02-19,0,0.304,0.304,0.011,709.2,541.8,665.2,9682.78,0
ORD-100901,SUP-035,0.443,North America,Automotive Parts,Rail,2023-05-08,2023-05-16,2023-05-16,0,0.094,0.306,0.061,559.0,539.1,598.2,6385.49,0
ORD-100902,SUP-034,0.576,Latin America,Textiles,Sea,2024-07-20,2024-08-11,2024-08-12,1,0.617,0.285,0.509,316.3,484.6,521.6,2902.05,0
ORD-100903,SUP-025,0.704,Europe,Machinery,Sea,2023-03-26,2023-04-18,2023-04-18,0,0.167,0.059,0.039,257.4,498.7,511.0,4530.0,0
ORD-100904,SUP-037,0.757,Asia Pacific,Pharma,Road,2023-11-06,2023-11-11,2023-11-11,0,0.336,0.34,0.093,336.6,277.9,282.3,6334.41,0
ORD-100905,SUP-013,0.8,North America,Automotive Parts,Road,2023-06-11,2023-06-16,2023-06-16,0,0.148,0.053,0.085,436.3,445.6,388.0,6845.01,0
ORD-100906,SUP-020,0.762,Latin America,Machinery,Air,2023-11-20,2023-11-22,2023-11-22,0,0.229,0.326,0.033,513.9,415.9,274.4,3587.05,0
ORD-100907,SUP-001,0.823,Asia Pacific,Textiles,Sea,2023-05-11,2023-05-31,2023-05-31,0,0.092,0.165,0.158,351.8,694.2,836.2,2670.56,0
ORD-100908,SUP-009,0.768,Asia Pacific,Textiles,Air,2023-08-25,2023-08-30,2023-08-30,0,0.261,0.103,0.013,411.1,371.9,329.6,1958.43,0
ORD-100909,SUP-007,0.877,Middle East/Africa,Textiles,Sea,2024-07-23,2024-08-12,2024-08-13,1,0.181,0.098,0.0,228.7,503.5,501.1,1485.29,0
ORD-100910,SUP-034,0.576,Asia Pacific,Textiles,Road,2023-06-25,2023-06-28,2023-06-28,0,0.233,0.111,0.021,435.8,365.3,377.6,3356.93,0
ORD-100911,SUP-037,0.757,Latin America,Electronics,Rail,2023-09-01,2023-09-09,2023-09-09,0,0.394,0.0,0.039,486.3,397.6,383.9,3360.08,0
ORD-100912,SUP-017,0.619,North America,FMCG,Road,2024-09-04,2024-09-07,2024-09-07,0,0.0,0.247,0.098,670.5,349.3,471.8,6590.56,0
ORD-100913,SUP-032,0.702,Asia Pacific,Electronics,Sea,2024-04-21,2024-05-13,2024-05-14,1,0.449,0.064,0.0,523.8,375.0,434.2,3933.1,0
ORD-100914,SUP-001,0.823,North America,FMCG,Sea,2024-02-03,2024-02-23,2024-02-24,1,0.0,0.198,0.352,401.1,489.9,588.2,8206.34,0
ORD-100915,SUP-003,0.783,Middle East/Africa,Machinery,Air,2023-02-13,2023-02-18,2023-02-23,5,0.604,0.125,0.055,679.6,395.2,288.8,8606.36,1
ORD-100916,SUP-019,0.75,Asia Pacific,Pharma,Rail,2024-05-04,2024-05-11,2024-05-11,0,0.182,0.367,0.09,433.7,587.1,744.5,5229.03,0
ORD-100917,SUP-012,0.612,Asia Pacific,Textiles,Road,2023-02-24,2023-03-02,2023-03-02,0,0.189,0.085,0.008,262.2,492.8,540.6,8367.35,0
ORD-100918,SUP-032,0.702,Latin America,Automotive Parts,Sea,2024-07-10,2024-07-31,2024-08-13,13,0.487,0.16,0.249,560.8,377.2,243.5,4030.24,1
ORD-100919,SUP-032,0.702,Europe,Pharma,Sea,2024-03-24,2024-04-14,2024-04-14,0,0.0,0.095,0.017,307.9,329.5,360.8,2208.5,0
ORD-100920,SUP-004,0.652,Latin America,Electronics,Road,2024-08-04,2024-08-08,2024-08-08,0,,0.052,0.029,493.3,502.5,527.6,2508.96,0
ORD-100921,SUP-035,0.443,Middle East/Africa,Automotive Parts,Road,2024-07-26,2024-07-30,2024-08-04,5,0.325,0.017,0.097,445.6,402.3,414.5,4515.78,1
ORD-100922,SUP-025,0.704,Latin America,Textiles,Road,2023-04-14,2023-04-18,2023-04-18,0,0.539,0.158,0.048,495.2,481.2,449.5,18305.98,0
ORD-100923,SUP-017,0.619,North America,Textiles,Sea,2024-08-05,2024-08-28,2024-09-11,14,0.361,0.235,0.025,635.3,415.2,357.4,5509.31,1
ORD-100924,SUP-001,0.823,Latin America,Pharma,Rail,2024-05-04,2024-05-10,2024-05-10,0,0.356,0.142,0.012,593.5,297.1,307.5,12407.21,0
ORD-100925,SUP-038,0.957,Asia Pacific,Textiles,Road,2024-01-21,2024-01-27,2024-01-27,0,0.0,0.255,0.036,546.9,473.8,329.2,2760.69,0
ORD-100926,SUP-026,0.782,Latin America,Automotive Parts,Sea,2024-09-07,2024-09-28,2024-09-28,0,0.327,0.0,0.418,529.9,281.6,194.3,5204.95,0
ORD-100927,SUP-028,0.644,Asia Pacific,Machinery,Road,2024-04-13,2024-04-17,2024-04-17,0,0.222,0.233,0.002,428.9,655.2,533.7,6826.2,0
ORD-100928,SUP-040,0.607,Middle East/Africa,Automotive Parts,Sea,2023-08-10,2023-09-02,2023-09-05,3,0.339,0.296,0.141,572.2,469.6,366.2,4461.45,1
ORD-100929,SUP-002,0.788,Middle East/Africa,Machinery,Air,2024-02-03,2024-02-08,2024-02-14,6,0.574,0.091,0.082,562.2,554.1,617.0,10440.26,1
ORD-100930,SUP-039,0.777,Asia Pacific,Machinery,Rail,2023-09-04,2023-09-12,2023-09-12,0,0.536,0.146,0.068,461.4,616.9,591.1,4272.23,0
ORD-100931,SUP-036,0.714,Europe,Electronics,Road,2023-07-04,2023-07-10,2023-07-10,0,0.282,0.171,0.02,543.7,608.8,675.9,2289.46,0
ORD-100932,SUP-022,0.872,Asia Pacific,Electronics,Rail,2023-09-17,2023-09-25,2023-09-25,0,0.036,0.246,0.036,180.0,454.8,433.7,5284.12,0
ORD-100933,SUP-038,0.957,Latin America,Electronics,Road,2023-08-18,2023-08-22,2023-08-22,0,0.172,0.194,0.065,472.1,397.4,303.1,1850.2,0
ORD-100934,SUP-026,0.782,Middle East/Africa,Machinery,Road,2024-05-03,2024-05-06,2024-05-13,7,0.0,0.297,0.007,506.3,527.3,719.3,2431.68,1
ORD-100935,SUP-027,0.793,Europe,Machinery,Rail,2023-04-21,2023-04-27,2023-04-27,0,0.561,0.273,0.041,461.0,633.4,550.9,2176.61,0
ORD-100936,SUP-017,0.619,North America,FMCG,Road,2024-01-25,2024-01-28,2024-01-31,3,0.143,0.0,0.097,698.4,627.4,695.2,5481.13,1
ORD-100937,SUP-009,0.768,Asia Pacific,Electronics,Rail,2023-10-12,2023-10-21,2023-10-21,0,0.665,0.405,0.084,432.4,720.7,598.5,3726.26,0
ORD-100938,SUP-010,0.898,Europe,Automotive Parts,Sea,2023-03-01,2023-03-21,2023-03-22,1,0.259,0.186,0.101,431.3,330.0,309.1,4968.09,0
ORD-100939,SUP-010,0.898,North America,Automotive Parts,Rail,2023-06-23,2023-06-30,2023-06-30,0,0.244,0.216,0.084,578.7,344.6,278.3,2390.44,0
ORD-100940,SUP-040,0.607,Europe,Machinery,Sea,2023-04-25,2023-05-17,2023-05-21,4,0.486,0.228,0.409,495.7,609.0,530.3,6658.04,1
ORD-100941,SUP-024,0.818,North America,Electronics,Air,2024-02-21,2024-02-23,2024-02-24,1,0.326,0.144,0.089,396.7,579.4,492.7,10265.54,0
ORD-100942,SUP-001,0.823,Latin America,Automotive Parts,Road,2024-07-17,2024-07-23,2024-07-23,0,0.0,0.177,0.046,277.7,282.2,312.5,2447.61,0
ORD-100943,SUP-012,0.612,Asia Pacific,FMCG,Rail,2023-12-21,2023-12-28,2023-12-29,1,0.115,0.305,0.032,700.8,413.1,341.9,10077.47,0
ORD-100944,SUP-022,0.872,Middle East/Africa,Automotive Parts,Sea,2023-12-16,2024-01-06,2024-01-06,0,0.386,0.268,0.0,514.1,593.3,617.6,3132.89,0
ORD-100945,SUP-007,0.877,Middle East/Africa,Pharma,Road,2023-09-15,2023-09-20,2023-09-22,2,0.393,0.373,0.0,617.2,550.0,626.6,6759.14,0
ORD-100946,SUP-003,0.783,Europe,FMCG,Road,2023-04-27,2023-05-01,2023-05-01,0,0.206,0.115,0.015,661.4,336.3,340.8,2182.83,0
ORD-100947,SUP-034,0.576,Asia Pacific,Machinery,Road,2023-06-23,2023-06-27,2023-07-02,5,0.595,0.398,0.095,861.6,509.0,429.2,2058.99,1
ORD-100948,SUP-025,0.704,North America,FMCG,Road,2023-10-29,2023-11-04,2023-11-05,1,0.372,0.0,0.023,514.0,380.0,321.4,5982.39,0
ORD-100949,SUP-003,0.783,Latin America,Pharma,Rail,2024-01-03,2024-01-09,2024-01-10,1,0.483,0.256,0.029,272.7,416.7,408.6,3869.61,0
ORD-100950,SUP-001,0.823,Europe,Textiles,Road,2024-06-10,2024-06-13,2024-06-13,0,0.766,0.132,0.06,446.1,504.8,463.3,7323.09,0
ORD-100951,SUP-040,0.607,Asia Pacific,FMCG,Sea,2023-11-24,2023-12-15,2023-12-15,0,0.203,0.484,0.151,502.8,524.7,563.4,2089.06,0
ORD-100952,SUP-010,0.898,Latin America,Pharma,Road,2024-10-01,2024-10-06,2024-10-06,0,0.62,0.405,0.05,508.3,495.4,467.3,4379.31,0
ORD-100953,SUP-011,0.936,Asia Pacific,Textiles,Sea,2023-08-25,2023-09-14,2023-09-16,2,0.148,0.055,0.48,412.1,511.1,561.3,4283.03,0
ORD-100954,SUP-001,0.823,Middle East/Africa,Machinery,Road,2023-11-01,2023-11-06,2023-11-06,0,0.616,0.276,0.008,435.2,742.9,649.5,5759.56,0
ORD-100955,SUP-006,0.63,Asia Pacific,Electronics,Sea,2024-06-25,2024-07-18,2024-07-18,0,0.584,0.0,0.408,631.9,744.3,860.3,31506.63,0
ORD-100956,SUP-015,0.574,Europe,Automotive Parts,Rail,2024-08-02,2024-08-10,2024-08-10,0,0.306,0.166,0.0,682.4,376.6,418.7,3732.31,0
ORD-100957,SUP-034,,Middle East/Africa,Pharma,Rail,2023-02-09,2023-02-18,2023-02-19,1,0.177,0.091,0.035,789.8,355.2,415.7,2379.62,0
ORD-100958,SUP-003,0.783,North America,Automotive Parts,Air,2024-09-18,2024-09-22,2024-09-22,0,0.192,0.306,0.042,538.4,336.9,257.6,23746.33,0
ORD-100959,SUP-031,0.712,Middle East/Africa,Electronics,Rail,2024-07-02,2024-07-11,2024-07-11,0,0.266,0.12,0.097,514.5,330.2,392.3,6553.18,0
ORD-100960,SUP-009,0.768,Middle East/Africa,Textiles,Road,2024-08-31,2024-09-05,2024-09-05,0,0.408,0.299,0.052,511.5,511.4,562.2,7799.23,0
ORD-100961,SUP-035,0.443,North America,Machinery,Road,2024-05-19,2024-05-25,2024-05-25,0,0.947,0.205,0.008,342.5,398.5,403.3,5117.17,0
ORD-100962,SUP-038,0.957,Latin America,Electronics,Road,2024-01-15,2024-01-18,2024-01-18,0,,0.105,0.074,351.0,427.7,386.3,5155.48,0
ORD-100963,SUP-017,0.619,Asia Pacific,Electronics,Road,2024-03-23,2024-03-26,2024-03-26,0,0.503,0.157,0.089,680.5,492.8,444.5,8460.21,0
ORD-100964,SUP-027,0.793,Europe,Pharma,Road,2023-12-23,2023-12-28,2023-12-28,0,0.25,0.302,0.002,543.5,458.4,539.2,3144.64,0
ORD-100965,SUP-012,0.612,Asia Pacific,Textiles,Rail,2024-04-29,2024-05-08,2024-06-06,29,0.135,0.263,0.056,490.4,350.6,310.9,8973.11,1
ORD-100966,SUP-034,0.576,North America,Machinery,Sea,2023-04-19,2023-05-09,2023-05-17,8,0.553,0.173,0.011,706.0,319.6,315.1,6108.71,1
ORD-100967,SUP-032,0.702,Europe,Pharma,Road,2024-07-21,2024-07-24,2024-07-24,0,0.106,0.27,0.073,419.2,645.8,628.4,8911.63,0
ORD-100968,SUP-036,0.714,Europe,Textiles,Road,2023-05-05,2023-05-09,2023-05-15,6,0.309,0.36,0.073,484.7,407.7,324.6,3372.88,1
ORD-100969,SUP-007,0.877,Latin America,FMCG,Sea,2023-12-02,2023-12-24,2023-12-24,0,0.051,0.184,0.294,474.7,474.4,529.7,6738.32,0
ORD-100970,SUP-024,0.818,Latin America,Machinery,Rail,2024-01-13,2024-01-21,2024-01-21,0,0.486,0.339,0.07,405.4,299.9,332.8,2615.14,0
ORD-100971,SUP-034,0.576,North America,FMCG,Road,2023-10-29,2023-11-02,2023-11-04,2,0.104,0.264,0.096,645.9,315.9,285.7,5153.34,0
ORD-100972,SUP-010,0.898,Middle East/Africa,Automotive Parts,Air,2024-04-02,2024-04-04,2024-04-05,1,0.255,0.069,0.098,475.7,727.4,750.6,4117.67,0
ORD-100973,SUP-022,0.872,North America,FMCG,Rail,2023-01-14,2023-01-21,2023-01-21,0,0.494,0.235,0.08,366.2,308.5,327.4,6531.24,0
ORD-100974,SUP-022,0.872,Europe,Pharma,Road,2024-09-17,2024-09-21,2024-10-02,11,0.411,0.006,0.018,728.1,361.4,396.9,8493.84,1
ORD-100975,SUP-008,0.711,Latin America,Electronics,Rail,2023-10-06,2023-10-12,2023-10-14,2,0.034,0.313,0.072,492.0,534.5,559.4,7214.46,0
ORD-100976,SUP-034,0.576,Asia Pacific,Textiles,Road,2024-06-10,2024-06-15,2024-06-15,0,0.39,0.0,0.014,560.2,616.5,548.9,11661.71,0
ORD-100977,SUP-004,0.652,North America,Textiles,Sea,2023-01-29,2023-02-18,2023-02-24,6,0.37,0.221,0.261,615.0,399.2,401.8,4684.2,1
ORD-100978,SUP-031,0.712,Latin America,Pharma,Road,2024-01-29,2024-02-02,2024-02-02,0,0.386,0.235,0.073,579.8,535.3,449.3,13368.8,0
ORD-100979,SUP-030,0.76,Europe,Pharma,Road,2024-04-25,2024-04-28,2024-04-28,0,0.391,0.125,0.048,331.9,478.2,415.0,7511.37,0
ORD-100980,SUP-030,0.76,North America,FMCG,Air,2023-12-27,2023-12-29,2023-12-29,0,0.264,0.188,0.083,610.0,437.8,408.5,6972.01,0
ORD-100981,SUP-020,0.762,Asia Pacific,Automotive Parts,Sea,2023-08-23,2023-09-12,2023-09-12,0,0.378,0.369,0.033,655.8,702.7,783.2,4948.16,0
ORD-100982,SUP-032,0.702,Asia Pacific,Pharma,Sea,2023-12-16,2024-01-06,2024-01-10,4,0.306,0.116,0.582,661.9,357.3,326.3,3309.54,1
ORD-100983,SUP-024,0.818,Middle East/Africa,Electronics,Road,2023-10-20,2023-10-24,2023-10-24,0,0.253,0.058,0.028,466.7,485.3,497.9,6434.61,0
ORD-100984,SUP-037,0.757,Middle East/Africa,Electronics,Sea,2024-06-16,2024-07-06,2024-07-06,0,0.105,0.151,0.218,657.9,354.7,308.2,5652.31,0
ORD-100985,SUP-039,0.777,Asia Pacific,Automotive Parts,Road,2024-01-09,2024-01-15,2024-01-17,2,0.052,0.267,0.009,617.5,492.3,448.1,3852.54,0
ORD-100986,SUP-007,0.877,Europe,Pharma,Rail,2023-01-07,2023-01-13,2023-01-13,0,0.204,0.353,0.023,496.6,341.5,335.8,3436.13,0
ORD-100987,SUP-026,,Asia Pacific,Automotive Parts,Rail,2024-06-19,2024-06-28,2024-06-28,0,0.172,0.105,0.09,710.9,383.2,333.5,9877.05,0
ORD-100988,SUP-033,0.8,Europe,Automotive Parts,Road,2023-09-19,2023-09-24,2023-09-24,0,0.295,0.347,0.044,626.6,411.9,379.2,4435.13,0
ORD-100989,SUP-040,0.607,Europe,Machinery,Sea,2023-06-05,2023-06-28,2023-06-28,0,0.0,0.24,0.0,463.5,474.8,446.9,12456.97,0
ORD-100990,SUP-030,0.76,Asia Pacific,Pharma,Sea,2023-08-14,2023-09-04,2023-09-05,1,0.426,0.0,0.526,571.4,846.1,1110.2,4321.2,0
ORD-100991,SUP-010,0.898,Middle East/Africa,Pharma,Rail,2023-03-16,2023-03-23,2023-03-23,0,0.473,0.411,0.055,502.9,553.8,496.0,8471.98,0
ORD-100992,SUP-005,0.967,North America,Automotive Parts,Road,2024-02-26,2024-03-03,2024-03-04,1,0.518,0.488,0.049,236.5,318.6,341.8,9122.45,0
ORD-100993,SUP-037,0.757,Asia Pacific,Electronics,Road,2024-04-21,2024-04-24,2024-04-25,1,0.283,0.023,0.02,594.4,312.5,354.7,8672.66,0
ORD-100994,SUP-006,0.63,North America,Automotive Parts,Road,2024-04-29,2024-05-04,2024-05-05,1,0.464,0.132,0.078,846.8,542.4,477.0,12170.5,0
ORD-100995,SUP-024,0.818,Latin America,Machinery,Rail,2024-09-17,2024-09-24,2024-09-24,0,0.037,0.305,0.029,667.5,330.2,328.9,3690.78,0
ORD-100996,SUP-038,0.957,Asia Pacific,FMCG,Road,2023-12-09,2023-12-13,2023-12-13,0,0.181,0.061,0.007,555.3,496.3,542.6,3887.2,0
ORD-100997,SUP-019,0.75,Europe,Electronics,Rail,2023-01-22,2023-01-30,2023-01-31,1,0.338,0.315,0.075,407.7,695.4,679.0,9317.39,0
ORD-100998,SUP-016,0.842,Latin America,Machinery,Road,2023-02-16,2023-02-21,2023-03-04,11,0.162,0.222,0.01,319.0,486.0,341.7,3837.99,1
ORD-100999,SUP-009,0.768,Latin America,Textiles,Sea,2023-08-30,2023-09-19,2023-10-01,12,0.192,0.388,0.13,456.5,207.3,157.8,4119.73,1
ORD-101000,SUP-003,0.783,North America,Textiles,Rail,2023-07-31,2023-08-06,2023-08-06,0,0.215,0.0,0.053,516.7,241.7,330.2,4352.01,0
ORD-101001,SUP-007,0.877,Europe,Textiles,Rail,2023-02-27,2023-03-06,2023-03-08,2,0.243,0.044,0.008,796.5,513.2,570.6,10764.08,0
ORD-101002,SUP-020,0.762,Europe,Textiles,Rail,2024-04-07,2024-04-14,2024-04-14,0,,0.339,0.024,712.0,608.5,590.9,5401.59,0
ORD-101003,SUP-005,0.967,Latin America,FMCG,Road,2024-01-08,2024-01-14,2024-02-01,18,0.656,0.145,0.079,674.1,447.7,296.5,3275.4,1
ORD-101004,SUP-011,0.936,Europe,FMCG,Road,2024-03-18,2024-03-23,2024-03-23,0,0.673,0.238,0.086,510.0,531.7,582.4,3511.07,0
ORD-101005,SUP-035,0.443,Europe,Textiles,Road,2023-03-04,2023-03-08,2023-03-20,12,0.326,0.164,0.05,377.6,417.4,361.6,16050.81,1
ORD-101006,SUP-022,0.872,Middle East/Africa,Electronics,Sea,2023-05-27,2023-06-16,2023-06-16,0,0.527,0.247,0.234,459.0,507.6,544.4,6208.44,0
ORD-101007,SUP-012,0.612,North America,Electronics,Rail,2024-09-23,2024-10-01,2024-10-02,1,0.203,0.112,0.036,489.2,368.9,442.1,7073.22,0
ORD-101008,SUP-018,0.727,Middle East/Africa,Automotive Parts,Air,2024-08-16,2024-08-19,2024-08-19,0,0.317,0.0,0.064,283.3,696.5,785.6,17835.45,0
ORD-101009,SUP-023,,Europe,Pharma,Road,2023-04-22,2023-04-28,2023-05-03,5,0.183,0.147,0.058,563.9,395.3,355.4,3380.3,1
ORD-101010,SUP-025,0.704,Europe,Electronics,Road,2024-03-30,2024-04-03,2024-04-11,8,0.475,0.175,0.004,393.7,481.8,464.8,6477.23,1
ORD-101011,SUP-031,,Middle East/Africa,Electronics,Sea,2023-09-01,2023-09-21,2023-09-21,0,0.687,0.114,0.301,285.6,549.0,676.9,2762.38,0
ORD-101012,SUP-020,0.762,Latin America,Textiles,Sea,2024-03-25,2024-04-17,2024-04-17,0,0.358,0.398,0.155,813.0,456.5,374.2,2784.7,0
ORD-101013,SUP-021,0.656,North America,FMCG,Road,2023-03-31,2023-04-05,2023-04-14,9,0.214,0.297,0.047,426.7,239.9,219.9,5994.37,1
ORD-101014,SUP-039,0.777,Middle East/Africa,FMCG,Air,2023-04-16,2023-04-21,2023-04-22,1,0.218,0.038,0.016,570.8,361.4,353.1,15051.12,0
ORD-101015,SUP-036,0.714,Latin America,Textiles,Road,2023-01-15,2023-01-19,2023-01-19,0,0.316,0.341,0.027,643.1,476.1,477.5,1079.92,0
ORD-101016,SUP-031,0.712,Middle East/Africa,Electronics,Road,2024-05-03,2024-05-06,2024-05-06,0,0.213,0.122,0.06,663.0,387.4,334.4,3559.76,0
ORD-101017,SUP-021,0.656,North America,Machinery,Road,2023-08-15,2023-08-18,2023-08-18,0,0.465,0.507,0.035,554.8,451.6,458.8,3619.05,0
ORD-101018,SUP-016,0.842,Middle East/Africa,Textiles,Sea,2024-08-05,2024-08-25,2024-08-25,0,0.18,0.246,0.013,472.7,487.3,393.8,2596.91,0
ORD-101019,SUP-017,0.619,Europe,Machinery,Sea,2023-07-02,2023-07-23,2023-07-23,0,0.0,0.06,0.24,431.7,579.3,624.2,1762.1,0
ORD-101020,SUP-033,0.8,Asia Pacific,Machinery,Air,2024-09-01,2024-09-06,2024-09-11,5,0.378,0.018,0.018,604.6,448.1,429.9,7420.97,1
ORD-101021,SUP-018,0.727,Middle East/Africa,Automotive Parts,Rail,2024-09-29,2024-10-07,2024-10-07,0,0.484,0.0,0.036,436.8,507.8,558.9,14639.03,0
ORD-101022,SUP-022,0.872,Latin America,Automotive Parts,Air,2023-04-17,2023-04-21,2023-04-22,1,0.394,0.302,0.058,551.0,311.6,393.2,3883.79,0
ORD-101023,SUP-035,0.443,Middle East/Africa,Machinery,Sea,2023-11-05,2023-11-25,2023-12-06,11,0.293,0.293,0.2,394.7,581.9,600.5,5061.37,1
ORD-101024,SUP-022,0.872,Middle East/Africa,Automotive Parts,Rail,2024-07-26,2024-08-03,2024-08-03,0,0.27,0.115,0.09,496.8,401.2,391.3,20656.96,0
ORD-101025,SUP-022,0.872,Middle East/Africa,FMCG,Road,2023-01-23,2023-01-29,2023-01-29,0,0.189,0.015,0.081,586.5,408.2,527.0,6536.26,0
ORD-101026,SUP-023,0.548,North America,FMCG,Road,2024-06-08,2024-06-11,2024-06-11,0,0.091,0.23,0.084,593.6,587.4,634.2,11793.82,0
ORD-101027,SUP-005,0.967,Asia Pacific,Machinery,Sea,2024-07-23,2024-08-13,2024-08-13,0,0.598,0.0,0.0,426.8,473.0,586.0,3066.78,0
ORD-101028,SUP-002,0.788,Asia Pacific,Automotive Parts,Road,2023-01-06,2023-01-12,2023-01-12,0,0.527,0.198,0.047,403.1,429.3,409.6,2391.99,0
ORD-101029,SUP-009,0.768,North America,Pharma,Road,2024-05-26,2024-06-01,2024-06-01,0,0.266,0.235,0.014,406.5,305.2,304.2,1776.63,0
ORD-101030,SUP-011,0.936,Europe,Automotive Parts,Sea,2024-02-02,2024-02-22,2024-02-22,0,0.55,0.096,0.133,718.3,651.9,633.9,6696.48,0
ORD-101031,SUP-013,0.8,Middle East/Africa,Machinery,Road,2023-09-12,2023-09-18,2023-09-20,2,0.41,0.309,0.021,510.9,577.2,549.2,4405.7,1
ORD-101032,SUP-029,0.765,Middle East/Africa,Pharma,Sea,2024-08-19,2024-09-08,2024-09-08,0,0.415,0.268,0.264,778.4,625.8,712.1,15054.56,0
ORD-101033,SUP-029,0.765,Europe,Electronics,Sea,2023-08-18,2023-09-09,2023-09-09,0,0.235,0.334,0.339,572.1,505.2,451.6,8679.27,0
ORD-101034,SUP-029,0.765,Europe,FMCG,Road,2024-07-24,2024-07-29,2024-07-29,0,0.497,0.335,0.079,686.9,369.7,460.5,3411.16,0
ORD-101035,SUP-037,0.757,Europe,Pharma,Rail,2023-08-28,2023-09-03,2023-09-03,0,0.693,0.148,0.091,470.9,603.4,478.2,5556.76,0
ORD-101036,SUP-013,0.8,Latin America,Electronics,Rail,2023-01-23,2023-01-29,2023-01-29,0,0.085,0.029,0.049,596.4,340.6,388.8,1450.8,0
ORD-101037,SUP-001,0.823,Asia Pacific,Automotive Parts,Road,2024-06-29,2024-07-03,2024-07-03,0,0.305,0.107,0.025,475.6,346.0,357.9,11301.69,0
ORD-101038,SUP-038,0.957,Latin America,Textiles,Sea,2024-09-28,2024-10-21,2024-10-21,0,0.371,0.392,0.388,628.8,405.2,312.6,20483.61,0
ORD-101039,SUP-024,0.818,Latin America,Automotive Parts,Road,2023-01-12,2023-01-18,2023-01-18,0,0.285,0.177,0.017,637.5,367.9,267.2,7972.87,0
ORD-101040,SUP-005,0.967,Europe,Textiles,Road,2024-09-21,2024-09-27,2024-09-28,1,0.42,0.394,0.014,236.0,436.7,389.9,6687.82,0
ORD-101041,SUP-039,0.777,Asia Pacific,Machinery,Sea,2024-08-11,2024-09-02,2024-09-03,1,0.411,0.108,0.182,717.6,315.3,281.0,6026.63,0
ORD-101042,SUP-013,0.8,Asia Pacific,Textiles,Air,2023-03-24,2023-03-29,2023-04-19,21,0.445,0.0,0.072,717.7,480.6,419.5,7431.81,1
ORD-101043,SUP-006,0.63,Latin America,FMCG,Sea,2023-08-24,2023-09-16,2023-09-16,0,0.142,0.166,0.0,431.8,321.2,390.0,4363.83,0
ORD-101044,SUP-004,0.652,North America,Textiles,Road,2023-07-21,2023-07-27,2023-07-27,0,0.278,0.001,0.078,463.4,352.8,416.4,3554.27,0
ORD-101045,SUP-022,0.872,Middle East/Africa,Automotive Parts,Road,2024-05-05,2024-05-08,2024-05-10,2,0.459,0.224,0.043,502.9,436.4,350.9,4669.72,1
ORD-101046,SUP-015,0.574,Middle East/Africa,Machinery,Rail,2024-05-15,2024-05-23,2024-05-30,7,0.318,0.211,0.069,394.6,547.9,476.4,10176.59,1
ORD-101047,SUP-022,0.872,Asia Pacific,Textiles,Road,2023-12-21,2023-12-24,2023-12-25,1,0.227,0.1,0.083,170.5,392.6,402.8,5350.19,0
ORD-101048,SUP-031,0.712,North America,Automotive Parts,Rail,2024-04-10,2024-04-17,2024-04-17,0,0.275,0.068,0.045,657.1,363.9,346.3,10341.9,0
ORD-101049,SUP-026,0.782,Middle East/Africa,Machinery,Road,2023-06-13,2023-06-16,2023-06-16,0,0.444,0.081,0.031,372.4,308.6,324.9,1250.69,0
ORD-101050,SUP-017,0.619,Asia Pacific,Electronics,Air,2024-05-06,2024-05-10,2024-05-16,6,0.303,0.165,0.075,473.4,559.8,609.8,8742.64,1
ORD-101051,SUP-022,,Asia Pacific,Electronics,Road,2024-07-22,2024-07-25,2024-07-25,0,0.171,0.125,0.069,195.2,506.2,517.8,4754.61,0
ORD-101052,SUP-017,0.619,North America,FMCG,Road,2023-04-19,2023-04-23,2023-04-23,0,0.714,0.324,0.015,645.7,464.0,418.6,6360.29,0
ORD-101053,SUP-026,0.782,North America,Pharma,Rail,2023-02-07,2023-02-13,2023-02-13,0,0.261,0.243,0.057,392.5,361.8,410.9,15223.42,0
ORD-101054,SUP-028,0.644,Asia Pacific,Electronics,Road,2024-03-16,2024-03-20,2024-03-20,0,0.37,0.239,0.059,505.8,591.9,454.8,4690.49,0
ORD-101055,SUP-012,0.612,North America,Electronics,Sea,2024-01-30,2024-02-22,2024-03-10,17,0.323,0.043,0.39,727.6,254.3,199.6,1866.2,1
ORD-101056,SUP-022,0.872,North America,Machinery,Sea,2024-08-08,2024-08-31,2024-09-11,11,0.216,0.069,0.0,462.0,306.2,298.1,3518.26,1
ORD-101057,SUP-019,0.75,Middle East/Africa,Pharma,Road,2024-03-20,2024-03-26,2024-03-26,0,0.172,0.27,0.014,682.3,590.7,548.5,5250.74,0
ORD-101058,SUP-011,0.936,Middle East/Africa,Machinery,Rail,2024-05-03,2024-05-11,2024-05-11,0,0.0,0.449,0.026,786.5,609.6,782.3,2201.27,0
ORD-101059,SUP-024,0.818,Latin America,FMCG,Air,2024-03-02,2024-03-07,2024-03-08,1,0.268,0.238,0.089,828.9,325.5,397.6,5788.48,0
ORD-101060,SUP-014,0.805,Middle East/Africa,Electronics,Road,2023-12-16,2023-12-19,2023-12-19,0,0.605,0.192,0.081,713.8,312.7,302.8,19759.8,0
ORD-101061,SUP-033,0.8,North America,Textiles,Air,2023-05-27,2023-05-30,2023-05-30,0,0.104,0.157,0.093,339.3,502.1,473.1,5807.42,0
ORD-101062,SUP-034,0.576,Latin America,Electronics,Air,2024-03-02,2024-03-05,2024-03-05,0,0.0,0.0,0.036,816.8,654.2,737.1,8076.11,0
ORD-101063,SUP-040,0.607,Europe,Pharma,Road,2023-07-31,2023-08-06,2023-08-06,0,0.46,0.138,0.028,512.4,766.9,774.1,3713.92,0
ORD-101064,SUP-021,0.656,Latin America,Machinery,Rail,2023-06-21,2023-06-30,2023-06-30,0,0.459,0.377,0.019,620.5,394.1,358.3,2819.65,0
ORD-101065,SUP-002,0.788,Latin America,Electronics,Road,2024-02-09,2024-02-12,2024-02-12,0,0.054,0.429,0.075,786.5,305.1,347.3,1593.62,0
ORD-101066,SUP-036,0.714,Middle East/Africa,Machinery,Rail,2023-11-08,2023-11-17,2023-11-17,0,0.384,0.12,0.021,548.0,420.0,453.3,17459.03,0
ORD-101067,SUP-026,0.782,Middle East/Africa,Machinery,Sea,2023-11-24,2023-12-15,2023-12-15,0,0.469,0.192,0.532,667.4,402.1,302.8,3034.21,0
ORD-101068,SUP-013,0.8,Middle East/Africa,Pharma,Sea,2024-05-18,2024-06-08,2024-06-15,7,0.242,0.211,0.027,453.8,594.9,608.0,7812.09,1
ORD-101069,SUP-030,0.76,Asia Pacific,Automotive Parts,Air,2023-08-11,2023-08-14,2023-08-15,1,0.0,0.357,0.028,308.8,394.2,413.2,3184.86,0
ORD-101070,SUP-019,0.75,Asia Pacific,Machinery,Road,2023-03-11,2023-03-17,2023-03-17,0,0.58,0.243,0.003,524.8,500.6,542.5,15387.96,0
ORD-101071,SUP-028,0.644,Middle East/Africa,Electronics,Road,2023-09-04,2023-09-09,2023-09-09,0,0.186,0.278,0.007,453.5,430.8,397.3,10007.63,0
ORD-101072,SUP-040,0.607,Middle East/Africa,Machinery,Rail,2024-06-17,2024-06-24,2024-06-24,0,0.151,0.203,0.085,272.4,488.4,561.4,1731.88,0
ORD-101073,SUP-005,0.967,North America,Automotive Parts,Rail,2023-07-30,2023-08-08,2023-08-09,1,0.228,0.072,0.056,663.6,437.3,493.6,2956.22,0
ORD-101074,SUP-038,0.957,Latin America,Automotive Parts,Sea,2023-03-23,2023-04-12,2023-04-12,0,0.348,0.139,0.0,615.3,409.7,443.2,6562.59,0
ORD-101075,SUP-039,0.777,Middle East/Africa,Textiles,Air,2023-02-22,2023-02-26,2023-02-26,0,0.427,0.1,0.08,483.4,607.9,654.5,5623.78,0
ORD-101076,SUP-002,0.788,Latin America,Pharma,Road,2023-12-14,2023-12-18,2023-12-18,0,0.34,0.056,0.069,501.6,500.7,480.6,3490.79,0
ORD-101077,SUP-039,0.777,Asia Pacific,Machinery,Road,2024-06-05,2024-06-09,2024-06-16,7,0.844,0.137,0.09,471.0,567.7,467.4,6667.31,1
ORD-101078,SUP-004,0.652,Middle East/Africa,Machinery,Sea,2024-06-14,2024-07-06,2024-07-06,0,0.307,0.087,0.477,347.0,340.1,402.3,7891.52,0
ORD-101079,SUP-023,0.548,Middle East/Africa,Pharma,Rail,2024-07-10,2024-07-18,2024-07-18,0,0.153,0.336,0.003,520.4,562.0,484.2,2747.45,0
ORD-101080,SUP-007,0.877,Latin America,FMCG,Road,2024-01-06,2024-01-12,2024-01-12,0,0.47,0.298,0.06,240.9,189.5,222.3,2902.16,0
ORD-101081,SUP-034,0.576,Europe,Automotive Parts,Sea,2023-05-21,2023-06-12,2023-06-12,0,0.201,0.463,0.003,643.2,392.9,339.2,1576.72,0
ORD-101082,SUP-001,0.823,Latin America,Textiles,Road,2024-05-02,2024-05-06,2024-05-06,0,0.0,0.147,0.049,494.3,548.5,545.6,12229.87,0
ORD-101083,SUP-039,0.777,Europe,Machinery,Rail,2024-10-01,2024-10-08,2024-10-09,1,0.386,0.484,0.057,477.2,337.7,324.7,6568.27,0
ORD-101084,SUP-038,0.957,Middle East/Africa,Pharma,Sea,2023-11-13,2023-12-05,2023-12-05,0,0.346,0.396,0.251,473.5,261.1,229.5,7991.86,0
ORD-101085,SUP-036,0.714,Latin America,Pharma,Rail,2023-11-17,2023-11-24,2023-11-27,3,0.302,0.0,0.058,475.3,774.3,521.6,8514.46,1
ORD-101086,SUP-040,0.607,Middle East/Africa,Machinery,Road,2023-04-19,2023-04-22,2023-04-22,0,0.219,0.173,0.066,517.0,340.5,298.8,2369.67,0
ORD-101087,SUP-011,0.936,Latin America,Automotive Parts,Road,2024-02-28,2024-03-02,2024-03-02,0,0.488,0.027,0.097,599.7,443.3,372.3,8834.03,0
ORD-101088,SUP-014,0.805,North America,Automotive Parts,Sea,2023-02-24,2023-03-18,2023-03-18,0,0.383,0.15,0.561,638.7,587.7,660.0,2056.74,0
ORD-101089,SUP-018,0.727,Asia Pacific,FMCG,Air,2023-03-10,2023-03-15,2023-03-15,0,0.562,0.029,0.02,356.7,486.6,542.7,1811.27,0
ORD-101090,SUP-004,0.652,Middle East/Africa,Automotive Parts,Road,2023-05-24,2023-05-30,2023-05-30,0,0.101,0.383,0.018,755.0,868.8,827.4,2957.11,0
ORD-101091,SUP-023,0.548,Middle East/Africa,FMCG,Air,2024-08-26,2024-08-29,2024-09-06,8,0.315,0.121,0.073,377.1,361.8,365.7,5515.03,1
ORD-101092,SUP-006,0.63,Latin America,Pharma,Road,2024-03-25,2024-03-31,2024-03-31,0,0.216,0.0,0.043,581.8,471.6,473.1,3665.5,0
ORD-101093,SUP-026,0.782,Middle East/Africa,FMCG,Rail,2024-03-27,2024-04-03,2024-04-04,1,0.433,0.316,0.004,442.0,488.3,517.4,12959.56,0
ORD-101094,SUP-016,0.842,Latin America,Textiles,Sea,2023-10-04,2023-10-24,2023-10-24,0,0.195,0.0,0.066,298.8,451.6,611.2,3522.5,0
ORD-101095,SUP-031,0.712,Middle East/Africa,Machinery,Road,2023-02-19,2023-02-25,2023-02-25,0,0.0,0.305,0.045,523.4,532.1,429.4,2047.35,0
ORD-101096,SUP-025,0.704,Middle East/Africa,Machinery,Rail,2024-08-25,2024-09-02,2024-09-02,0,0.453,0.29,0.013,779.3,377.9,327.7,4055.78,0
ORD-101097,SUP-015,0.574,Middle East/Africa,Pharma,Road,2024-03-07,2024-03-10,2024-03-16,6,0.192,0.524,0.012,231.2,521.1,570.4,6444.15,1
ORD-101098,SUP-014,0.805,Latin America,Machinery,Road,2023-08-26,2023-08-31,2023-08-31,0,0.353,0.118,0.034,778.1,565.1,558.2,8078.49,0
ORD-101099,SUP-021,0.656,Middle East/Africa,Machinery,Rail,2023-12-02,2023-12-10,2023-12-18,8,0.479,0.204,0.027,548.3,386.6,329.7,12144.41,1
ORD-101100,SUP-005,0.967,Latin America,Pharma,Road,2024-08-31,2024-09-04,2024-09-04,0,0.218,0.255,0.045,392.8,467.6,562.9,1287.82,0
ORD-101101,SUP-025,0.704,Europe,FMCG,Sea,2024-09-07,2024-09-30,2024-09-30,0,0.077,0.135,0.0,718.0,517.3,569.4,8729.89,0
ORD-101102,SUP-037,0.757,Asia Pacific,Textiles,Sea,2023-01-12,2023-02-02,2023-02-12,10,0.328,0.258,0.606,515.0,579.8,450.5,8720.67,1
ORD-101103,SUP-013,0.8,North America,Electronics,Rail,2024-03-13,2024-03-21,2024-03-21,0,0.266,0.314,0.077,684.9,481.6,481.4,3467.73,0
ORD-101104,SUP-031,0.712,Latin America,Pharma,Sea,2023-04-14,2023-05-04,2023-05-04,0,0.315,0.409,0.427,595.3,602.5,646.7,6448.85,0
ORD-101105,SUP-007,0.877,Asia Pacific,FMCG,Road,2024-02-10,2024-02-15,2024-02-23,8,0.487,0.129,0.076,632.0,342.1,245.8,8337.21,1
ORD-101106,SUP-021,0.656,North America,Pharma,Air,2024-05-16,2024-05-20,2024-05-25,5,0.298,0.224,0.096,449.0,441.0,442.9,4225.89,1
ORD-101107,SUP-030,0.76,North America,Machinery,Rail,2024-02-13,2024-02-19,2024-02-21,2,0.694,0.0,0.001,672.8,255.2,250.9,5842.61,1
ORD-101108,SUP-005,0.967,Asia Pacific,FMCG,Road,2023-02-19,2023-02-22,2023-03-05,11,0.15,0.311,0.029,599.2,249.1,189.7,6806.63,1
ORD-101109,SUP-003,0.783,Latin America,Pharma,Road,2024-04-07,2024-04-12,2024-04-12,0,0.0,0.236,0.021,405.8,504.2,525.6,9922.73,0
ORD-101110,SUP-017,0.619,Asia Pacific,Textiles,Sea,2024-05-19,2024-06-08,2024-06-09,1,0.399,0.272,0.165,509.8,479.3,430.8,4246.63,1
ORD-101111,SUP-035,0.443,North America,Pharma,Rail,2024-07-08,2024-07-17,2024-07-17,0,0.0,0.106,0.051,514.5,519.5,347.7,6888.66,0
ORD-101112,SUP-012,0.612,Latin America,Automotive Parts,Road,2023-03-29,2023-04-04,2023-04-12,8,0.104,0.0,0.001,432.9,203.4,176.3,1727.22,1
ORD-101113,SUP-010,0.898,North America,Electronics,Road,2024-03-30,2024-04-02,2024-04-02,0,0.0,0.289,0.05,468.5,304.3,376.5,4864.26,0
ORD-101114,SUP-002,0.788,North America,Machinery,Rail,2023-10-09,2023-10-16,2023-10-16,0,0.496,0.401,0.057,335.0,461.2,448.6,9977.84,0
ORD-101115,SUP-001,0.823,North America,FMCG,Road,2023-09-14,2023-09-17,2023-09-17,0,0.302,0.255,0.037,514.5,443.2,410.8,8783.54,0
ORD-101116,SUP-032,0.702,Latin America,Pharma,Road,2023-04-10,2023-04-13,2023-04-13,0,0.024,0.207,0.024,300.7,381.8,437.1,4471.0,0
ORD-101117,SUP-003,0.783,Latin America,Pharma,Road,2024-02-09,2024-02-14,2024-02-14,0,0.461,0.0,0.071,438.9,362.0,342.6,11070.83,0
ORD-101118,SUP-017,0.619,Middle East/Africa,Textiles,Sea,2024-07-26,2024-08-16,2024-08-16,0,0.609,0.305,0.045,555.4,734.0,818.2,5817.47,0
ORD-101119,SUP-009,0.768,Asia Pacific,FMCG,Road,2024-08-15,2024-08-21,2024-09-01,11,0.244,0.069,0.005,445.0,389.9,489.0,6403.29,1
ORD-101120,SUP-038,0.957,Middle East/Africa,Textiles,Sea,2023-02-14,2023-03-08,2023-03-08,0,0.275,0.28,0.423,538.6,440.5,525.0,4034.07,0
ORD-101121,SUP-004,0.652,North America,Automotive Parts,Rail,2024-05-11,2024-05-18,2024-05-18,0,0.381,0.064,0.01,383.3,501.7,479.8,2478.24,0
ORD-101122,SUP-012,0.612,Europe,Pharma,Road,2023-02-15,2023-02-20,2023-02-20,0,0.052,0.31,0.057,422.9,400.9,372.1,5154.48,0
ORD-101123,SUP-021,0.656,North America,FMCG,Air,2023-11-01,2023-11-05,2023-11-05,0,0.722,0.113,0.008,519.1,444.6,433.6,8518.84,0
ORD-101124,SUP-020,0.762,North America,Machinery,Road,2024-06-02,2024-06-07,2024-06-08,1,0.17,0.042,0.019,828.5,464.6,519.4,1246.25,0
ORD-101125,SUP-025,0.704,Asia Pacific,FMCG,Road,2023-03-26,2023-03-29,2023-03-29,0,0.034,0.142,0.031,617.1,580.7,413.2,14018.8,0
ORD-101126,SUP-015,0.574,Asia Pacific,Automotive Parts,Road,2023-12-09,2023-12-13,2023-12-14,1,0.179,0.066,0.082,716.7,287.4,224.6,2043.54,0
ORD-101127,SUP-022,0.872,Europe,Pharma,Road,2024-02-23,2024-02-26,2024-02-26,0,0.402,0.005,0.043,564.2,493.0,632.3,759.37,0
ORD-101128,SUP-035,0.443,Asia Pacific,Textiles,Road,2023-02-12,2023-02-16,2023-02-19,3,0.343,0.212,0.004,496.9,301.1,339.7,1255.2,1
ORD-101129,SUP-014,0.805,Latin America,Machinery,Rail,2023-07-30,2023-08-07,2023-08-07,0,0.469,0.072,0.099,164.7,397.9,491.1,15732.14,0
ORD-101130,SUP-006,0.63,Asia Pacific,Machinery,Road,2024-03-24,2024-03-27,2024-03-27,0,0.229,0.121,0.046,399.7,528.4,594.9,3339.19,0
ORD-101131,SUP-017,0.619,Latin America,Electronics,Sea,2023-08-30,2023-09-19,2023-10-09,20,0.0,0.087,0.213,685.3,461.7,365.6,13473.19,1
ORD-101132,SUP-012,0.612,Asia Pacific,Machinery,Road,2024-04-02,2024-04-05,2024-04-05,0,0.061,0.354,0.035,246.3,443.4,393.5,4223.29,0
ORD-101133,SUP-002,0.788,Europe,Pharma,Road,2024-02-03,2024-02-06,2024-02-07,1,0.745,0.0,0.02,356.4,519.4,675.1,4176.53,0
ORD-101134,SUP-033,0.8,Europe,Textiles,Rail,2023-02-08,2023-02-16,2023-02-17,1,0.569,0.309,0.029,323.4,505.6,509.2,7831.29,1
ORD-101135,SUP-031,0.712,North America,FMCG,Rail,2023-05-06,2023-05-15,2023-05-15,0,0.185,0.469,0.025,381.8,494.6,463.3,4721.42,0
ORD-101136,SUP-038,0.957,Latin America,Machinery,Road,2023-07-27,2023-07-31,2023-08-01,1,0.0,0.228,0.085,630.6,526.7,521.9,6684.08,0
ORD-101137,SUP-003,0.783,Europe,FMCG,Sea,2024-07-03,2024-07-26,2024-08-03,8,0.387,0.0,0.374,486.8,602.0,539.0,3825.35,1
ORD-101138,SUP-005,0.967,Europe,Textiles,Sea,2024-04-14,2024-05-05,2024-05-11,6,0.125,0.328,0.212,521.3,476.2,429.2,9944.93,1
ORD-101139,SUP-029,0.765,North America,Machinery,Road,2023-05-16,2023-05-22,2023-05-23,1,0.229,0.056,0.049,616.9,557.4,588.4,5686.57,0
ORD-101140,SUP-013,0.8,Asia Pacific,Textiles,Sea,2024-06-14,2024-07-07,2024-07-07,0,0.127,0.338,0.391,532.5,323.6,290.5,5948.51,0
ORD-101141,SUP-003,0.783,Asia Pacific,FMCG,Sea,2023-08-21,2023-09-13,2023-09-13,0,0.383,0.131,0.199,70.8,496.3,466.1,4502.16,0
ORD-101142,SUP-002,0.788,Asia Pacific,FMCG,Rail,2024-09-01,2024-09-07,2024-09-07,0,0.542,0.145,0.091,446.2,377.3,339.3,6864.69,0
ORD-101143,SUP-006,0.63,Asia Pacific,Pharma,Sea,2023-10-06,2023-10-29,2023-10-29,0,0.6,0.058,0.398,389.3,428.7,358.9,6306.31,0
ORD-101144,SUP-011,0.936,Middle East/Africa,FMCG,Sea,2023-02-21,2023-03-14,2023-03-15,1,0.56,0.232,0.175,616.8,278.9,234.0,5363.95,0
ORD-101145,SUP-027,0.793,North America,Pharma,Air,2024-07-30,2024-08-01,2024-08-02,1,0.276,0.071,0.089,677.5,436.8,359.5,3970.6,0
ORD-101146,SUP-037,0.757,Latin America,Electronics,Sea,2023-05-03,2023-05-25,2023-05-25,0,0.488,0.197,0.145,227.3,515.0,455.4,13730.63,0
ORD-101147,SUP-017,0.619,Asia Pacific,Pharma,Sea,2023-05-28,2023-06-18,2023-06-26,8,0.274,0.038,0.573,528.3,466.8,406.2,6004.84,1
ORD-101148,SUP-017,0.619,Europe,Pharma,Road,2023-11-16,2023-11-19,2023-11-19,0,0.341,0.158,0.011,387.1,627.1,488.3,8955.83,0
ORD-101149,SUP-033,0.8,Europe,Electronics,Road,2023-05-06,2023-05-09,2023-05-13,4,0.506,0.001,0.074,585.2,581.6,635.8,3996.06,1
ORD-101150,SUP-037,0.757,Middle East/Africa,Electronics,Road,2023-12-26,2023-12-31,2024-01-01,1,0.279,0.02,0.069,495.2,621.8,593.8,3143.62,0
ORD-101151,SUP-033,0.8,Middle East/Africa,FMCG,Sea,2023-08-02,2023-08-24,2023-08-24,0,0.008,0.219,0.251,386.2,675.4,675.0,9505.72,0
ORD-101152,SUP-001,0.823,Asia Pacific,Electronics,Sea,2023-01-15,2023-02-05,2023-02-06,1,0.676,0.18,0.188,629.2,276.7,296.6,4895.75,0
ORD-101153,SUP-030,0.76,Latin America,FMCG,Road,2023-02-09,2023-02-14,2023-02-27,13,0.256,0.103,0.07,817.3,582.7,633.3,2357.51,1
ORD-101154,SUP-031,0.712,North America,Automotive Parts,Road,2023-11-09,2023-11-12,2023-11-13,1,0.275,0.168,0.018,393.5,581.0,538.1,10888.83,0
ORD-101155,SUP-018,0.727,Europe,Automotive Parts,Rail,2024-07-19,2024-07-25,2024-07-25,0,0.177,0.0,0.097,494.4,466.4,542.8,7076.08,0
ORD-101156,SUP-033,0.8,Middle East/Africa,Textiles,Rail,2023-09-11,2023-09-17,2023-09-17,0,0.538,0.178,0.099,448.2,324.4,354.9,4863.82,0
ORD-101157,SUP-013,0.8,North America,FMCG,Road,2023-02-02,2023-02-05,2023-02-05,0,0.296,0.131,0.023,662.3,418.5,371.5,8535.12,0
ORD-101158,SUP-038,0.957,Latin America,Pharma,Rail,2023-12-10,2023-12-16,2023-12-16,0,0.433,0.365,0.06,413.4,373.6,430.1,12572.57,0
ORD-101159,SUP-020,0.762,Asia Pacific,FMCG,Road,2024-07-05,2024-07-09,2024-07-09,0,0.635,0.035,0.019,435.4,502.3,398.8,8871.48,0
ORD-101160,SUP-026,0.782,Europe,Pharma,Sea,2024-02-04,2024-02-27,2024-02-27,0,0.091,0.05,0.352,701.6,469.4,355.6,3882.73,0
ORD-101161,SUP-031,0.712,Latin America,Textiles,Sea,2024-02-09,2024-02-29,2024-03-08,8,0.521,0.244,0.8,510.0,457.4,511.5,2824.55,1
ORD-101162,SUP-005,0.967,Latin America,FMCG,Air,2024-05-18,2024-05-23,2024-05-23,0,0.526,0.444,0.047,398.3,262.2,286.0,6356.11,0
ORD-101163,SUP-021,0.656,Latin America,FMCG,Sea,2024-03-12,2024-04-03,2024-04-03,0,0.476,0.206,0.068,430.6,491.1,625.1,5249.31,0
ORD-101164,SUP-021,0.656,Europe,Textiles,Rail,2024-06-17,2024-06-24,2024-06-24,0,0.208,0.206,0.038,187.6,406.4,350.1,11055.2,0
ORD-101165,SUP-009,0.768,Latin America,Machinery,Sea,2023-10-27,2023-11-16,2023-11-16,0,0.0,0.102,0.176,580.0,623.5,499.6,10440.07,0
ORD-101166,SUP-034,0.576,North America,FMCG,Sea,2023-01-22,2023-02-13,2023-02-19,6,0.022,0.245,0.34,393.4,470.1,419.2,2114.87,1
ORD-101167,SUP-009,0.768,Middle East/Africa,Pharma,Rail,2023-09-14,2023-09-23,2023-09-23,0,0.405,0.257,0.094,420.1,433.4,433.6,4107.66,0
ORD-101168,SUP-018,0.727,Middle East/Africa,Textiles,Road,2023-10-28,2023-11-01,2023-11-01,0,0.583,0.0,0.03,587.7,608.3,472.1,7342.58,0
ORD-101169,SUP-014,0.805,Latin America,Textiles,Road,2024-05-07,2024-05-13,2024-05-13,0,0.216,0.078,0.094,692.2,374.6,469.1,3285.16,0
ORD-101170,SUP-022,0.872,North America,Textiles,Road,2024-04-06,2024-04-10,2024-04-11,1,0.634,0.014,0.079,579.2,343.5,256.6,5114.14,0
ORD-101171,SUP-033,0.8,Middle East/Africa,Machinery,Road,2023-01-05,2023-01-08,2023-01-08,0,0.457,0.24,0.033,394.5,596.4,422.3,5259.74,0
ORD-101172,SUP-019,0.75,Europe,Pharma,Sea,2023-05-17,2023-06-06,2023-06-07,1,0.779,0.324,0.253,700.0,587.0,713.3,8190.58,1
ORD-101173,SUP-040,0.607,Europe,Automotive Parts,Road,2023-02-10,2023-02-16,2023-02-16,0,0.55,0.328,0.004,740.5,556.5,593.6,7849.97,0
ORD-101174,SUP-010,0.898,Middle East/Africa,Automotive Parts,Rail,2023-03-16,2023-03-25,2023-03-25,0,0.202,0.336,0.034,617.7,533.1,658.2,4711.15,0
ORD-101175,SUP-009,,Latin America,Textiles,Road,2023-11-09,2023-11-15,2023-11-15,0,0.261,0.092,0.065,448.5,513.8,515.5,3910.27,0
ORD-101176,SUP-002,0.788,Latin America,Electronics,Air,2024-01-27,2024-02-01,2024-02-01,0,0.202,0.254,0.077,471.7,469.3,468.8,13934.51,0
ORD-101177,SUP-034,0.576,Middle East/Africa,Machinery,Road,2023-10-21,2023-10-27,2023-10-31,4,0.189,0.227,0.096,509.4,409.9,452.1,25640.74,1
ORD-101178,SUP-002,0.788,Europe,FMCG,Road,2023-04-30,2023-05-06,2023-05-06,0,0.169,0.245,0.013,714.5,474.1,565.9,2114.67,0
ORD-101179,SUP-020,0.762,Latin America,Electronics,Road,2024-01-24,2024-01-29,2024-01-29,0,0.423,0.22,0.061,600.2,581.3,740.0,2470.1,0
ORD-101180,SUP-032,0.702,Asia Pacific,Pharma,Road,2023-08-28,2023-08-31,2023-08-31,0,0.639,0.182,0.019,409.2,509.1,497.8,7820.41,0
ORD-101181,SUP-004,0.652,North America,Electronics,Rail,2024-08-13,2024-08-20,2024-08-20,0,0.613,0.075,0.002,537.3,418.0,335.9,7760.94,0
ORD-101182,SUP-017,0.619,Latin America,Electronics,Rail,2023-07-25,2023-08-01,2023-08-12,11,0.069,0.0,0.05,537.4,560.7,485.8,8779.11,1
ORD-101183,SUP-035,0.443,Europe,Pharma,Road,2023-06-19,2023-06-22,2023-07-05,13,0.478,0.146,0.009,319.8,289.6,309.0,12107.96,1
ORD-101184,SUP-029,0.765,North America,Textiles,Sea,2023-10-22,2023-11-11,2023-11-11,0,0.292,0.029,0.113,422.5,483.2,606.7,18489.35,0
ORD-101185,SUP-004,0.652,Europe,Textiles,Sea,2024-02-19,2024-03-13,2024-03-17,4,0.157,0.315,0.156,442.3,328.8,316.5,1957.63,1
ORD-101186,SUP-031,0.712,Asia Pacific,FMCG,Rail,2023-11-22,2023-11-28,2023-11-28,0,0.086,0.263,0.031,636.4,556.8,623.3,2731.02,0
ORD-101187,SUP-011,0.936,Europe,FMCG,Air,2024-04-29,2024-05-01,2024-05-01,0,0.398,0.19,0.02,488.8,392.7,292.2,5710.3,0
ORD-101188,SUP-007,0.877,Asia Pacific,FMCG,Rail,2023-01-01,2023-01-10,2023-01-10,0,0.211,0.345,0.096,554.7,514.6,564.2,2096.67,0
ORD-101189,SUP-020,0.762,Latin America,Machinery,Rail,2023-01-24,2023-02-01,2023-02-03,2,0.486,0.352,0.065,779.7,518.3,587.7,2424.91,1
ORD-101190,SUP-036,0.714,North America,Electronics,Road,2023-02-25,2023-03-03,2023-03-11,8,0.0,0.059,0.012,269.5,769.2,614.6,4784.13,1
ORD-101191,SUP-028,0.644,Middle East/Africa,Textiles,Air,2024-07-26,2024-07-30,2024-07-30,0,0.034,0.136,0.055,733.0,453.8,402.9,2771.77,0
ORD-101192,SUP-038,0.957,Europe,Pharma,Road,2024-03-15,2024-03-20,2024-03-21,1,0.0,0.318,0.013,633.5,520.7,519.4,3424.02,0
ORD-101193,SUP-006,0.63,North America,Textiles,Road,2023-08-27,2023-09-02,2023-09-10,8,0.384,0.08,0.048,454.1,223.7,303.7,9111.65,1
ORD-101194,SUP-037,0.757,Europe,Electronics,Road,2023-08-03,2023-08-06,2023-08-06,0,0.377,0.0,0.065,681.4,629.1,541.5,4585.56,0
ORD-101195,SUP-040,0.607,North America,Textiles,Sea,2023-06-27,2023-07-20,2023-07-20,0,0.328,0.266,0.114,545.7,570.8,565.1,3169.62,0
ORD-101196,SUP-004,0.652,Middle East/Africa,Automotive Parts,Air,2024-04-18,2024-04-23,2024-04-24,1,0.114,0.253,0.025,476.3,571.9,446.1,5627.4,0
ORD-101197,SUP-022,0.872,Latin America,Machinery,Road,2023-04-20,2023-04-25,2023-05-02,7,0.264,0.079,0.081,379.2,423.7,404.0,7619.58,1
ORD-101198,SUP-014,0.805,North America,Machinery,Sea,2023-10-05,2023-10-27,2023-10-27,0,0.386,0.174,0.0,354.5,452.2,314.7,6500.48,0
ORD-101199,SUP-020,0.762,Latin America,FMCG,Road,2024-08-13,2024-08-17,2024-08-17,0,0.142,0.0,0.03,563.6,469.1,486.8,6093.11,0
ORD-101200,SUP-016,0.842,Asia Pacific,Textiles,Road,2023-02-18,2023-02-21,2023-02-21,0,0.315,0.281,0.099,515.0,637.4,774.3,5613.81,0
ORD-101201,SUP-011,0.936,North America,Automotive Parts,Air,2024-05-23,2024-05-25,2024-06-01,7,0.053,0.323,0.066,454.2,323.5,308.9,6144.97,1
ORD-101202,SUP-014,,Europe,Machinery,Sea,2023-11-06,2023-11-28,2023-11-28,0,0.083,0.164,0.345,753.0,372.6,465.3,10148.17,0
ORD-101203,SUP-034,0.576,Middle East/Africa,Electronics,Rail,2024-02-19,2024-02-26,2024-02-26,0,0.12,0.024,0.082,477.4,393.8,281.6,5627.98,0
ORD-101204,SUP-037,0.757,Middle East/Africa,FMCG,Road,2024-02-15,2024-02-21,2024-02-21,0,0.03,0.317,0.016,647.1,176.7,109.7,4132.77,0
ORD-101205,SUP-007,0.877,Asia Pacific,Electronics,Sea,2023-07-17,2023-08-07,2023-08-07,0,0.141,0.101,0.483,383.8,488.8,488.1,5421.11,0
ORD-101206,SUP-038,0.957,Europe,FMCG,Sea,2024-07-11,2024-07-31,2024-07-31,0,0.307,0.137,0.31,281.6,744.2,623.0,3730.56,0
ORD-101207,SUP-040,0.607,North America,Automotive Parts,Air,2024-03-28,2024-03-31,2024-04-09,9,0.477,0.422,0.064,772.4,288.2,241.2,4751.76,1
ORD-101208,SUP-008,0.711,North America,FMCG,Air,2023-06-01,2023-06-04,2023-06-19,15,0.281,0.271,0.033,467.5,438.0,509.3,8301.93,1
ORD-101209,SUP-027,0.793,Latin America,Pharma,Road,2024-04-17,2024-04-21,2024-04-21,0,0.287,0.143,0.042,524.0,367.2,374.6,5309.42,0
ORD-101210,SUP-015,0.574,North America,Textiles,Road,2024-10-01,2024-10-07,2024-10-07,0,0.053,0.163,0.08,330.5,549.2,431.0,6647.14,0
ORD-101211,SUP-010,,Asia Pacific,FMCG,Road,2023-06-25,2023-07-01,2023-07-10,9,0.39,0.195,0.065,457.5,344.1,372.5,5632.95,1
ORD-101212,SUP-034,0.576,Asia Pacific,FMCG,Road,2024-05-10,2024-05-15,2024-05-15,0,0.082,0.0,0.063,495.7,606.3,578.6,2144.1,0
ORD-101213,SUP-021,0.656,North America,FMCG,Road,2023-10-20,2023-10-24,2023-10-24,0,0.385,0.324,0.078,439.9,402.0,380.5,7691.28,0
ORD-101214,SUP-040,0.607,Middle East/Africa,Textiles,Road,2023-04-09,2023-04-14,2023-04-14,0,0.219,0.385,0.025,510.2,479.7,532.8,3129.84,0
ORD-101215,SUP-021,0.656,North America,Pharma,Rail,2024-06-01,2024-06-09,2024-06-09,0,0.481,0.177,0.056,478.2,469.8,438.4,2285.03,0
ORD-101216,SUP-023,0.548,North America,Electronics,Road,2023-01-19,2023-01-24,2023-01-24,0,0.274,0.0,0.037,526.8,427.0,463.0,19321.36,0
ORD-101217,SUP-040,0.607,Latin America,Automotive Parts,Sea,2023-01-19,2023-02-11,2023-02-11,0,0.018,0.19,0.37,375.5,685.9,711.4,7268.47,0
ORD-101218,SUP-016,0.842,Middle East/Africa,Pharma,Road,2023-04-21,2023-04-25,2023-05-03,8,0.227,0.368,0.001,497.6,184.9,172.1,2588.77,1
ORD-101219,SUP-009,0.768,Asia Pacific,Electronics,Road,2023-11-24,2023-11-30,2023-12-14,14,,0.167,0.064,326.6,451.9,485.3,9248.88,1
ORD-101220,SUP-013,0.8,Middle East/Africa,FMCG,Road,2023-11-02,2023-11-06,2023-11-06,0,0.035,0.265,0.021,643.5,328.7,382.3,6095.45,0
ORD-101221,SUP-012,0.612,Asia Pacific,Electronics,Road,2023-08-04,2023-08-07,2023-08-08,1,0.094,0.115,0.081,362.7,304.9,235.6,4962.79,0
ORD-101222,SUP-024,0.818,North America,Textiles,Road,2023-04-07,2023-04-13,2023-04-17,4,0.509,0.222,0.099,729.9,630.3,554.8,10203.94,1
ORD-101223,SUP-014,0.805,Middle East/Africa,FMCG,Rail,2024-02-25,2024-03-05,2024-03-05,0,0.483,0.204,0.04,389.2,360.6,361.3,3294.51,0
ORD-101224,SUP-040,0.607,Asia Pacific,FMCG,Road,2023-08-10,2023-08-16,2023-08-20,4,0.497,0.0,0.083,297.5,480.4,511.3,3747.48,1
ORD-101225,SUP-026,0.782,Europe,Pharma,Road,2024-02-05,2024-02-11,2024-02-11,0,0.224,0.0,0.034,726.6,481.8,395.2,3047.13,0
ORD-101226,SUP-005,0.967,North America,Electronics,Sea,2024-02-18,2024-03-12,2024-03-18,6,0.385,0.415,0.335,606.0,518.1,388.7,8274.92,1
ORD-101227,SUP-003,0.783,Europe,FMCG,Road,2023-10-04,2023-10-09,2023-10-09,0,0.31,0.46,0.009,535.1,229.0,237.6,4123.63,0
ORD-101228,SUP-001,0.823,North America,Textiles,Sea,2023-08-29,2023-09-20,2023-09-20,0,0.434,0.416,0.293,489.3,278.2,231.9,3275.45,0
ORD-101229,SUP-023,0.548,Latin America,FMCG,Sea,2024-07-09,2024-08-01,2024-08-01,0,0.064,0.067,0.525,530.2,334.2,304.6,3224.8,0
ORD-101230,SUP-014,0.805,Asia Pacific,Automotive Parts,Road,2023-11-21,2023-11-25,2023-11-25,0,1.0,0.335,0.073,456.4,491.4,422.7,10004.8,0
ORD-101231,SUP-017,0.619,Middle East/Africa,FMCG,Road,2023-04-23,2023-04-26,2023-06-02,37,0.442,0.407,0.043,379.6,485.6,492.5,2146.64,1
ORD-101232,SUP-021,0.656,North America,Pharma,Air,2024-06-26,2024-06-29,2024-07-05,6,0.253,0.248,0.078,389.3,555.7,646.2,3092.23,1
ORD-101233,SUP-017,0.619,North America,Automotive Parts,Sea,2023-06-17,2023-07-09,2023-07-17,8,0.222,0.251,0.169,694.9,370.6,337.7,6712.65,1
ORD-101234,SUP-032,0.702,North America,Machinery,Road,2023-03-12,2023-03-17,2023-03-19,2,0.462,0.523,0.021,689.4,635.3,665.5,4387.9,0
ORD-101235,SUP-037,0.757,Middle East/Africa,Electronics,Rail,2023-01-25,2023-02-03,2023-02-03,0,0.306,0.226,0.022,685.5,490.9,515.7,1392.99,0
ORD-101236,SUP-039,0.777,North America,Electronics,Road,2024-06-15,2024-06-19,2024-06-19,0,0.22,0.0,0.028,445.4,357.6,338.9,2335.95,0
ORD-101237,SUP-032,0.702,Asia Pacific,Machinery,Rail,2024-01-24,2024-02-01,2024-02-02,1,0.028,0.301,0.03,412.6,486.7,536.3,3758.52,0
ORD-101238,SUP-029,0.765,Latin America,Electronics,Road,2024-09-20,2024-09-24,2024-09-24,0,0.086,0.227,0.002,717.1,602.6,488.9,3461.68,0
ORD-101239,SUP-016,0.842,Latin America,Automotive Parts,Road,2024-07-11,2024-07-17,2024-07-17,0,0.232,0.227,0.005,494.2,600.2,548.8,5700.86,0
ORD-101240,SUP-037,0.757,North America,Electronics,Sea,2023-07-21,2023-08-12,2023-08-12,0,0.307,0.092,0.34,408.8,300.3,346.2,14619.97,0
ORD-101241,SUP-019,0.75,North America,Textiles,Air,2023-04-25,2023-04-28,2023-04-28,0,0.0,0.152,0.097,570.7,278.7,300.8,5008.15,0
ORD-101242,SUP-002,0.788,Europe,Textiles,Rail,2023-05-21,2023-05-28,2023-05-28,0,0.313,0.25,0.021,615.5,576.6,519.5,1732.91,0
ORD-101243,SUP-033,0.8,North America,Textiles,Sea,2023-05-17,2023-06-06,2023-06-12,6,0.382,0.475,0.312,606.2,336.8,325.6,3635.15,1
ORD-101244,SUP-013,0.8,Latin America,Machinery,Road,2023-04-26,2023-05-02,2023-05-02,0,0.389,0.042,0.012,382.6,517.3,449.0,10962.37,0
ORD-101245,SUP-001,0.823,Middle East/Africa,Machinery,Road,2024-09-20,2024-09-25,2024-09-25,0,0.188,0.219,0.086,387.6,532.8,303.8,4659.54,0
ORD-101246,SUP-005,0.967,Middle East/Africa,Pharma,Rail,2023-10-15,2023-10-21,2023-10-21,0,0.689,0.134,0.061,398.4,537.6,570.1,1970.93,0
ORD-101247,SUP-001,0.823,Asia Pacific,Textiles,Sea,2023-12-31,2024-01-21,2024-01-26,5,0.231,0.165,0.466,176.1,390.1,287.1,3131.87,1
ORD-101248,SUP-018,0.727,North America,Electronics,Sea,2024-05-14,2024-06-03,2024-06-04,1,0.424,0.266,0.0,525.9,479.5,484.9,4237.92,0
ORD-101249,SUP-031,0.712,Latin America,Automotive Parts,Rail,2023-08-23,2023-08-29,2023-09-09,11,0.212,0.468,0.001,553.4,451.8,361.0,4284.13,1
ORD-101250,SUP-035,0.443,North America,Pharma,Road,2024-08-06,2024-08-10,2024-08-10,0,0.665,0.252,0.042,381.4,492.4,546.5,5038.08,0
ORD-101251,SUP-002,0.788,Middle East/Africa,Electronics,Road,2023-06-03,2023-06-06,2023-06-22,16,0.5,0.187,0.016,373.7,396.7,355.1,16013.58,1
ORD-101252,SUP-024,0.818,Latin America,Textiles,Road,2024-02-28,2024-03-05,2024-03-05,0,0.191,0.173,0.03,539.2,209.3,247.4,2546.29,0
ORD-101253,SUP-002,0.788,Europe,Machinery,Sea,2024-09-15,2024-10-08,2024-10-08,0,0.371,0.51,0.149,589.2,518.0,472.2,4094.65,0
ORD-101254,SUP-012,0.612,Middle East/Africa,Textiles,Road,2023-01-19,2023-01-25,2023-02-02,8,0.191,0.165,0.064,624.3,351.1,320.9,2888.14,1
ORD-101255,SUP-024,0.818,Middle East/Africa,Electronics,Road,2024-01-18,2024-01-21,2024-01-21,0,0.0,0.302,0.034,581.6,529.6,630.9,8144.91,0
ORD-101256,SUP-032,0.702,Asia Pacific,Textiles,Rail,2023-01-26,2023-02-04,2023-02-12,8,0.447,0.396,0.086,651.3,498.4,565.7,5213.23,1
ORD-101257,SUP-005,0.967,Europe,Pharma,Sea,2024-02-22,2024-03-14,2024-03-14,0,0.129,0.117,0.113,612.6,460.9,355.6,4563.02,0
ORD-101258,SUP-001,0.823,Latin America,Automotive Parts,Air,2024-04-25,2024-04-27,2024-04-27,0,0.267,0.217,0.018,433.5,322.1,319.7,3243.02,0
ORD-101259,SUP-024,0.818,Middle East/Africa,Machinery,Sea,2023-03-11,2023-03-31,2023-03-31,0,0.157,0.066,0.03,719.4,529.8,513.9,8670.3,0
ORD-101260,SUP-016,0.842,North America,Automotive Parts,Air,2024-03-12,2024-03-17,2024-03-17,0,0.641,0.226,0.066,316.3,439.8,473.0,11293.26,0
ORD-101261,SUP-018,0.727,North America,Electronics,Sea,2023-03-16,2023-04-07,2023-04-07,0,0.586,0.173,0.296,458.9,411.1,521.5,4298.24,0
ORD-101262,SUP-001,0.823,Middle East/Africa,FMCG,Road,2024-03-25,2024-03-30,2024-03-30,0,0.354,0.259,0.028,595.5,391.7,415.0,1765.1,0
ORD-101263,SUP-031,0.712,Middle East/Africa,Automotive Parts,Rail,2024-05-23,2024-05-30,2024-06-22,23,,0.301,0.05,492.6,516.1,354.4,2994.68,1
ORD-101264,SUP-016,0.842,Europe,Electronics,Air,2023-06-23,2023-06-27,2023-06-27,0,0.492,0.081,0.057,396.2,653.0,688.7,3728.77,0
ORD-101265,SUP-036,0.714,Europe,FMCG,Rail,2023-12-23,2023-12-29,2023-12-30,1,0.338,0.475,0.016,698.4,234.1,263.1,3615.87,0
ORD-101266,SUP-012,,Europe,Textiles,Road,2024-07-24,2024-07-27,2024-07-27,0,0.447,0.085,0.026,339.8,384.0,364.9,6015.6,0
ORD-101267,SUP-006,0.63,Latin America,Electronics,Road,2023-03-23,2023-03-26,2023-03-31,5,0.104,0.343,0.079,425.7,347.2,330.6,7989.37,1
ORD-101268,SUP-014,0.805,Asia Pacific,Automotive Parts,Road,2024-07-25,2024-07-31,2024-07-31,0,0.118,0.173,0.035,428.7,337.3,317.7,1941.04,0
ORD-101269,SUP-010,0.898,North America,FMCG,Sea,2024-05-27,2024-06-19,2024-06-19,0,0.378,0.102,0.208,393.5,454.5,404.7,4629.09,0
ORD-101270,SUP-016,0.842,Europe,Pharma,Air,2024-07-28,2024-07-31,2024-08-08,8,0.449,0.237,0.059,456.8,424.8,522.2,1779.61,1
ORD-101271,SUP-009,0.768,Asia Pacific,Machinery,Road,2023-07-16,2023-07-20,2023-07-20,0,0.213,0.052,0.001,464.6,565.8,650.6,13188.02,0
ORD-101272,SUP-002,0.788,Middle East/Africa,Machinery,Road,2024-01-31,2024-02-03,2024-02-03,0,0.445,0.426,0.057,390.7,680.1,667.0,2083.03,0
ORD-101273,SUP-027,0.793,Asia Pacific,FMCG,Rail,2024-08-07,2024-08-15,2024-08-15,0,0.321,0.0,0.049,553.2,524.1,620.2,1385.83,0
ORD-101274,SUP-026,0.782,Middle East/Africa,Electronics,Road,2023-09-18,2023-09-24,2023-09-24,0,0.243,0.009,0.008,461.9,266.8,205.9,2197.74,0
ORD-101275,SUP-035,0.443,Middle East/Africa,Textiles,Road,2024-06-18,2024-06-22,2024-06-23,1,0.0,0.183,0.045,404.4,446.0,487.2,3189.1,0
ORD-101276,SUP-036,0.714,North America,Electronics,Road,2024-04-18,2024-04-22,2024-04-28,6,0.0,0.296,0.025,754.4,343.3,270.5,2077.55,1
ORD-101277,SUP-008,0.711,Asia Pacific,Machinery,Sea,2024-05-01,2024-05-21,2024-05-22,1,0.207,0.324,0.307,565.6,396.4,418.8,5954.45,0
ORD-101278,SUP-013,,North America,Pharma,Road,2023-07-23,2023-07-29,2023-07-29,0,0.169,0.248,0.005,421.5,605.2,629.1,5878.84,0
ORD-101279,SUP-030,0.76,Europe,Electronics,Rail,2024-02-21,2024-03-01,2024-03-09,8,0.369,0.321,0.033,368.6,616.4,556.3,4927.73,1
ORD-101280,SUP-009,0.768,Asia Pacific,Machinery,Sea,2023-11-05,2023-11-28,2023-11-28,0,0.561,0.242,0.579,488.1,415.0,476.5,10084.92,0
ORD-101281,SUP-018,0.727,North America,FMCG,Air,2023-08-15,2023-08-18,2023-08-19,1,0.092,0.463,0.038,487.3,568.0,530.5,5032.53,0
ORD-101282,SUP-039,0.777,Asia Pacific,Textiles,Sea,2023-10-06,2023-10-26,2023-11-01,6,0.088,0.04,0.004,473.4,407.8,460.7,2903.53,1
ORD-101283,SUP-011,0.936,Asia Pacific,Machinery,Sea,2023-04-22,2023-05-12,2023-05-12,0,0.301,0.333,0.109,278.0,676.3,604.8,7377.81,0
ORD-101284,SUP-028,0.644,North America,Machinery,Road,2024-08-10,2024-08-15,2024-08-18,3,0.0,0.342,0.011,382.8,478.2,506.9,8440.87,1
ORD-101285,SUP-018,0.727,Middle East/Africa,Pharma,Road,2023-04-12,2023-04-16,2023-04-16,0,0.0,0.551,0.009,386.9,463.8,534.0,6724.27,0
ORD-101286,SUP-019,0.75,Latin America,Electronics,Air,2024-06-14,2024-06-16,2024-06-16,0,0.23,0.283,0.024,340.0,450.3,435.8,8537.74,0
ORD-101287,SUP-026,0.782,Europe,Pharma,Road,2023-05-11,2023-05-16,2023-06-09,24,0.258,0.208,0.023,408.0,325.0,285.4,5503.85,1
ORD-101288,SUP-018,0.727,Asia Pacific,Machinery,Sea,2024-06-17,2024-07-09,2024-07-18,9,0.488,0.293,0.799,392.7,480.3,591.9,1561.71,1
ORD-101289,SUP-009,0.768,Latin America,Electronics,Road,2024-09-12,2024-09-15,2024-09-19,4,0.352,0.343,0.045,609.3,348.2,337.6,8830.79,1
ORD-101290,SUP-035,0.443,Latin America,Automotive Parts,Road,2024-08-23,2024-08-28,2024-09-05,8,0.337,0.037,0.015,631.2,291.2,300.1,3540.44,1
ORD-101291,SUP-021,0.656,Europe,Electronics,Air,2024-06-27,2024-07-02,2024-07-17,15,0.225,0.0,0.068,585.5,331.4,395.2,10938.71,1
ORD-101292,SUP-028,0.644,Asia Pacific,Textiles,Sea,2023-07-05,2023-07-26,2023-07-31,5,0.47,0.042,0.194,559.9,353.6,436.2,7506.36,1
ORD-101293,SUP-037,0.757,Asia Pacific,Electronics,Sea,2024-05-15,2024-06-07,2024-06-08,1,0.465,0.1,0.544,442.0,354.4,379.7,3028.36,0
ORD-101294,SUP-027,0.793,Latin America,Pharma,Road,2024-04-02,2024-04-06,2024-04-06,0,0.167,0.0,0.075,531.9,381.6,434.5,2351.09,0
ORD-101295,SUP-030,0.76,Asia Pacific,Automotive Parts,Air,2023-12-07,2023-12-11,2023-12-11,0,0.548,0.045,0.092,465.2,272.1,283.7,7422.6,0
ORD-101296,SUP-019,0.75,Europe,Electronics,Rail,2024-06-04,2024-06-11,2024-06-21,10,0.314,0.361,0.055,454.8,236.9,321.8,10732.49,1
ORD-101297,SUP-023,0.548,Middle East/Africa,FMCG,Road,2024-08-29,2024-09-01,2024-09-01,0,0.25,0.484,0.052,713.4,508.4,517.5,10063.59,0
ORD-101298,SUP-011,0.936,Latin America,Machinery,Sea,2024-05-13,2024-06-03,2024-06-03,0,0.0,0.192,0.135,501.4,537.1,657.4,4968.43,0
ORD-101299,SUP-019,0.75,Europe,Automotive Parts,Sea,2023-12-29,2024-01-21,2024-01-21,0,0.01,0.272,0.182,566.3,339.3,298.1,4327.13,0
ORD-101300,SUP-030,0.76,Asia Pacific,FMCG,Road,2023-05-27,2023-05-30,2023-05-30,0,0.264,0.283,0.04,411.7,497.5,443.2,5739.96,0
ORD-101301,SUP-025,0.704,Asia Pacific,Electronics,Sea,2024-01-19,2024-02-08,2024-02-16,8,0.149,0.484,0.241,394.1,590.3,595.1,4590.95,1
ORD-101302,SUP-037,0.757,Latin America,Pharma,Sea,2024-03-13,2024-04-05,2024-04-05,0,0.098,0.282,0.382,633.9,557.1,505.2,8440.97,0
ORD-101303,SUP-014,0.805,Asia Pacific,Electronics,Sea,2024-07-13,2024-08-05,2024-08-05,0,0.459,0.134,0.1,684.8,665.9,604.6,5377.67,0
ORD-101304,SUP-037,0.757,Europe,Pharma,Road,2024-08-12,2024-08-18,2024-09-17,30,0.102,0.428,0.036,340.0,665.6,820.2,4948.1,1
ORD-101305,SUP-011,0.936,Asia Pacific,Machinery,Road,2023-02-21,2023-02-26,2023-02-26,0,0.586,0.09,0.089,503.1,369.2,426.0,14152.89,0
ORD-101306,SUP-022,0.872,Latin America,FMCG,Rail,2024-02-20,2024-02-29,2024-02-29,0,0.346,0.257,0.01,623.4,579.8,718.0,3482.49,0
ORD-101307,SUP-029,0.765,Asia Pacific,Textiles,Sea,2024-05-25,2024-06-17,2024-06-23,6,0.012,0.534,0.274,593.5,443.8,466.2,9510.69,1
ORD-101308,SUP-005,0.967,Asia Pacific,Machinery,Road,2023-12-15,2023-12-18,2023-12-18,0,0.608,0.199,0.031,559.7,472.2,358.8,3152.94,0
ORD-101309,SUP-006,0.63,Europe,Textiles,Air,2024-03-14,2024-03-16,2024-03-16,0,0.182,0.112,0.07,443.2,514.4,558.5,4581.52,0
ORD-101310,SUP-032,0.702,Asia Pacific,Textiles,Sea,2023-11-28,2023-12-18,2023-12-18,0,0.682,0.38,0.113,510.0,332.8,313.3,3830.42,0
ORD-101311,SUP-011,0.936,Asia Pacific,Automotive Parts,Road,2024-03-17,2024-03-23,2024-03-23,0,0.317,0.137,0.054,227.8,617.1,850.1,2133.39,0
ORD-101312,SUP-035,0.443,Middle East/Africa,Electronics,Air,2024-07-09,2024-07-12,2024-07-18,6,0.27,0.019,0.047,521.0,465.8,416.3,3673.42,1
ORD-101313,SUP-010,0.898,Middle East/Africa,FMCG,Road,2023-04-04,2023-04-09,2023-04-10,1,0.391,0.052,0.019,365.5,436.8,433.9,9803.21,0
ORD-101314,SUP-008,0.711,Latin America,Textiles,Sea,2024-04-11,2024-05-01,2024-05-01,0,0.347,0.178,0.0,598.9,468.2,426.1,7488.81,0
ORD-101315,SUP-029,0.765,Europe,Automotive Parts,Sea,2024-05-11,2024-06-01,2024-06-10,9,0.389,0.155,0.339,520.3,465.2,393.6,9942.19,1
ORD-101316,SUP-013,0.8,Latin America,Machinery,Sea,2023-07-13,2023-08-05,2023-08-05,0,0.743,0.135,0.524,635.2,644.9,804.8,2433.82,0
ORD-101317,SUP-012,0.612,Middle East/Africa,FMCG,Sea,2023-04-30,2023-05-21,2023-05-21,0,0.198,0.229,0.431,542.0,485.1,458.7,1791.68,0
ORD-101318,SUP-034,0.576,North America,Pharma,Sea,2023-07-17,2023-08-08,2023-08-08,0,0.445,0.148,0.463,817.3,511.0,410.2,2824.14,0
ORD-101319,SUP-038,0.957,Asia Pacific,Pharma,Sea,2024-05-08,2024-05-28,2024-06-05,8,0.572,0.264,0.342,674.8,403.3,327.0,3394.42,1
ORD-101320,SUP-008,0.711,Latin America,Automotive Parts,Sea,2024-08-01,2024-08-23,2024-08-23,0,0.469,0.273,0.225,477.1,364.4,329.7,6560.76,0
ORD-101321,SUP-013,0.8,Middle East/Africa,Machinery,Sea,2024-04-28,2024-05-18,2024-05-30,12,0.407,0.01,0.278,95.4,437.7,475.8,1951.73,1
ORD-101322,SUP-019,0.75,North America,Textiles,Sea,2023-04-12,2023-05-03,2023-05-03,0,0.323,0.145,0.338,458.7,409.3,331.2,2404.69,0
ORD-101323,SUP-040,0.607,North America,FMCG,Road,2023-05-23,2023-05-26,2023-05-26,0,0.45,0.328,0.008,339.2,294.1,230.0,2032.2,0
ORD-101324,SUP-031,0.712,Latin America,Machinery,Sea,2023-10-17,2023-11-08,2023-11-08,0,0.438,0.176,0.08,620.2,655.2,731.4,2081.06,0
ORD-101325,SUP-028,0.644,Latin America,Pharma,Rail,2023-08-03,2023-08-09,2023-08-09,0,0.368,0.205,0.087,428.1,342.0,323.6,7078.04,0
ORD-101326,SUP-038,0.957,Latin America,Electronics,Rail,2024-01-29,2024-02-06,2024-02-14,8,0.34,0.066,0.028,485.0,300.6,327.0,3789.19,1
ORD-101327,SUP-036,0.714,Latin America,Pharma,Road,2024-03-26,2024-03-29,2024-03-29,0,0.327,0.047,0.084,429.4,463.6,536.5,13886.75,0
ORD-101328,SUP-029,,Asia Pacific,FMCG,Sea,2023-05-16,2023-06-05,2023-06-11,6,0.254,0.399,0.438,685.6,529.1,442.3,3383.82,1
ORD-101329,SUP-004,0.652,Latin America,Pharma,Road,2023-03-27,2023-03-30,2023-03-30,0,0.258,0.282,0.026,641.7,573.9,542.0,2995.52,0
ORD-101330,SUP-013,0.8,North America,Electronics,Road,2024-09-16,2024-09-19,2024-09-19,0,0.508,0.103,0.036,562.1,430.1,474.2,5494.56,0
ORD-101331,SUP-002,0.788,Middle East/Africa,Machinery,Air,2024-02-03,2024-02-06,2024-02-06,0,0.331,0.259,0.005,451.8,317.4,284.3,5627.93,0
ORD-101332,SUP-018,0.727,Latin America,Textiles,Road,2023-11-29,2023-12-02,2023-12-07,5,0.51,0.253,0.002,489.2,361.5,323.5,2125.31,1
ORD-101333,SUP-040,0.607,Europe,Electronics,Road,2023-03-15,2023-03-20,2023-03-22,2,0.226,0.534,0.093,652.2,336.5,292.3,4629.22,0
ORD-101334,SUP-011,0.936,Asia Pacific,Textiles,Rail,2023-07-24,2023-08-02,2023-08-08,6,0.215,0.154,0.025,445.3,485.5,505.5,11178.04,1
ORD-101335,SUP-033,0.8,Europe,Automotive Parts,Rail,2024-04-28,2024-05-05,2024-05-05,0,0.18,0.352,0.046,424.0,651.9,711.7,4927.87,0
ORD-101336,SUP-009,0.768,Asia Pacific,FMCG,Air,2024-06-26,2024-06-28,2024-06-28,0,0.275,0.335,0.007,448.7,512.8,505.4,6013.69,0
ORD-101337,SUP-024,0.818,North America,Textiles,Rail,2024-07-12,2024-07-21,2024-07-21,0,0.468,0.232,0.025,740.2,719.6,753.8,5123.15,0
ORD-101338,SUP-016,0.842,Asia Pacific,Pharma,Rail,2023-03-20,2023-03-27,2023-03-28,1,0.544,0.323,0.06,531.7,416.1,433.2,1870.77,0
ORD-101339,SUP-034,0.576,Latin America,Pharma,Air,2024-03-03,2024-03-06,2024-03-06,0,0.369,0.322,0.03,777.3,430.2,474.3,2876.47,0
ORD-101340,SUP-034,0.576,Latin America,Electronics,Rail,2023-09-20,2023-09-26,2023-10-02,6,0.368,0.0,0.017,609.0,516.2,620.0,11407.02,1
ORD-101341,SUP-026,0.782,Middle East/Africa,Automotive Parts,Road,2024-01-03,2024-01-08,2024-01-08,0,0.479,0.311,0.065,434.8,297.3,293.5,6286.91,0
ORD-101342,SUP-003,0.783,Middle East/Africa,Textiles,Road,2023-04-04,2023-04-10,2023-04-10,0,0.357,0.399,0.024,460.9,457.3,403.3,4546.43,0
ORD-101343,SUP-026,0.782,Asia Pacific,Pharma,Sea,2023-07-29,2023-08-18,2023-08-18,0,0.0,0.189,0.098,630.5,540.5,581.6,4193.36,0
ORD-101344,SUP-040,0.607,Europe,Automotive Parts,Road,2023-11-09,2023-11-12,2023-11-14,2,0.0,0.211,0.023,699.9,581.1,633.4,13774.14,1
ORD-101345,SUP-004,0.652,Middle East/Africa,Electronics,Rail,2023-12-26,2024-01-02,2024-01-02,0,0.428,0.0,0.084,475.9,392.9,429.1,4275.42,0
ORD-101346,SUP-011,0.936,Latin America,Machinery,Road,2023-07-28,2023-08-01,2023-08-01,0,0.506,0.0,0.01,282.4,517.1,568.2,1773.19,0
ORD-101347,SUP-028,0.644,Europe,Electronics,Road,2024-03-22,2024-03-28,2024-03-28,0,0.24,0.431,0.013,361.7,547.2,553.7,4552.09,0
ORD-101348,SUP-020,0.762,Middle East/Africa,Electronics,Sea,2024-09-15,2024-10-05,2024-10-06,1,0.516,0.184,0.089,759.4,638.6,620.8,2984.56,1
ORD-101349,SUP-029,0.765,Latin America,Electronics,Road,2024-09-22,2024-09-28,2024-09-28,0,0.48,0.116,0.005,857.8,682.2,801.6,12243.63,0
ORD-101350,SUP-034,0.576,North America,FMCG,Road,2024-07-23,2024-07-26,2024-07-27,1,0.003,0.199,0.017,895.7,481.0,516.6,4666.52,0
ORD-101351,SUP-031,0.712,North America,FMCG,Rail,2024-02-24,2024-03-04,2024-03-04,0,0.0,0.084,0.064,523.4,438.0,420.0,6037.05,0
ORD-101352,SUP-008,0.711,North America,Textiles,Sea,2023-10-05,2023-10-27,2023-10-27,0,0.101,0.283,0.114,476.6,505.4,512.8,3241.56,0
ORD-101353,SUP-030,0.76,Europe,Machinery,Road,2023-08-25,2023-08-31,2023-09-01,1,0.125,0.163,0.067,597.7,438.7,465.0,6046.25,0
ORD-101354,SUP-035,0.443,North America,Pharma,Air,2023-06-12,2023-06-15,2023-06-27,12,0.311,0.354,0.092,545.1,503.6,383.2,2612.6,1
ORD-101355,SUP-028,0.644,Latin America,Electronics,Road,2023-05-13,2023-05-16,2023-05-16,0,0.136,0.248,0.094,458.3,460.7,450.9,3439.72,0
ORD-101356,SUP-015,0.574,Asia Pacific,Machinery,Rail,2024-08-08,2024-08-14,2024-08-14,0,0.192,0.11,0.089,398.1,487.6,469.8,5530.38,0
ORD-101357,SUP-009,0.768,Europe,Machinery,Rail,2024-02-09,2024-02-15,2024-02-15,0,0.041,0.292,0.096,527.0,416.2,419.8,11214.01,0
ORD-101358,SUP-037,0.757,Latin America,Electronics,Road,2023-10-30,2023-11-02,2023-11-02,0,0.387,0.347,0.07,416.9,473.7,502.0,13765.74,0
ORD-101359,SUP-031,0.712,Latin America,Pharma,Road,2024-08-11,2024-08-17,2024-08-18,1,0.116,0.352,0.052,551.1,438.3,581.0,948.71,0
ORD-101360,SUP-016,0.842,Latin America,Textiles,Road,2024-09-17,2024-09-23,2024-09-23,0,0.378,0.135,0.075,566.8,545.6,622.1,4868.73,0
ORD-101361,SUP-036,0.714,Middle East/Africa,FMCG,Sea,2023-02-09,2023-03-03,2023-03-03,0,0.649,0.31,0.42,475.1,476.4,445.6,4396.5,0
ORD-101362,SUP-003,0.783,Middle East/Africa,Pharma,Road,2023-10-12,2023-10-17,2023-10-17,0,0.073,0.165,0.02,514.8,208.9,197.3,2730.75,0
ORD-101363,SUP-004,0.652,Middle East/Africa,Pharma,Sea,2023-07-27,2023-08-19,2023-08-19,0,0.74,0.0,0.063,453.4,466.6,492.1,3778.41,0
ORD-101364,SUP-028,0.644,Latin America,FMCG,Rail,2024-09-07,2024-09-15,2024-09-19,4,0.526,0.145,0.09,559.4,358.9,359.5,3104.45,1
ORD-101365,SUP-023,0.548,Europe,Automotive Parts,Road,2023-02-27,2023-03-05,2023-03-05,0,0.145,0.037,0.033,413.9,258.6,309.5,3438.87,0
ORD-101366,SUP-016,0.842,Middle East/Africa,Textiles,Road,2024-05-03,2024-05-08,2024-05-08,0,0.0,0.114,0.016,798.1,299.9,305.5,6604.39,0
ORD-101367,SUP-029,0.765,Middle East/Africa,Pharma,Sea,2024-02-05,2024-02-25,2024-03-26,30,,0.369,0.0,531.6,419.2,397.4,7142.8,1
ORD-101368,SUP-012,0.612,North America,Pharma,Sea,2023-07-13,2023-08-02,2023-08-03,1,0.498,0.29,0.527,397.6,485.6,516.7,4767.44,0
ORD-101369,SUP-026,0.782,Asia Pacific,Pharma,Sea,2023-06-01,2023-06-23,2023-06-23,0,0.371,0.366,0.022,453.9,599.3,628.8,2550.22,0
ORD-101370,SUP-001,0.823,Latin America,FMCG,Rail,2023-07-08,2023-07-15,2023-07-15,0,0.28,0.03,0.1,422.2,380.4,318.9,3838.75,0
ORD-101371,SUP-004,0.652,North America,Pharma,Rail,2024-03-23,2024-04-01,2024-04-02,1,0.245,0.412,0.072,216.5,547.8,624.1,8891.56,0
ORD-101372,SUP-035,0.443,Middle East/Africa,Textiles,Road,2024-03-16,2024-03-22,2024-04-09,18,0.352,0.054,0.038,457.5,605.0,493.2,1919.23,1
ORD-101373,SUP-029,0.765,Middle East/Africa,Pharma,Road,2023-02-09,2023-02-14,2023-04-15,60,0.347,0.135,0.017,500.1,420.7,384.7,2999.32,1
ORD-101374,SUP-040,0.607,Europe,Automotive Parts,Road,2023-06-12,2023-06-17,2023-06-17,0,0.429,0.277,0.023,474.0,374.8,471.4,2442.8,0
ORD-101375,SUP-017,0.619,North America,Pharma,Sea,2024-07-28,2024-08-19,2024-08-19,0,0.363,0.435,0.389,649.6,434.8,530.9,2386.1,0
ORD-101376,SUP-022,0.872,North America,Electronics,Rail,2023-10-08,2023-10-15,2023-10-15,0,0.385,0.0,0.088,452.2,264.8,262.1,4970.45,0
ORD-101377,SUP-010,0.898,Middle East/Africa,Electronics,Sea,2023-07-17,2023-08-07,2023-08-26,19,0.355,0.028,0.125,334.0,437.4,435.1,12398.51,1
ORD-101378,SUP-012,0.612,Middle East/Africa,FMCG,Sea,2023-10-31,2023-11-21,2023-11-21,0,0.0,0.03,0.378,309.3,409.2,528.6,1551.91,0
ORD-101379,SUP-001,0.823,Latin America,Pharma,Rail,2024-05-17,2024-05-24,2024-05-24,0,0.193,0.347,0.022,531.6,516.4,466.5,8752.9,0
ORD-101380,SUP-006,0.63,Asia Pacific,Textiles,Road,2023-05-14,2023-05-20,2023-05-20,0,0.245,0.163,0.005,334.7,376.9,389.5,1575.61,0
ORD-101381,SUP-022,0.872,Asia Pacific,Pharma,Road,2023-02-23,2023-02-26,2023-02-27,1,0.107,0.208,0.044,289.4,361.2,334.1,5101.22,1
ORD-101382,SUP-033,0.8,Asia Pacific,Pharma,Sea,2023-01-21,2023-02-11,2023-02-11,0,0.43,0.393,0.418,535.8,398.0,374.8,4924.19,0
ORD-101383,SUP-026,0.782,Europe,Textiles,Sea,2024-02-20,2024-03-13,2024-03-14,1,0.474,0.074,0.304,460.9,482.0,477.7,4393.22,0
ORD-101384,SUP-004,0.652,Middle East/Africa,FMCG,Sea,2024-05-02,2024-05-22,2024-05-25,3,0.019,0.414,0.573,518.3,550.9,410.7,9907.2,1
ORD-101385,SUP-012,0.612,Asia Pacific,Machinery,Road,2024-07-29,2024-08-03,2024-08-03,0,0.404,0.194,0.03,397.8,371.7,406.2,2123.85,0
ORD-101386,SUP-005,0.967,Asia Pacific,Pharma,Road,2023-11-06,2023-11-10,2023-11-10,0,0.354,0.203,0.035,416.9,490.1,528.0,10885.48,0
ORD-101387,SUP-029,0.765,North America,Machinery,Rail,2024-06-29,2024-07-05,2024-07-05,0,0.233,0.03,0.071,529.5,341.1,307.5,9864.85,0
ORD-101388,SUP-027,0.793,Europe,Automotive Parts,Sea,2023-08-15,2023-09-06,2023-09-08,2,0.129,0.214,0.284,534.5,459.5,483.2,18450.95,0
ORD-101389,SUP-027,0.793,Asia Pacific,Textiles,Road,2023-10-21,2023-10-27,2023-10-27,0,0.198,0.39,0.045,292.0,425.1,379.8,13816.6,0
ORD-101390,SUP-008,0.711,Europe,FMCG,Road,2024-03-01,2024-03-06,2024-03-06,0,0.416,0.205,0.014,785.6,500.3,574.8,8466.96,0
ORD-101391,SUP-029,0.765,Middle East/Africa,Automotive Parts,Sea,2024-01-02,2024-01-24,2024-02-05,12,0.598,0.186,0.413,552.4,296.4,320.9,3890.29,1
ORD-101392,SUP-025,0.704,Latin America,Machinery,Road,2023-01-18,2023-01-23,2023-01-23,0,0.422,0.119,0.073,407.2,348.0,414.0,4664.67,0
ORD-101393,SUP-022,0.872,Latin America,Textiles,Sea,2023-08-18,2023-09-07,2023-09-07,0,0.253,0.342,0.083,404.3,699.7,705.3,4254.11,0
ORD-101394,SUP-013,0.8,Middle East/Africa,Automotive Parts,Air,2024-01-15,2024-01-19,2024-01-19,0,0.46,0.363,0.019,455.0,401.1,398.0,5361.86,0
ORD-101395,SUP-028,0.644,Latin America,Pharma,Rail,2023-11-02,2023-11-10,2023-11-10,0,0.549,0.301,0.035,210.4,610.3,575.9,9434.7,0
ORD-101396,SUP-013,0.8,Latin America,FMCG,Road,2023-03-02,2023-03-06,2023-03-06,0,0.114,0.0,0.009,523.6,648.8,669.7,1729.51,0
ORD-101397,SUP-020,0.762,Middle East/Africa,Textiles,Sea,2024-03-24,2024-04-15,2024-04-15,0,0.196,0.24,0.114,165.8,627.3,600.4,7212.54,0
ORD-101398,SUP-016,0.842,Latin America,Automotive Parts,Road,2024-01-12,2024-01-15,2024-01-15,0,0.43,0.381,0.061,326.5,538.6,704.9,8541.68,0
ORD-101399,SUP-008,0.711,Europe,Textiles,Sea,2023-10-19,2023-11-09,2023-11-13,4,0.418,0.421,0.395,468.0,425.3,491.4,6058.53,1
ORD-101400,SUP-024,0.818,Middle East/Africa,FMCG,Road,2024-04-29,2024-05-04,2024-05-04,0,0.394,0.287,0.004,320.2,470.9,446.1,3695.99,0
ORD-101401,SUP-009,0.768,North America,FMCG,Sea,2024-01-06,2024-01-26,2024-01-30,4,0.275,0.165,0.363,475.5,339.0,326.2,6461.09,1
ORD-101402,SUP-006,0.63,North America,Automotive Parts,Sea,2023-12-30,2024-01-19,2024-01-20,1,0.263,0.036,0.393,415.3,270.3,248.4,11654.51,0
ORD-101403,SUP-011,0.936,Europe,Electronics,Road,2023-03-15,2023-03-21,2023-03-21,0,0.333,0.226,0.08,486.0,553.4,611.0,6273.08,0
ORD-101404,SUP-032,0.702,North America,Pharma,Road,2024-08-05,2024-08-11,2024-08-11,0,0.432,0.0,0.01,539.1,739.5,641.4,4196.33,0
ORD-101405,SUP-021,0.656,Europe,Machinery,Sea,2024-03-26,2024-04-18,2024-04-20,2,0.24,0.342,0.121,344.4,400.4,474.1,13037.52,1
ORD-101406,SUP-026,,Middle East/Africa,Machinery,Rail,2023-08-07,2023-08-14,2023-08-14,0,0.466,0.04,0.081,355.0,531.0,570.5,11507.7,0
ORD-101407,SUP-024,0.818,Middle East/Africa,FMCG,Road,2024-04-08,2024-04-11,2024-04-11,0,0.416,0.515,0.054,419.8,599.7,601.8,5692.06,0
ORD-101408,SUP-032,0.702,North America,Textiles,Sea,2023-05-23,2023-06-14,2023-06-20,6,0.181,0.17,0.037,691.3,548.5,458.9,6323.67,1
ORD-101409,SUP-022,0.872,Latin America,Automotive Parts,Road,2023-11-09,2023-11-12,2023-11-12,0,0.319,0.0,0.075,676.0,544.9,431.0,7679.37,0
ORD-101410,SUP-025,0.704,North America,Pharma,Road,2023-04-05,2023-04-09,2023-04-09,0,0.158,0.357,0.038,542.6,569.1,671.3,2652.3,0
ORD-101411,SUP-007,0.877,North America,FMCG,Rail,2024-04-10,2024-04-16,2024-04-17,1,0.211,0.341,0.04,401.6,510.7,525.4,3446.15,0
ORD-101412,SUP-006,0.63,Middle East/Africa,Machinery,Rail,2024-01-11,2024-01-20,2024-01-20,0,0.299,0.245,0.0,569.1,255.4,191.2,6934.29,0
ORD-101413,SUP-023,0.548,Middle East/Africa,Textiles,Sea,2023-03-01,2023-03-21,2023-03-21,0,0.536,0.176,0.127,426.0,183.4,188.2,3190.08,0
ORD-101414,SUP-028,,Latin America,Electronics,Rail,2023-03-23,2023-03-29,2023-03-29,0,0.241,0.096,0.037,192.8,391.9,381.6,1616.33,0
ORD-101415,SUP-009,0.768,Asia Pacific,Automotive Parts,Sea,2023-12-17,2024-01-06,2024-01-10,4,0.285,0.168,0.114,483.2,386.8,448.5,4840.98,1
ORD-101416,SUP-027,0.793,Middle East/Africa,Automotive Parts,Road,2023-03-04,2023-03-09,2023-03-09,0,0.272,0.0,0.047,498.7,529.1,405.2,5713.81,0
ORD-101417,SUP-026,0.782,Asia Pacific,Electronics,Road,2024-02-04,2024-02-08,2024-02-08,0,0.139,0.01,0.099,537.2,345.3,336.6,7078.77,0
ORD-101418,SUP-025,0.704,Middle East/Africa,FMCG,Sea,2024-04-25,2024-05-16,2024-05-21,5,0.319,0.343,0.181,491.3,395.6,541.9,971.32,1
ORD-101419,SUP-007,0.877,Europe,Automotive Parts,Road,2023-10-12,2023-10-17,2023-10-17,0,0.142,0.107,0.031,674.7,431.0,464.5,7417.88,0
ORD-101420,SUP-032,0.702,Latin America,Electronics,Road,2024-03-03,2024-03-06,2024-03-07,1,0.199,0.344,0.096,589.2,444.7,465.2,5879.44,0
ORD-101421,SUP-003,0.783,North America,FMCG,Road,2023-12-24,2023-12-27,2023-12-28,1,0.371,0.167,0.084,494.2,397.7,402.4,5135.78,0
ORD-101422,SUP-039,0.777,North America,Automotive Parts,Road,2023-11-21,2023-11-25,2023-11-25,0,0.886,0.477,0.097,305.7,563.6,520.1,12604.53,0
ORD-101423,SUP-037,0.757,Middle East/Africa,Textiles,Road,2024-08-13,2024-08-17,2024-08-23,6,0.117,0.0,0.018,643.9,573.6,533.4,5633.82,1
ORD-101424,SUP-039,0.777,Middle East/Africa,FMCG,Road,2023-12-08,2023-12-13,2023-12-13,0,0.412,0.057,0.035,501.1,421.6,489.2,16033.04,0
ORD-101425,SUP-037,0.757,North America,Machinery,Rail,2023-03-08,2023-03-16,2023-03-17,1,0.0,0.0,0.077,341.7,400.3,352.4,4200.67,0
ORD-101426,SUP-039,0.777,Middle East/Africa,Machinery,Sea,2023-11-22,2023-12-14,2023-12-14,0,0.481,0.331,0.164,897.3,315.9,252.1,4185.71,0
ORD-101427,SUP-016,0.842,Asia Pacific,Pharma,Sea,2024-06-30,2024-07-21,2024-07-21,0,0.0,0.231,0.112,795.2,511.9,611.0,3618.69,0
ORD-101428,SUP-005,0.967,Middle East/Africa,FMCG,Road,2024-06-09,2024-06-13,2024-06-13,0,0.369,0.27,0.07,558.8,342.4,363.2,3023.63,0
ORD-101429,SUP-033,0.8,North America,Machinery,Road,2024-07-03,2024-07-06,2024-07-06,0,0.354,0.42,0.095,660.2,395.0,425.3,12785.59,0
ORD-101430,SUP-002,0.788,North America,Textiles,Rail,2024-01-05,2024-01-13,2024-01-15,2,0.27,0.133,0.008,567.5,544.0,554.5,5494.16,0
ORD-101431,SUP-015,0.574,Middle East/Africa,Machinery,Road,2023-08-15,2023-08-18,2023-08-18,0,0.226,0.074,0.077,463.3,407.3,504.3,2587.27,0
ORD-101432,SUP-013,0.8,Asia Pacific,Pharma,Road,2023-08-17,2023-08-20,2023-08-20,0,0.221,0.232,0.013,537.6,493.9,375.6,3741.71,0
ORD-101433,SUP-005,0.967,Latin America,Automotive Parts,Road,2024-03-24,2024-03-28,2024-03-28,0,0.368,0.196,0.046,506.3,401.5,403.7,1936.92,0
ORD-101434,SUP-021,0.656,North America,Electronics,Road,2023-06-21,2023-06-25,2023-06-25,0,0.434,0.365,0.045,600.8,399.0,467.3,2342.73,0
ORD-101435,SUP-011,0.936,Middle East/Africa,Textiles,Road,2023-07-13,2023-07-16,2023-07-16,0,0.595,0.123,0.079,739.0,403.5,489.1,4531.27,0
ORD-101436,SUP-013,0.8,North America,Textiles,Sea,2023-02-11,2023-03-05,2023-03-07,2,0.107,0.0,0.214,449.3,504.0,553.1,20987.45,0
ORD-101437,SUP-005,0.967,Middle East/Africa,FMCG,Sea,2023-08-10,2023-08-31,2023-08-31,0,0.158,0.0,0.288,480.3,408.8,430.5,3383.87,0
ORD-101438,SUP-020,0.762,Asia Pacific,Electronics,Rail,2023-09-20,2023-09-26,2023-09-26,0,0.233,0.182,0.09,808.9,472.5,539.0,5630.48,0
ORD-101439,SUP-010,0.898,Europe,Textiles,Road,2024-03-21,2024-03-24,2024-03-24,0,0.17,0.0,0.045,545.3,237.7,271.5,11375.02,0
ORD-101440,SUP-031,0.712,North America,Machinery,Rail,2023-01-12,2023-01-21,2023-01-21,0,0.203,0.153,0.055,612.4,392.7,401.6,3573.68,0
ORD-101441,SUP-033,0.8,Latin America,Automotive Parts,Road,2023-12-26,2024-01-01,2024-01-01,0,0.13,0.236,0.042,475.9,410.9,468.1,4128.33,0
ORD-101442,SUP-020,0.762,Middle East/Africa,FMCG,Road,2023-08-13,2023-08-19,2023-08-19,0,0.076,0.109,0.093,503.4,434.1,419.8,6016.38,0
ORD-101443,SUP-013,0.8,Latin America,Electronics,Road,2023-07-18,2023-07-24,2023-07-24,0,0.219,0.213,0.063,619.8,469.0,318.8,5144.66,0
ORD-101444,SUP-037,,Middle East/Africa,FMCG,Air,2024-07-13,2024-07-15,2024-07-15,0,0.365,0.267,0.008,436.8,530.9,459.2,3770.03,0
ORD-101445,SUP-032,0.702,Asia Pacific,FMCG,Air,2023-01-30,2023-02-02,2023-02-02,0,0.583,0.447,0.086,797.4,737.1,821.5,4506.23,0
ORD-101446,SUP-008,0.711,North America,Automotive Parts,Road,2024-09-04,2024-09-07,2024-09-07,0,0.464,0.283,0.073,757.7,292.1,286.0,10160.16,0
ORD-101447,SUP-012,0.612,Latin America,Textiles,Air,2024-05-12,2024-05-17,2024-05-17,0,0.536,0.337,0.036,626.7,467.6,508.7,4808.13,0
ORD-101448,SUP-003,0.783,Europe,Pharma,Sea,2024-04-24,2024-05-15,2024-05-16,1,0.017,0.26,0.192,502.3,200.6,191.3,3361.43,0
ORD-101449,SUP-018,0.727,Middle East/Africa,Textiles,Sea,2023-07-25,2023-08-15,2023-08-15,0,0.339,0.367,0.088,697.7,541.6,460.0,2771.19,0
ORD-101450,SUP-007,0.877,Middle East/Africa,FMCG,Sea,2024-06-18,2024-07-11,2024-07-17,6,0.757,0.202,0.059,548.4,634.7,557.0,1949.85,1
ORD-101451,SUP-036,0.714,Europe,Textiles,Air,2023-07-27,2023-07-29,2023-07-29,0,0.346,0.037,0.035,560.1,254.9,266.4,6192.01,0
ORD-101452,SUP-033,0.8,North America,FMCG,Air,2024-09-09,2024-09-13,2024-09-13,0,0.209,0.0,0.065,372.6,515.1,512.4,28886.47,0
ORD-101453,SUP-032,0.702,Middle East/Africa,Electronics,Road,2023-06-30,2023-07-03,2023-07-03,0,0.398,0.352,0.028,612.0,393.2,387.6,3303.23,0
ORD-101454,SUP-008,0.711,Latin America,Automotive Parts,Road,2024-03-01,2024-03-07,2024-03-07,0,0.139,0.373,0.002,530.9,408.5,377.1,3017.41,0
ORD-101455,SUP-006,0.63,Europe,Pharma,Air,2024-01-04,2024-01-08,2024-01-14,6,0.202,0.117,0.094,574.8,506.3,534.8,5143.59,1
ORD-101456,SUP-001,0.823,Latin America,FMCG,Road,2024-05-14,2024-05-19,2024-06-01,13,0.131,0.479,0.026,388.6,522.5,691.9,3181.15,1
ORD-101457,SUP-037,0.757,North America,Machinery,Air,2023-02-18,2023-02-21,2023-02-21,0,0.402,0.225,0.007,691.2,465.0,400.9,2569.18,0
ORD-101458,SUP-024,0.818,North America,Pharma,Sea,2024-05-25,2024-06-15,2024-06-24,9,0.613,0.343,0.328,706.6,495.4,622.7,7729.19,1
ORD-101459,SUP-014,0.805,Middle East/Africa,FMCG,Road,2023-06-18,2023-06-24,2023-07-05,11,0.0,0.0,0.036,629.4,326.7,350.5,5193.57,1
ORD-101460,SUP-029,0.765,Latin America,Machinery,Sea,2023-11-25,2023-12-18,2023-12-23,5,0.204,0.411,0.316,166.2,427.5,416.3,2986.52,1
ORD-101461,SUP-018,0.727,Middle East/Africa,Textiles,Air,2024-08-27,2024-09-01,2024-09-12,11,0.459,0.347,0.067,325.8,635.4,709.3,7801.45,1
ORD-101462,SUP-005,0.967,Latin America,FMCG,Road,2023-08-13,2023-08-17,2023-08-18,1,0.39,0.0,0.097,288.5,529.2,485.2,6439.76,0
ORD-101463,SUP-013,0.8,Latin America,Automotive Parts,Road,2024-05-01,2024-05-07,2024-05-08,1,0.194,0.084,0.064,846.5,233.1,254.8,2398.03,0
ORD-101464,SUP-020,0.762,North America,Textiles,Sea,2023-07-19,2023-08-08,2023-08-08,0,0.516,0.159,0.0,321.8,587.9,611.4,6563.82,0
ORD-101465,SUP-024,0.818,North America,FMCG,Sea,2023-10-02,2023-10-22,2023-10-23,1,0.016,0.252,0.165,370.4,354.3,327.0,3575.39,0
ORD-101466,SUP-038,0.957,Asia Pacific,Electronics,Air,2024-01-13,2024-01-17,2024-01-18,1,0.379,0.109,0.029,296.0,460.3,445.3,3295.98,0
ORD-101467,SUP-003,0.783,Europe,Machinery,Road,2023-03-07,2023-03-13,2023-03-13,0,0.001,0.274,0.034,333.7,462.1,425.2,1697.45,0
ORD-101468,SUP-026,0.782,North America,Automotive Parts,Rail,2023-06-11,2023-06-19,2023-06-19,0,0.259,0.041,0.051,316.4,609.8,488.9,7550.23,0
ORD-101469,SUP-039,0.777,Asia Pacific,Machinery,Sea,2024-07-12,2024-08-04,2024-08-04,0,0.183,0.0,0.077,598.5,629.2,520.8,4615.67,0
ORD-101470,SUP-034,0.576,Latin America,Automotive Parts,Road,2024-03-04,2024-03-08,2024-03-08,0,0.478,0.0,0.018,769.3,290.2,283.4,2765.88,0
ORD-101471,SUP-029,0.765,North America,Pharma,Road,2024-08-30,2024-09-04,2024-09-10,6,0.477,0.06,0.077,523.2,542.1,600.1,1525.81,1
ORD-101472,SUP-023,,Middle East/Africa,Automotive Parts,Road,2023-03-22,2023-03-28,2023-04-20,23,0.417,0.107,0.023,492.7,338.5,316.2,6877.79,1
ORD-101473,SUP-012,0.612,Asia Pacific,Machinery,Rail,2023-10-12,2023-10-21,2023-10-21,0,0.301,0.301,0.047,338.7,297.3,210.6,3609.39,0
ORD-101474,SUP-019,0.75,Latin America,Pharma,Air,2023-04-15,2023-04-18,2023-04-18,0,0.543,0.083,0.068,501.4,508.2,385.1,1562.61,0
ORD-101475,SUP-006,0.63,Middle East/Africa,Pharma,Sea,2023-07-09,2023-07-30,2023-07-30,0,0.326,0.242,0.256,241.7,622.2,607.0,6833.47,0
ORD-101476,SUP-020,0.762,Latin America,Pharma,Road,2024-03-26,2024-03-29,2024-03-29,0,0.166,0.457,0.001,459.4,324.3,305.6,2531.41,0
ORD-101477,SUP-027,0.793,Asia Pacific,Machinery,Sea,2024-04-09,2024-05-02,2024-05-02,0,0.586,0.421,0.452,415.8,460.4,420.0,11209.64,0
ORD-101478,SUP-027,0.793,Europe,Pharma,Road,2023-09-24,2023-09-28,2023-09-28,0,0.127,0.342,0.086,418.0,454.6,417.0,1663.94,0
ORD-101479,SUP-021,0.656,Asia Pacific,Textiles,Road,2024-09-07,2024-09-12,2024-09-24,12,0.37,0.043,0.085,466.0,374.3,436.8,5195.93,1
ORD-101480,SUP-034,0.576,Asia Pacific,Automotive Parts,Sea,2024-03-07,2024-03-29,2024-03-29,0,0.227,0.308,0.433,245.0,578.3,550.0,4250.42,0
ORD-101481,SUP-024,0.818,Europe,Textiles,Rail,2024-07-17,2024-07-23,2024-07-31,8,0.017,0.615,0.037,484.9,566.7,668.5,6992.76,1
ORD-101482,SUP-030,0.76,Latin America,Electronics,Rail,2023-08-23,2023-08-30,2023-08-31,1,0.299,0.327,0.051,430.0,287.6,314.4,2266.31,0
ORD-101483,SUP-022,0.872,North America,Textiles,Air,2023-04-05,2023-04-09,2023-04-09,0,0.436,0.361,0.047,676.2,579.8,477.7,4993.18,0
ORD-101484,SUP-002,0.788,Europe,Pharma,Air,2024-09-16,2024-09-18,2024-09-19,1,0.215,0.166,0.068,234.1,370.5,361.7,8419.11,0
ORD-101485,SUP-021,0.656,Latin America,Machinery,Road,2023-11-26,2023-12-02,2023-12-02,0,0.207,0.289,0.083,554.6,350.7,311.1,4801.83,0
ORD-101486,SUP-012,0.612,Latin America,Automotive Parts,Sea,2023-10-19,2023-11-08,2023-11-17,9,0.072,0.37,0.179,262.7,388.4,515.5,6740.81,1
ORD-101487,SUP-012,0.612,Latin America,FMCG,Sea,2023-07-09,2023-07-31,2023-07-31,0,0.099,0.079,0.45,415.9,237.2,212.6,2788.86,0
ORD-101488,SUP-015,0.574,Middle East/Africa,FMCG,Rail,2023-07-06,2023-07-14,2023-07-23,9,0.325,0.228,0.078,468.4,271.4,271.3,8785.15,1
ORD-101489,SUP-027,0.793,Latin America,Textiles,Rail,2023-02-16,2023-02-22,2023-02-22,0,0.768,0.153,0.063,468.6,420.7,371.7,3488.75,0
ORD-101490,SUP-038,0.957,Latin America,FMCG,Air,2023-06-13,2023-06-18,2023-06-18,0,0.043,0.298,0.054,294.6,409.2,336.5,6764.36,0
ORD-101491,SUP-019,0.75,Asia Pacific,Electronics,Road,2024-01-22,2024-01-25,2024-01-25,0,0.364,0.125,0.032,346.9,351.3,285.4,1670.96,0
ORD-101492,SUP-020,0.762,Europe,Automotive Parts,Road,2024-04-19,2024-04-25,2024-05-08,13,0.104,0.317,0.091,517.5,233.1,278.1,3742.32,1
ORD-101493,SUP-017,0.619,Asia Pacific,Textiles,Sea,2023-07-09,2023-07-29,2023-07-29,0,0.318,0.248,0.456,768.9,408.1,386.9,6769.59,0
ORD-101494,SUP-025,0.704,Europe,FMCG,Road,2024-08-29,2024-09-02,2024-09-02,0,0.0,0.177,0.041,479.3,371.0,360.9,7595.38,0
ORD-101495,SUP-016,0.842,Europe,FMCG,Sea,2024-08-08,2024-08-29,2024-08-29,0,0.225,0.211,0.168,407.4,192.3,170.2,2892.67,0
ORD-101496,SUP-025,0.704,Middle East/Africa,Automotive Parts,Sea,2024-02-05,2024-02-26,2024-02-26,0,0.312,0.045,0.0,384.2,400.8,450.1,18311.44,0
ORD-101497,SUP-028,0.644,North America,Textiles,Sea,2023-04-21,2023-05-11,2023-05-11,0,0.185,0.088,0.136,183.4,604.2,724.3,5624.78,0
ORD-101498,SUP-001,0.823,North America,Pharma,Air,2023-08-31,2023-09-02,2023-09-03,1,0.312,0.0,0.086,368.7,348.5,355.8,3213.74,0
ORD-101499,SUP-040,0.607,North America,Automotive Parts,Rail,2023-12-22,2023-12-29,2024-01-09,11,0.243,0.29,0.048,505.0,463.5,604.9,4894.46,1
ORD-101500,SUP-039,0.777,Europe,Machinery,Sea,2024-04-29,2024-05-19,2024-05-25,6,0.536,0.326,0.359,477.5,537.3,516.0,2626.32,1
ORD-101501,SUP-013,0.8,Latin America,Pharma,Road,2023-06-08,2023-06-13,2023-07-09,26,0.331,0.114,0.08,332.8,260.1,238.7,4965.04,1
ORD-101502,SUP-029,0.765,Asia Pacific,Electronics,Sea,2024-01-13,2024-02-04,2024-02-04,0,0.402,0.253,0.148,458.9,396.3,379.8,2178.29,0
ORD-101503,SUP-023,0.548,Asia Pacific,Machinery,Road,2024-05-02,2024-05-08,2024-05-08,0,0.203,0.092,0.088,607.7,433.4,388.3,4780.53,0
ORD-101504,SUP-026,0.782,Asia Pacific,Machinery,Road,2023-07-17,2023-07-21,2023-07-21,0,0.245,0.311,0.06,702.2,339.4,387.1,18502.85,0
ORD-101505,SUP-036,0.714,Europe,FMCG,Road,2023-10-21,2023-10-26,2023-10-26,0,0.24,0.179,0.024,535.6,648.8,657.3,9929.6,0
ORD-101506,SUP-020,0.762,Middle East/Africa,Textiles,Sea,2023-06-26,2023-07-18,2023-07-19,1,0.38,0.028,0.0,497.6,196.6,226.1,8539.46,0
ORD-101507,SUP-034,0.576,North America,Machinery,Road,2023-08-09,2023-08-14,2023-08-14,0,0.198,0.226,0.082,673.1,476.3,443.4,2815.04,0
ORD-101508,SUP-035,0.443,Middle East/Africa,Electronics,Rail,2023-01-28,2023-02-04,2023-02-05,1,0.32,0.16,0.097,323.2,529.7,539.0,10512.38,1
ORD-101509,SUP-034,0.576,Europe,Pharma,Rail,2023-11-26,2023-12-05,2023-12-06,1,0.107,0.059,0.054,553.9,402.0,353.3,3230.72,0
ORD-101510,SUP-012,0.612,North America,FMCG,Road,2024-06-11,2024-06-15,2024-06-15,0,0.186,0.0,0.042,583.4,412.9,465.3,7377.33,0
ORD-101511,SUP-027,0.793,North America,Electronics,Sea,2023-12-27,2024-01-17,2024-01-17,0,0.12,0.0,0.471,358.7,402.4,402.0,5612.26,0
ORD-101512,SUP-034,0.576,North America,Textiles,Road,2024-02-29,2024-03-04,2024-03-04,0,0.387,0.207,0.092,253.1,322.5,240.6,12733.56,0
ORD-101513,SUP-024,0.818,North America,Automotive Parts,Road,2023-07-01,2023-07-06,2023-07-07,1,0.225,0.269,0.022,576.2,494.9,635.1,4140.58,0
ORD-101514,SUP-024,0.818,Latin America,Electronics,Sea,2023-10-27,2023-11-19,2023-11-19,0,0.215,0.188,0.273,387.0,381.8,460.8,5374.65,0
ORD-101515,SUP-035,0.443,North America,Machinery,Sea,2023-12-21,2024-01-11,2024-01-20,9,0.14,0.0,0.575,503.1,256.7,217.2,3486.55,1
ORD-101516,SUP-026,0.782,Latin America,Automotive Parts,Road,2024-02-02,2024-02-05,2024-02-05,0,0.0,0.304,0.054,384.8,321.9,291.8,12662.45,0
ORD-101517,SUP-001,0.823,Europe,Pharma,Rail,2024-02-16,2024-02-24,2024-02-24,0,0.199,0.0,0.05,314.6,624.5,408.1,13647.18,0
ORD-101518,SUP-039,0.777,Latin America,FMCG,Sea,2024-07-22,2024-08-13,2024-08-28,15,0.532,0.209,0.233,701.3,410.4,353.0,6386.87,1
ORD-101519,SUP-013,0.8,North America,FMCG,Road,2024-09-02,2024-09-07,2024-09-07,0,0.245,0.129,0.003,540.7,563.8,571.6,5786.0,0
ORD-101520,SUP-032,0.702,Latin America,Pharma,Road,2023-05-04,2023-05-09,2023-05-09,0,0.07,0.278,0.012,485.9,526.3,550.0,3327.69,0
ORD-101521,SUP-020,0.762,Middle East/Africa,Electronics,Rail,2023-01-03,2023-01-11,2023-01-11,0,0.104,0.0,0.097,559.3,382.3,312.2,2171.65,0
ORD-101522,SUP-002,0.788,North America,Textiles,Sea,2023-04-04,2023-04-27,2023-04-27,0,0.249,0.14,0.0,599.2,437.3,470.8,3244.41,0
ORD-101523,SUP-022,0.872,Middle East/Africa,Textiles,Road,2023-03-23,2023-03-27,2023-03-27,0,0.261,0.231,0.067,764.4,501.3,426.6,13970.31,0
ORD-101524,SUP-015,0.574,Latin America,Textiles,Road,2024-01-16,2024-01-19,2024-02-03,15,0.515,0.369,0.038,449.6,321.9,371.8,10564.43,1
ORD-101525,SUP-037,0.757,Asia Pacific,Automotive Parts,Road,2024-09-01,2024-09-06,2024-09-06,0,0.105,0.062,0.038,499.7,586.0,513.2,829.54,0
ORD-101526,SUP-005,0.967,North America,Automotive Parts,Sea,2024-02-23,2024-03-17,2024-03-20,3,0.566,0.152,0.529,340.9,626.9,664.2,7024.37,1
ORD-101527,SUP-001,0.823,Europe,Automotive Parts,Road,2024-07-11,2024-07-14,2024-07-15,1,0.306,0.0,0.07,387.1,547.3,526.4,4079.51,0
ORD-101528,SUP-005,0.967,Europe,Textiles,Rail,2023-07-27,2023-08-03,2023-08-10,7,0.509,0.036,0.082,483.8,466.8,529.7,1968.86,1
ORD-101529,SUP-003,0.783,Latin America,FMCG,Air,2023-10-22,2023-10-25,2023-11-06,12,0.163,0.369,0.064,426.2,685.8,709.9,3692.78,1
ORD-101530,SUP-024,0.818,Europe,Machinery,Road,2024-05-01,2024-05-06,2024-05-06,0,0.376,0.265,0.009,340.5,554.0,539.9,3594.87,0
ORD-101531,SUP-018,0.727,Asia Pacific,Electronics,Road,2023-04-24,2023-04-29,2023-04-29,0,0.342,0.0,0.05,570.3,462.6,514.1,2819.63,0
ORD-101532,SUP-011,0.936,Middle East/Africa,Textiles,Sea,2023-01-28,2023-02-19,2023-02-20,1,0.112,0.276,0.456,631.2,418.9,441.6,8880.98,0
ORD-101533,SUP-025,0.704,Latin America,Automotive Parts,Sea,2023-09-05,2023-09-26,2023-09-27,1,0.287,0.16,0.271,418.3,604.9,618.3,10532.69,0
ORD-101534,SUP-024,0.818,Latin America,Electronics,Road,2023-10-25,2023-10-30,2023-10-31,1,0.0,0.0,0.017,371.0,453.7,360.2,7169.88,0
ORD-101535,SUP-014,0.805,Latin America,Electronics,Road,2023-01-13,2023-01-16,2023-01-17,1,0.42,0.254,0.091,871.1,660.5,694.8,11605.96,0
ORD-101536,SUP-031,0.712,Europe,Automotive Parts,Rail,2023-05-24,2023-05-31,2023-05-31,0,0.195,0.091,0.081,76.5,581.9,648.1,21026.38,0
ORD-101537,SUP-017,0.619,Europe,Machinery,Rail,2024-02-19,2024-02-25,2024-02-25,0,0.431,0.17,0.002,529.3,457.6,442.1,16061.2,0
ORD-101538,SUP-010,0.898,Middle East/Africa,Electronics,Road,2023-02-28,2023-03-05,2023-03-07,2,0.312,0.277,0.053,560.0,569.1,570.2,8358.89,0
ORD-101539,SUP-018,0.727,Middle East/Africa,Pharma,Air,2023-09-08,2023-09-12,2023-09-13,1,0.395,0.227,0.065,540.6,310.8,360.9,2060.66,0
ORD-101540,SUP-002,0.788,Asia Pacific,Textiles,Rail,2023-03-19,2023-03-25,2023-03-25,0,0.245,0.237,0.036,644.2,442.1,445.2,2684.51,0
ORD-101541,SUP-020,0.762,Middle East/Africa,Automotive Parts,Air,2023-04-16,2023-04-20,2023-04-21,1,0.229,0.36,0.062,715.6,512.3,407.3,4041.91,1
ORD-101542,SUP-030,0.76,Europe,Machinery,Road,2023-09-25,2023-09-29,2023-09-29,0,0.318,0.0,0.092,688.8,520.9,433.7,7437.72,0
ORD-101543,SUP-022,0.872,Asia Pacific,FMCG,Air,2024-07-24,2024-07-26,2024-07-26,0,0.213,0.169,0.048,396.0,247.7,206.6,10116.45,0
ORD-101544,SUP-005,0.967,North America,Machinery,Sea,2024-01-15,2024-02-05,2024-02-05,0,0.116,0.386,0.358,304.2,406.0,424.8,5807.21,0
ORD-101545,SUP-026,0.782,Middle East/Africa,Machinery,Sea,2024-02-09,2024-03-02,2024-03-02,0,0.24,0.16,0.011,478.0,582.4,414.3,5318.24,0
ORD-101546,SUP-018,0.727,Asia Pacific,Electronics,Road,2024-07-08,2024-07-13,2024-07-13,0,0.058,0.1,0.075,421.7,368.5,265.7,1856.37,0
ORD-101547,SUP-027,0.793,Asia Pacific,Textiles,Road,2023-10-29,2023-11-01,2023-11-01,0,0.683,0.337,0.056,538.9,624.3,633.2,6589.76,0
ORD-101548,SUP-033,0.8,Latin America,Pharma,Rail,2023-03-27,2023-04-04,2023-04-04,0,0.343,0.0,0.08,272.9,369.2,449.6,12002.59,0
ORD-101549,SUP-036,0.714,North America,FMCG,Road,2024-03-12,2024-03-18,2024-03-25,7,0.175,0.303,0.016,397.4,473.9,373.5,11236.7,1
ORD-101550,SUP-006,0.63,Asia Pacific,FMCG,Road,2023-04-08,2023-04-14,2023-05-04,20,0.249,0.048,0.033,468.0,482.4,572.2,7733.19,1
ORD-101551,SUP-018,0.727,Middle East/Africa,Textiles,Road,2023-12-01,2023-12-05,2023-12-05,0,0.281,0.193,0.065,467.1,458.2,507.2,11545.64,0
ORD-101552,SUP-021,0.656,Asia Pacific,FMCG,Sea,2023-06-11,2023-07-03,2023-07-03,0,0.375,0.0,0.291,719.9,309.1,250.4,5506.68,0
ORD-101553,SUP-028,0.644,Middle East/Africa,FMCG,Sea,2024-09-07,2024-09-28,2024-09-28,0,0.24,0.304,0.281,532.2,503.8,472.6,6681.61,0
ORD-101554,SUP-027,0.793,Latin America,Pharma,Road,2023-09-07,2023-09-13,2023-09-13,0,0.359,0.0,0.009,429.9,373.4,406.6,3580.0,0
ORD-101555,SUP-015,0.574,Latin America,Textiles,Road,2023-08-16,2023-08-22,2023-08-22,0,0.159,0.174,0.075,339.4,164.4,141.6,1373.8,0
ORD-101556,SUP-030,0.76,Asia Pacific,FMCG,Rail,2023-11-10,2023-11-18,2023-11-26,8,0.461,0.327,0.002,560.0,244.9,209.2,7804.4,1
ORD-101557,SUP-022,0.872,North America,Machinery,Sea,2024-04-19,2024-05-12,2024-05-28,16,0.379,0.287,0.259,342.8,227.8,209.1,6193.88,1
ORD-101558,SUP-018,0.727,Europe,Automotive Parts,Road,2023-03-13,2023-03-17,2023-03-17,0,0.246,0.251,0.094,736.8,510.6,525.7,2487.18,0
ORD-101559,SUP-025,0.704,Europe,Machinery,Road,2023-11-03,2023-11-08,2023-11-24,16,0.238,0.051,0.013,648.7,551.6,430.8,10359.93,1
ORD-101560,SUP-014,0.805,Latin America,Automotive Parts,Rail,2023-11-12,2023-11-19,2023-11-19,0,0.017,0.486,0.063,167.1,464.5,489.9,1631.32,0
ORD-101561,SUP-027,0.793,Asia Pacific,Machinery,Sea,2024-09-14,2024-10-05,2024-10-05,0,0.581,0.243,0.172,719.7,323.2,375.2,3501.06,0
ORD-101562,SUP-006,0.63,Latin America,Machinery,Road,2024-08-01,2024-08-04,2024-08-04,0,0.266,0.578,0.037,532.2,404.8,403.8,4383.09,0
ORD-101563,SUP-034,0.576,Asia Pacific,Automotive Parts,Road,2024-08-08,2024-08-11,2024-08-15,4,0.364,0.229,0.059,398.9,368.4,285.0,7029.37,1
ORD-101564,SUP-003,0.783,Europe,Machinery,Road,2023-07-14,2023-07-17,2023-07-17,0,0.343,0.062,0.073,717.4,428.6,447.8,1414.13,0
ORD-101565,SUP-026,0.782,Middle East/Africa,Automotive Parts,Road,2024-04-10,2024-04-14,2024-04-14,0,0.194,0.167,0.08,438.5,443.0,416.7,7123.58,0
ORD-101566,SUP-016,0.842,Middle East/Africa,Automotive Parts,Sea,2023-02-22,2023-03-16,2023-03-16,0,0.08,0.424,0.0,187.4,704.5,694.7,4165.99,0
ORD-101567,SUP-011,0.936,North America,Machinery,Road,2024-01-12,2024-01-17,2024-01-17,0,0.344,0.077,0.01,420.0,324.1,317.4,6046.58,0
ORD-101568,SUP-014,0.805,North America,FMCG,Rail,2023-10-24,2023-10-31,2023-11-17,17,0.452,0.174,0.041,437.2,388.7,467.7,5472.07,1
ORD-101569,SUP-033,0.8,North America,Pharma,Rail,2024-06-11,2024-06-18,2024-06-18,0,,0.089,0.05,491.0,349.9,301.0,14134.88,0
ORD-101570,SUP-025,0.704,Latin America,Textiles,Air,2024-07-28,2024-08-02,2024-08-02,0,0.301,0.314,0.028,421.0,313.4,386.8,4682.81,0
ORD-101571,SUP-002,0.788,Latin America,Pharma,Sea,2023-08-05,2023-08-28,2023-08-28,0,0.0,0.171,0.071,682.8,654.4,614.9,3215.22,0
ORD-101572,SUP-021,0.656,Middle East/Africa,Machinery,Rail,2024-04-06,2024-04-14,2024-04-14,0,0.109,0.07,0.036,215.8,294.8,291.1,8622.85,0
ORD-101573,SUP-011,0.936,North America,Textiles,Road,2023-01-29,2023-02-02,2023-02-02,0,0.342,0.164,0.038,691.9,547.7,552.8,6703.8,0
ORD-101574,SUP-036,0.714,Asia Pacific,Electronics,Road,2024-06-23,2024-06-28,2024-07-02,4,0.327,0.251,0.085,343.3,669.8,687.2,3449.73,1
ORD-101575,SUP-022,0.872,Europe,Automotive Parts,Sea,2024-08-04,2024-08-27,2024-09-08,12,0.464,0.171,0.768,656.1,449.3,360.5,8046.0,1
ORD-101576,SUP-026,0.782,Middle East/Africa,Electronics,Sea,2023-01-19,2023-02-11,2023-02-17,6,,0.517,0.353,598.1,351.6,368.3,1518.62,1
ORD-101577,SUP-026,0.782,Middle East/Africa,FMCG,Road,2023-01-28,2023-02-02,2023-02-02,0,0.119,0.256,0.068,474.2,394.9,420.7,7478.14,0
ORD-101578,SUP-021,0.656,North America,Automotive Parts,Road,2024-04-16,2024-04-20,2024-04-20,0,0.267,0.18,0.032,572.7,575.1,615.9,5568.33,0
ORD-101579,SUP-023,0.548,Asia Pacific,Machinery,Sea,2024-05-08,2024-05-31,2024-06-02,2,0.086,0.281,0.314,384.5,319.1,387.9,2261.59,1
ORD-101580,SUP-029,0.765,Latin America,FMCG,Road,2023-01-08,2023-01-14,2023-01-14,0,0.228,0.385,0.055,579.3,609.9,642.8,4068.52,0
ORD-101581,SUP-035,0.443,Asia Pacific,Textiles,Sea,2023-09-21,2023-10-11,2023-10-11,0,0.391,0.048,0.141,437.6,340.4,336.5,6881.45,0
ORD-101582,SUP-030,0.76,North America,Electronics,Sea,2023-08-30,2023-09-21,2023-09-21,0,0.46,0.282,0.08,379.9,671.4,855.2,2146.25,0
ORD-101583,SUP-005,0.967,North America,Machinery,Air,2023-11-19,2023-11-22,2023-11-28,6,0.484,0.0,0.021,379.7,511.8,520.8,2354.12,1
ORD-101584,SUP-029,,Asia Pacific,Machinery,Sea,2023-05-19,2023-06-10,2023-06-10,0,0.0,0.313,0.0,763.5,508.5,435.9,3632.7,0
ORD-101585,SUP-015,0.574,Latin America,Automotive Parts,Rail,2024-02-14,2024-02-23,2024-02-23,0,0.411,0.002,0.085,288.1,366.5,494.9,9275.3,0
ORD-101586,SUP-021,0.656,Latin America,Electronics,Road,2024-02-01,2024-02-06,2024-02-06,0,0.37,0.0,0.002,535.2,487.6,571.4,5511.08,0
ORD-101587,SUP-004,0.652,Latin America,Electronics,Sea,2024-07-31,2024-08-22,2024-08-31,9,0.571,0.319,0.092,509.6,283.0,262.7,2560.94,1
ORD-101588,SUP-028,0.644,Asia Pacific,FMCG,Sea,2023-10-17,2023-11-06,2023-11-06,0,0.49,0.286,0.355,394.4,239.9,207.6,16020.02,0
ORD-101589,SUP-028,0.644,Asia Pacific,Textiles,Sea,2023-04-03,2023-04-26,2023-04-26,0,0.16,0.134,0.351,156.4,528.4,488.0,3026.62,0
ORD-101590,SUP-037,0.757,North America,Pharma,Road,2023-02-03,2023-02-08,2023-02-09,1,,0.196,0.05,492.0,390.7,446.8,16300.76,0
ORD-101591,SUP-021,0.656,Middle East/Africa,Automotive Parts,Road,2023-06-24,2023-06-27,2023-06-27,0,0.086,0.268,0.07,271.4,583.8,484.2,8154.54,0
ORD-101592,SUP-027,0.793,North America,Pharma,Road,2023-08-10,2023-08-14,2023-08-14,0,0.024,0.174,0.004,602.6,325.3,375.4,6035.2,0
ORD-101593,SUP-014,0.805,North America,Machinery,Rail,2023-01-18,2023-01-24,2023-01-24,0,0.548,0.432,0.015,668.1,345.7,389.2,4095.73,0
ORD-101594,SUP-038,0.957,North America,Automotive Parts,Air,2024-06-07,2024-06-10,2024-06-10,0,0.356,0.211,0.062,347.0,258.7,230.6,6492.59,0
ORD-101595,SUP-013,0.8,Middle East/Africa,Electronics,Sea,2023-01-20,2023-02-09,2023-02-09,0,0.188,0.35,0.287,433.1,405.8,418.2,4826.48,0
ORD-101596,SUP-030,0.76,North America,Machinery,Road,2023-09-25,2023-09-30,2023-10-01,1,0.065,0.102,0.077,350.9,617.4,633.2,4235.01,0
ORD-101597,SUP-025,0.704,Middle East/Africa,Machinery,Air,2024-01-13,2024-01-15,2024-01-15,0,0.13,0.224,0.065,694.7,412.5,423.7,3307.35,0
ORD-101598,SUP-028,0.644,North America,Automotive Parts,Rail,2023-02-07,2023-02-14,2023-02-18,4,0.359,0.107,0.082,559.4,567.7,611.7,6834.21,1
ORD-101599,SUP-016,0.842,Latin America,Automotive Parts,Road,2023-04-19,2023-04-25,2023-04-26,1,0.159,0.129,0.081,581.3,405.8,422.6,6012.38,0
ORD-101600,SUP-032,0.702,Europe,FMCG,Rail,2023-04-11,2023-04-19,2023-04-22,3,0.4,0.243,0.077,861.2,531.2,457.8,5100.54,1
ORD-101601,SUP-031,0.712,Europe,FMCG,Air,2023-08-15,2023-08-20,2023-08-20,0,0.479,0.035,0.009,526.3,545.8,640.6,3157.34,0
ORD-101602,SUP-039,0.777,Europe,Textiles,Rail,2023-03-19,2023-03-26,2023-04-01,6,0.107,0.226,0.088,478.1,431.9,467.6,2767.02,1
ORD-101603,SUP-040,0.607,Asia Pacific,FMCG,Rail,2023-05-25,2023-06-03,2023-06-03,0,0.142,0.451,0.074,441.8,295.1,275.2,8567.34,0
ORD-101604,SUP-028,0.644,North America,Automotive Parts,Road,2024-06-07,2024-06-11,2024-06-11,0,0.472,0.245,0.045,405.5,502.7,499.6,5001.35,0
ORD-101605,SUP-040,0.607,Latin America,Automotive Parts,Rail,2024-04-29,2024-05-06,2024-05-06,0,0.395,0.442,0.067,412.2,497.1,543.8,4749.68,0
ORD-101606,SUP-015,0.574,North America,FMCG,Sea,2023-12-07,2023-12-29,2024-01-11,13,0.028,0.181,0.481,510.3,562.7,512.7,3039.64,1
ORD-101607,SUP-039,0.777,Middle East/Africa,Electronics,Air,2023-12-29,2023-12-31,2023-12-31,0,0.613,0.195,0.052,486.1,274.5,278.0,3570.25,0
ORD-101608,SUP-031,0.712,Europe,Pharma,Sea,2024-09-25,2024-10-15,2024-10-15,0,0.0,0.0,0.226,241.0,641.9,680.6,7826.07,0
ORD-101609,SUP-038,0.957,Latin America,Automotive Parts,Sea,2023-08-01,2023-08-22,2023-08-22,0,0.0,0.062,0.277,572.2,600.9,554.5,10418.78,0
ORD-101610,SUP-039,0.777,Europe,Textiles,Rail,2024-03-22,2024-03-28,2024-03-28,0,0.351,0.125,0.086,309.1,523.6,479.5,10784.38,0
ORD-101611,SUP-032,0.702,Middle East/Africa,Electronics,Road,2024-08-29,2024-09-03,2024-09-03,0,0.503,0.007,0.074,418.6,658.6,521.9,5726.11,0
ORD-101612,SUP-017,0.619,Europe,Pharma,Air,2023-06-29,2023-07-03,2023-07-03,0,0.293,0.106,0.032,610.2,532.2,512.7,12712.88,0
ORD-101613,SUP-027,0.793,Europe,Electronics,Air,2023-01-15,2023-01-20,2023-01-20,0,0.036,0.23,0.045,502.0,244.3,253.2,4341.65,0
ORD-101614,SUP-007,0.877,Latin America,Pharma,Sea,2023-11-02,2023-11-23,2023-11-23,0,0.299,0.084,0.178,273.0,480.3,483.8,8338.28,0
ORD-101615,SUP-031,0.712,Latin America,FMCG,Rail,2024-07-16,2024-07-25,2024-07-25,0,0.259,0.124,0.009,291.7,555.0,459.3,8471.02,0
ORD-101616,SUP-008,0.711,Europe,Automotive Parts,Road,2024-08-01,2024-08-04,2024-08-05,1,0.331,0.02,0.027,558.6,278.1,237.1,3226.66,0
ORD-101617,SUP-001,0.823,Middle East/Africa,Pharma,Road,2023-09-17,2023-09-23,2023-09-28,5,0.145,0.415,0.072,513.7,533.4,600.0,2977.44,1
ORD-101618,SUP-037,0.757,North America,Machinery,Road,2024-03-12,2024-03-15,2024-03-15,0,0.306,0.041,0.034,454.5,196.1,208.5,3916.52,0
ORD-101619,SUP-016,0.842,Europe,Textiles,Road,2024-09-16,2024-09-21,2024-09-21,0,0.221,0.211,0.096,427.3,226.8,260.5,7889.81,0
ORD-101620,SUP-040,0.607,North America,Machinery,Road,2023-01-07,2023-01-12,2023-01-12,0,0.455,0.122,0.015,572.6,464.9,406.2,6487.97,0
ORD-101621,SUP-013,0.8,Europe,Textiles,Road,2023-02-14,2023-02-19,2023-02-28,9,0.244,0.147,0.041,578.8,608.3,842.3,4882.15,1
ORD-101622,SUP-034,0.576,Europe,Automotive Parts,Road,2023-01-14,2023-01-19,2023-01-19,0,0.523,0.237,0.039,456.0,451.2,405.1,4048.27,0
ORD-101623,SUP-010,0.898,Europe,FMCG,Rail,2023-05-17,2023-05-25,2023-05-25,0,0.66,0.004,0.064,599.0,398.8,433.8,7100.16,0
ORD-101624,SUP-033,0.8,Latin America,Machinery,Road,2024-09-15,2024-09-20,2024-09-20,0,0.229,0.181,0.037,454.6,451.4,514.2,6021.85,0
ORD-101625,SUP-008,0.711,Europe,FMCG,Rail,2023-03-22,2023-03-29,2023-03-30,1,0.414,0.0,0.012,741.3,130.7,127.4,4916.34,0
ORD-101626,SUP-009,0.768,Middle East/Africa,Textiles,Sea,2024-06-24,2024-07-14,2024-07-15,1,0.416,0.281,0.166,307.7,270.8,311.7,4799.99,0
ORD-101627,SUP-036,0.714,Europe,Electronics,Air,2024-03-01,2024-03-05,2024-03-05,0,0.553,0.289,0.099,428.8,458.7,527.0,11005.1,0
ORD-101628,SUP-031,0.712,North America,FMCG,Road,2024-03-13,2024-03-16,2024-03-31,15,0.588,0.141,0.075,688.6,361.9,275.3,11667.89,1
ORD-101629,SUP-018,0.727,Europe,Pharma,Sea,2024-09-15,2024-10-07,2024-10-08,1,,0.168,0.0,588.8,705.8,737.5,2932.97,0
ORD-101630,SUP-005,0.967,Europe,Electronics,Road,2024-01-12,2024-01-16,2024-01-16,0,0.427,0.31,0.036,525.6,423.5,527.9,1949.05,0
ORD-101631,SUP-014,0.805,Latin America,Textiles,Road,2024-06-17,2024-06-21,2024-06-21,0,0.0,0.213,0.028,708.8,501.0,420.2,1485.35,0
ORD-101632,SUP-035,0.443,Asia Pacific,Automotive Parts,Road,2023-08-15,2023-08-19,2023-08-19,0,0.395,0.114,0.013,449.2,244.3,251.8,3234.84,0
ORD-101633,SUP-007,0.877,Europe,Machinery,Sea,2024-09-17,2024-10-09,2024-10-09,0,,0.203,0.627,224.5,325.4,272.6,6449.04,0
ORD-101634,SUP-002,0.788,North America,Textiles,Rail,2023-03-04,2023-03-10,2023-03-10,0,0.384,0.13,0.058,383.5,395.4,459.9,3048.4,0
ORD-101635,SUP-013,0.8,Latin America,Machinery,Sea,2023-04-16,2023-05-07,2023-05-07,0,0.531,0.284,0.662,644.8,401.3,340.0,2830.44,0
ORD-101636,SUP-010,0.898,Middle East/Africa,Automotive Parts,Sea,2023-06-02,2023-06-24,2023-06-27,3,0.523,0.141,0.247,623.9,358.2,434.8,5174.7,1
ORD-101637,SUP-033,0.8,Latin America,FMCG,Rail,2023-10-06,2023-10-13,2023-10-13,0,0.224,0.144,0.097,287.0,661.2,667.7,4516.18,0
ORD-101638,SUP-021,0.656,Middle East/Africa,Machinery,Road,2024-06-17,2024-06-20,2024-06-22,2,0.04,0.349,0.041,385.4,433.6,347.2,8660.18,0
ORD-101639,SUP-028,0.644,Middle East/Africa,Textiles,Sea,2023-05-24,2023-06-16,2023-06-16,0,,0.163,0.539,664.5,534.1,522.4,3208.83,0
ORD-101640,SUP-038,0.957,Asia Pacific,Machinery,Road,2023-06-19,2023-06-22,2023-06-23,1,0.272,0.273,0.017,362.0,354.4,255.0,7409.82,0
ORD-101641,SUP-033,0.8,Latin America,Automotive Parts,Road,2023-12-14,2023-12-17,2023-12-17,0,0.12,0.276,0.016,483.3,381.8,379.3,4321.91,0
ORD-101642,SUP-012,0.612,Asia Pacific,Automotive Parts,Road,2023-06-23,2023-06-28,2023-06-28,0,0.146,0.462,0.009,291.5,609.7,534.4,6347.8,0
ORD-101643,SUP-036,0.714,Middle East/Africa,Textiles,Road,2024-01-16,2024-01-22,2024-01-22,0,0.129,0.293,0.065,553.8,454.2,433.5,2847.53,0
ORD-101644,SUP-015,0.574,Europe,FMCG,Rail,2023-04-23,2023-05-01,2023-05-01,0,0.249,0.197,0.021,453.7,592.2,479.3,5817.35,0
ORD-101645,SUP-027,0.793,Europe,Machinery,Sea,2024-03-25,2024-04-14,2024-04-25,11,0.381,0.064,0.398,308.6,374.7,408.5,2850.61,1
ORD-101646,SUP-038,0.957,Asia Pacific,FMCG,Road,2023-12-14,2023-12-20,2023-12-20,0,0.226,0.281,0.036,683.3,355.8,429.8,12586.68,0
ORD-101647,SUP-028,0.644,Asia Pacific,Electronics,Rail,2024-08-30,2024-09-05,2024-09-05,0,0.243,0.215,0.075,483.9,585.5,550.0,3867.13,0
ORD-101648,SUP-016,0.842,Asia Pacific,Automotive Parts,Rail,2023-02-07,2023-02-16,2023-02-21,5,0.513,0.224,0.055,386.9,637.2,721.1,6157.77,1
ORD-101649,SUP-017,0.619,Latin America,Automotive Parts,Road,2024-09-11,2024-09-14,2024-09-15,1,0.388,0.328,0.006,693.4,448.7,446.2,9272.58,0
ORD-101650,SUP-014,0.805,Latin America,Machinery,Road,2023-04-23,2023-04-28,2023-04-28,0,0.414,0.406,0.015,681.9,626.9,626.7,3910.42,0
ORD-101651,SUP-022,0.872,Europe,Textiles,Air,2024-09-09,2024-09-14,2024-09-14,0,0.241,0.28,0.094,778.4,469.7,529.2,4521.39,0
ORD-101652,SUP-021,0.656,North America,Pharma,Road,2023-12-24,2023-12-28,2024-01-04,7,0.392,0.172,0.029,347.5,435.8,526.4,7809.7,1
ORD-101653,SUP-019,0.75,Asia Pacific,Textiles,Road,2023-08-14,2023-08-19,2023-08-28,9,0.442,0.16,0.056,507.3,605.7,482.5,4812.15,1
ORD-101654,SUP-028,0.644,Asia Pacific,Electronics,Road,2023-03-16,2023-03-20,2023-03-24,4,0.353,0.228,0.052,746.2,358.5,416.4,2039.03,1
ORD-101655,SUP-021,0.656,Europe,Automotive Parts,Sea,2023-08-02,2023-08-24,2023-08-24,0,0.726,0.293,0.0,485.8,358.6,436.3,7344.74,0
ORD-101656,SUP-033,0.8,Latin America,Automotive Parts,Sea,2024-06-26,2024-07-16,2024-07-16,0,0.022,0.132,0.039,787.7,551.0,470.2,6108.38,0
ORD-101657,SUP-026,0.782,Middle East/Africa,FMCG,Road,2024-09-18,2024-09-24,2024-09-26,2,0.271,0.301,0.038,260.4,317.4,334.2,6276.45,1
ORD-101658,SUP-022,0.872,Latin America,Machinery,Sea,2024-07-30,2024-08-21,2024-08-21,0,0.313,0.071,0.442,290.1,577.7,390.9,2027.57,0
ORD-101659,SUP-020,0.762,Asia Pacific,Automotive Parts,Air,2023-03-07,2023-03-12,2023-03-12,0,0.364,0.0,0.077,573.3,538.4,584.9,5318.79,0
ORD-101660,SUP-032,0.702,Latin America,Textiles,Rail,2023-07-13,2023-07-21,2023-07-21,0,0.468,0.478,0.034,337.5,250.3,288.8,2384.86,0
ORD-101661,SUP-030,0.76,Middle East/Africa,Pharma,Road,2023-12-06,2023-12-12,2023-12-13,1,0.602,0.239,0.04,710.7,649.8,688.1,5125.15,0
ORD-101662,SUP-020,0.762,Latin America,Automotive Parts,Sea,2023-07-08,2023-07-31,2023-08-01,1,0.252,0.266,0.219,529.5,640.5,603.6,1746.82,0
ORD-101663,SUP-023,0.548,Latin America,FMCG,Sea,2023-01-02,2023-01-25,2023-01-30,5,0.375,0.258,0.414,438.1,398.8,463.2,4774.58,1
ORD-101664,SUP-028,0.644,Europe,Pharma,Road,2024-01-28,2024-02-01,2024-02-02,1,0.443,0.125,0.019,872.5,584.1,452.0,3419.87,0
ORD-101665,SUP-001,0.823,Asia Pacific,FMCG,Sea,2023-11-21,2023-12-11,2023-12-12,1,0.0,0.12,0.001,510.8,410.9,373.6,13270.65,0
ORD-101666,SUP-008,0.711,Asia Pacific,Electronics,Sea,2023-05-30,2023-06-21,2023-06-21,0,0.7,0.274,0.548,383.0,399.7,414.5,5695.85,0
ORD-101667,SUP-015,0.574,Latin America,Textiles,Rail,2024-09-18,2024-09-27,2024-10-05,8,0.407,0.257,0.026,695.5,667.5,673.7,2726.64,1
ORD-101668,SUP-029,0.765,Middle East/Africa,FMCG,Road,2024-05-12,2024-05-18,2024-05-20,2,0.001,0.011,0.045,464.9,350.3,350.4,9177.66,0
ORD-101669,SUP-027,0.793,Middle East/Africa,Automotive Parts,Air,2023-03-19,2023-03-24,2023-03-26,2,0.253,0.108,0.019,793.0,483.8,638.1,3067.74,0
ORD-101670,SUP-037,0.757,North America,Electronics,Road,2023-02-17,2023-02-21,2023-02-21,0,0.382,0.115,0.032,622.2,344.8,298.1,10803.83,0
ORD-101671,SUP-028,0.644,North America,Electronics,Road,2023-10-28,2023-11-01,2023-11-01,0,0.206,0.374,0.047,622.3,500.1,569.7,3490.2,0
ORD-101672,SUP-018,0.727,Middle East/Africa,Automotive Parts,Road,2023-05-27,2023-05-30,2023-06-01,2,0.519,0.0,0.027,419.0,346.1,329.2,9258.79,0
ORD-101673,SUP-033,0.8,Middle East/Africa,Automotive Parts,Road,2023-11-09,2023-11-12,2023-11-12,0,0.544,0.329,0.047,323.2,520.9,560.8,4744.25,0
ORD-101674,SUP-034,0.576,North America,Pharma,Road,2023-12-14,2023-12-20,2023-12-20,0,0.235,0.105,0.021,483.4,516.7,528.6,2052.4,0
ORD-101675,SUP-006,0.63,North America,Electronics,Road,2024-08-30,2024-09-05,2024-09-05,0,0.0,0.235,0.082,585.9,547.8,586.4,5446.97,0
ORD-101676,SUP-020,0.762,Latin America,Automotive Parts,Road,2023-08-13,2023-08-16,2023-08-16,0,0.406,0.053,0.036,506.2,612.4,503.7,8611.21,0
ORD-101677,SUP-021,0.656,Europe,Machinery,Air,2023-06-25,2023-06-27,2023-06-27,0,0.576,0.495,0.016,513.7,360.1,304.2,3558.1,0
ORD-101678,SUP-021,0.656,Asia Pacific,Textiles,Air,2023-05-11,2023-05-15,2023-05-22,7,0.308,0.319,0.064,465.0,567.2,638.9,7264.19,1
ORD-101679,SUP-027,0.793,Asia Pacific,Textiles,Rail,2023-08-26,2023-09-03,2023-09-03,0,0.288,0.09,0.079,464.3,590.5,481.6,3457.73,0
ORD-101680,SUP-017,0.619,Middle East/Africa,FMCG,Sea,2023-06-19,2023-07-10,2023-07-10,0,0.422,0.034,0.271,806.4,408.3,349.4,1186.71,0
ORD-101681,SUP-024,0.818,Latin America,Textiles,Road,2023-03-24,2023-03-27,2023-03-27,0,0.163,0.057,0.071,651.6,524.1,484.2,6100.11,0
ORD-101682,SUP-019,0.75,Europe,Electronics,Road,2023-10-18,2023-10-21,2023-10-21,0,,0.168,0.068,438.2,359.8,357.7,2994.8,0
ORD-101683,SUP-036,0.714,Asia Pacific,Machinery,Road,2023-11-17,2023-11-21,2023-11-21,0,0.72,0.0,0.096,324.3,480.4,303.3,2101.62,0
ORD-101684,SUP-004,0.652,Latin America,Machinery,Sea,2024-07-25,2024-08-15,2024-08-15,0,0.352,0.331,0.198,484.1,283.6,345.3,3361.7,0
ORD-101685,SUP-009,0.768,Middle East/Africa,FMCG,Road,2024-07-27,2024-08-02,2024-08-03,1,0.489,0.205,0.012,465.1,356.6,402.1,2841.72,0
ORD-101686,SUP-033,0.8,Asia Pacific,Machinery,Road,2023-10-11,2023-10-15,2023-10-15,0,0.117,0.126,0.065,665.4,364.3,369.4,5068.23,0
ORD-101687,SUP-016,,Asia Pacific,Automotive Parts,Rail,2023-03-20,2023-03-27,2023-03-27,0,0.27,0.0,0.029,550.2,214.5,230.7,5976.75,0
ORD-101688,SUP-004,0.652,Middle East/Africa,Automotive Parts,Air,2024-04-12,2024-04-17,2024-04-17,0,0.323,0.284,0.002,166.2,709.8,721.2,1851.59,0
ORD-101689,SUP-025,0.704,North America,Automotive Parts,Road,2023-01-22,2023-01-25,2023-01-25,0,0.553,0.018,0.039,706.6,570.2,481.1,6419.7,0
ORD-101690,SUP-004,0.652,Europe,Textiles,Road,2023-02-01,2023-02-07,2023-02-08,1,0.432,0.425,0.02,414.8,544.7,498.8,6827.45,0
ORD-101691,SUP-031,0.712,Asia Pacific,Machinery,Rail,2024-08-27,2024-09-05,2024-09-05,0,0.095,0.1,0.096,516.1,439.3,402.6,7652.36,0
ORD-101692,SUP-011,0.936,Middle East/Africa,Automotive Parts,Road,2024-07-29,2024-08-02,2024-08-04,2,0.025,0.066,0.086,552.5,599.5,687.1,5945.09,0
ORD-101693,SUP-008,0.711,North America,Automotive Parts,Sea,2024-03-20,2024-04-10,2024-04-21,11,0.658,0.185,0.066,387.8,434.8,460.1,4951.78,1
ORD-101694,SUP-011,0.936,Europe,Machinery,Road,2023-04-17,2023-04-21,2023-04-22,1,0.285,0.199,0.035,517.5,425.3,551.1,2293.11,0
ORD-101695,SUP-018,0.727,Middle East/Africa,Textiles,Sea,2023-12-27,2024-01-19,2024-01-19,0,0.046,0.155,0.29,583.5,474.1,406.7,14663.8,0
ORD-101696,SUP-016,0.842,Middle East/Africa,Pharma,Air,2024-08-23,2024-08-25,2024-08-25,0,0.128,0.234,0.08,399.5,400.8,295.7,2692.65,0
ORD-101697,SUP-010,0.898,Europe,Electronics,Road,2023-04-07,2023-04-13,2023-04-15,2,0.576,0.121,0.051,605.6,317.7,372.7,10169.09,0
ORD-101698,SUP-008,0.711,Europe,Textiles,Rail,2024-03-10,2024-03-18,2024-03-18,0,0.368,0.02,0.095,493.3,451.3,339.6,1061.1,0
ORD-101699,SUP-022,0.872,Asia Pacific,Machinery,Road,2023-11-27,2023-12-01,2023-12-01,0,0.143,0.073,0.071,708.6,308.2,302.8,10268.69,0
ORD-101700,SUP-028,0.644,Latin America,Machinery,Road,2023-06-20,2023-06-25,2023-06-25,0,0.092,0.0,0.085,516.4,629.0,800.8,4443.49,0
ORD-101701,SUP-027,0.793,North America,Machinery,Road,2024-02-20,2024-02-24,2024-02-24,0,0.007,0.019,0.03,699.0,340.5,439.6,4766.5,0
ORD-101702,SUP-040,0.607,Middle East/Africa,Machinery,Sea,2023-08-30,2023-09-20,2023-09-23,3,0.68,0.061,0.0,534.3,274.4,287.0,5728.5,1
ORD-101703,SUP-007,0.877,Asia Pacific,FMCG,Road,2023-06-27,2023-07-03,2023-07-03,0,0.36,0.1,0.027,286.2,285.6,369.7,5276.19,0
ORD-101704,SUP-031,0.712,Middle East/Africa,Electronics,Air,2023-09-05,2023-09-10,2023-09-11,1,0.138,0.157,0.078,703.0,270.2,275.6,12691.13,0
ORD-101705,SUP-020,0.762,Asia Pacific,Textiles,Road,2024-02-05,2024-02-10,2024-02-10,0,0.384,0.113,0.014,378.2,371.0,336.6,9307.17,0
ORD-101706,SUP-021,0.656,Asia Pacific,Machinery,Sea,2023-11-30,2023-12-21,2024-01-08,18,0.702,0.263,0.502,365.8,338.2,255.4,5555.35,1
ORD-101707,SUP-014,0.805,Middle East/Africa,Pharma,Road,2024-03-24,2024-03-29,2024-03-29,0,0.436,0.243,0.077,613.9,513.4,695.2,9542.25,0
ORD-101708,SUP-029,0.765,Middle East/Africa,FMCG,Road,2023-11-10,2023-11-14,2023-11-14,0,0.244,0.588,0.001,350.4,471.9,462.5,6390.95,0
ORD-101709,SUP-009,0.768,North America,Automotive Parts,Rail,2024-09-11,2024-09-20,2024-09-21,1,,0.302,0.055,530.4,432.9,390.9,9485.58,0
ORD-101710,SUP-009,0.768,Asia Pacific,Machinery,Rail,2024-01-12,2024-01-19,2024-01-19,0,0.0,0.448,0.008,768.4,489.4,504.4,11264.35,0
ORD-101711,SUP-011,0.936,North America,Machinery,Road,2024-07-28,2024-08-01,2024-08-01,0,0.526,0.164,0.021,526.5,99.9,118.8,4109.36,0
ORD-101712,SUP-037,0.757,North America,Textiles,Sea,2024-01-17,2024-02-06,2024-02-06,0,0.427,0.333,0.501,393.2,522.2,485.6,13706.21,0
ORD-101713,SUP-001,0.823,North America,Automotive Parts,Sea,2023-06-05,2023-06-26,2023-06-26,0,0.313,0.109,0.074,443.7,587.0,706.4,16821.4,0
ORD-101714,SUP-028,0.644,Asia Pacific,Automotive Parts,Sea,2024-07-30,2024-08-20,2024-09-06,17,,0.185,0.203,424.0,269.8,307.6,10104.74,1
ORD-101715,SUP-013,0.8,Middle East/Africa,FMCG,Road,2024-08-24,2024-08-30,2024-08-30,0,0.409,0.213,0.043,483.7,292.7,325.3,6742.73,0
ORD-101716,SUP-002,0.788,Latin America,FMCG,Rail,2024-03-10,2024-03-18,2024-03-18,0,0.0,0.225,0.062,401.1,451.3,520.7,13826.34,0
ORD-101717,SUP-032,0.702,Latin America,FMCG,Rail,2023-06-22,2023-07-01,2023-07-01,0,0.317,0.217,0.09,597.5,317.4,359.6,3778.53,0
ORD-101718,SUP-040,0.607,Middle East/Africa,Machinery,Road,2023-09-23,2023-09-28,2023-09-28,0,0.204,0.081,0.007,368.3,391.8,439.4,3026.72,0
ORD-101719,SUP-023,0.548,Middle East/Africa,Electronics,Road,2023-12-04,2023-12-08,2023-12-15,7,0.125,0.472,0.029,268.2,229.5,248.2,4535.13,1
ORD-101720,SUP-006,0.63,Latin America,Pharma,Road,2024-07-31,2024-08-06,2024-08-10,4,0.289,0.0,0.006,466.2,403.0,324.5,2945.97,1
ORD-101721,SUP-018,0.727,Asia Pacific,Machinery,Road,2023-10-13,2023-10-16,2023-11-09,24,0.14,0.144,0.023,288.0,531.2,556.1,2907.63,1
ORD-101722,SUP-024,0.818,Asia Pacific,Electronics,Sea,2023-08-16,2023-09-08,2023-09-15,7,0.247,0.347,0.259,517.2,450.4,536.9,3431.66,1
ORD-101723,SUP-021,0.656,Europe,Electronics,Sea,2023-06-05,2023-06-28,2023-06-28,0,0.048,0.199,0.087,683.2,296.3,278.5,3059.72,0
ORD-101724,SUP-039,0.777,Asia Pacific,Machinery,Road,2023-06-30,2023-07-04,2023-07-04,0,0.326,0.223,0.089,467.9,738.3,923.7,4378.92,0
ORD-101725,SUP-023,,Europe,FMCG,Road,2023-06-25,2023-06-29,2023-06-30,1,0.178,0.275,0.018,501.9,391.7,358.0,4256.81,0
ORD-101726,SUP-030,0.76,Middle East/Africa,Automotive Parts,Road,2024-06-18,2024-06-22,2024-06-22,0,0.172,0.205,0.038,700.6,348.6,360.6,2185.67,0
ORD-101727,SUP-035,0.443,North America,Pharma,Sea,2023-04-28,2023-05-20,2023-05-20,0,0.305,0.17,0.151,521.4,542.3,505.0,3678.47,0
ORD-101728,SUP-005,0.967,Europe,Machinery,Road,2023-03-20,2023-03-23,2023-03-24,1,0.435,0.27,0.085,633.8,409.4,297.4,5454.44,0
ORD-101729,SUP-004,,North America,Machinery,Road,2023-10-26,2023-10-29,2023-10-29,0,0.301,0.211,0.033,593.6,423.7,377.2,13314.56,0
ORD-101730,SUP-013,0.8,Latin America,Textiles,Sea,2024-06-12,2024-07-04,2024-07-04,0,0.501,0.424,0.41,380.7,498.3,464.0,6413.2,0
ORD-101731,SUP-034,0.576,North America,Electronics,Air,2023-10-07,2023-10-09,2023-10-09,0,0.067,0.329,0.052,666.6,392.0,382.7,2594.27,0
ORD-101732,SUP-029,0.765,Asia Pacific,Machinery,Air,2023-08-05,2023-08-10,2023-08-10,0,0.236,0.15,0.089,554.8,464.8,508.2,10296.82,0
ORD-101733,SUP-013,0.8,Middle East/Africa,FMCG,Road,2024-02-08,2024-02-11,2024-02-11,0,0.381,0.21,0.003,621.3,519.8,528.3,5214.66,0
ORD-101734,SUP-037,0.757,Asia Pacific,Textiles,Road,2023-07-19,2023-07-24,2023-07-24,0,0.34,0.208,0.012,446.0,332.3,326.3,6306.92,0
ORD-101735,SUP-038,0.957,North America,Textiles,Air,2024-05-01,2024-05-03,2024-05-03,0,0.315,0.164,0.05,765.6,496.4,502.4,7284.41,0
ORD-101736,SUP-008,0.711,Middle East/Africa,Automotive Parts,Road,2023-02-02,2023-02-08,2023-02-08,0,0.231,0.556,0.097,603.2,403.9,417.0,12525.94,0
ORD-101737,SUP-019,0.75,Europe,Textiles,Road,2023-09-09,2023-09-15,2023-09-15,0,0.753,0.281,0.085,488.0,555.3,780.5,5953.02,0
ORD-101738,SUP-038,0.957,Middle East/Africa,FMCG,Sea,2024-07-23,2024-08-14,2024-08-19,5,0.392,0.162,0.473,498.2,434.1,456.3,5045.73,1
ORD-101739,SUP-012,0.612,Latin America,Pharma,Rail,2024-07-04,2024-07-10,2024-07-10,0,0.141,0.283,0.05,586.9,360.5,321.2,6680.28,0
ORD-101740,SUP-006,0.63,Asia Pacific,Electronics,Road,2023-09-23,2023-09-27,2023-09-29,2,0.316,0.0,0.041,490.4,316.9,286.5,2174.22,0
ORD-101741,SUP-025,0.704,Latin America,Textiles,Rail,2024-04-28,2024-05-05,2024-05-05,0,0.63,0.327,0.065,543.2,461.2,555.5,4512.05,0
ORD-101742,SUP-010,0.898,North America,FMCG,Rail,2023-10-17,2023-10-24,2023-10-24,0,0.47,0.155,0.066,547.9,384.0,432.5,4165.05,0
ORD-101743,SUP-004,0.652,Middle East/Africa,Pharma,Road,2023-05-19,2023-05-22,2023-05-23,1,0.207,0.196,0.032,383.9,505.6,564.8,31882.38,0
ORD-101744,SUP-021,0.656,Latin America,FMCG,Road,2023-01-13,2023-01-18,2023-01-18,0,0.411,0.199,0.052,467.0,495.0,501.3,5107.88,0
ORD-101745,SUP-035,0.443,Latin America,Electronics,Road,2023-02-10,2023-02-14,2023-02-18,4,0.129,0.245,0.057,651.1,271.0,174.4,2750.21,1
ORD-101746,SUP-011,0.936,Europe,Machinery,Air,2023-06-25,2023-06-29,2023-06-29,0,0.145,0.072,0.09,462.6,485.0,481.0,1887.35,0
ORD-101747,SUP-023,0.548,North America,FMCG,Road,2023-07-17,2023-07-21,2023-07-21,0,0.48,0.267,0.027,415.5,620.0,548.9,3399.31,0
ORD-101748,SUP-015,0.574,Asia Pacific,Electronics,Rail,2024-06-15,2024-06-24,2024-06-24,0,0.315,0.08,0.055,426.8,115.5,133.9,6352.43,0
ORD-101749,SUP-001,0.823,Middle East/Africa,Machinery,Road,2023-10-26,2023-10-30,2023-10-30,0,0.144,0.413,0.067,438.6,428.1,525.0,14412.98,0
ORD-101750,SUP-024,0.818,North America,Automotive Parts,Sea,2023-10-21,2023-11-12,2023-11-12,0,0.1,0.225,0.536,383.7,581.8,557.6,2578.65,0
ORD-101751,SUP-024,0.818,North America,Machinery,Rail,2024-01-25,2024-02-01,2024-02-01,0,0.438,0.061,0.018,374.2,418.5,457.2,6104.85,0
ORD-101752,SUP-022,0.872,Europe,FMCG,Road,2023-10-06,2023-10-10,2023-10-10,0,0.118,0.304,0.079,345.1,426.5,339.4,6853.93,0
ORD-101753,SUP-018,0.727,Latin America,Machinery,Rail,2024-03-18,2024-03-26,2024-03-26,0,0.381,0.328,0.0,789.8,329.6,393.9,5103.48,0
ORD-101754,SUP-039,0.777,Asia Pacific,FMCG,Road,2023-05-28,2023-06-03,2023-06-04,1,0.579,0.155,0.003,447.5,576.2,591.3,6381.47,0
ORD-101755,SUP-015,0.574,Asia Pacific,Electronics,Road,2024-01-29,2024-02-03,2024-02-03,0,0.32,0.234,0.084,199.0,430.8,424.9,7522.79,0
ORD-101756,SUP-005,0.967,North America,Pharma,Rail,2024-05-03,2024-05-12,2024-05-13,1,0.458,0.198,0.008,577.3,528.9,459.0,4513.78,0
ORD-101757,SUP-026,0.782,Europe,FMCG,Road,2023-07-09,2023-07-12,2023-07-12,0,0.31,0.313,0.08,580.7,460.7,423.3,15003.29,0
ORD-101758,SUP-039,0.777,Latin America,Electronics,Rail,2024-03-02,2024-03-09,2024-03-10,1,0.068,0.023,0.013,718.7,433.9,434.0,7885.73,0
ORD-101759,SUP-006,0.63,Latin America,FMCG,Rail,2024-04-01,2024-04-10,2024-04-10,0,0.219,0.417,0.031,450.1,267.0,288.0,2712.37,0
ORD-101760,SUP-035,0.443,Middle East/Africa,Textiles,Road,2024-02-04,2024-02-10,2024-02-10,0,0.272,0.158,0.021,765.4,548.2,432.2,5940.84,0
ORD-101761,SUP-038,0.957,Latin America,FMCG,Sea,2023-06-10,2023-07-01,2023-07-08,7,0.581,0.0,0.349,409.1,256.1,276.3,17008.24,1
ORD-101762,SUP-015,0.574,Middle East/Africa,Automotive Parts,Rail,2024-02-29,2024-03-07,2024-03-07,0,0.146,0.138,0.025,667.5,442.3,487.5,4910.02,0
ORD-101763,SUP-002,0.788,Europe,Electronics,Road,2023-09-26,2023-09-30,2023-09-30,0,0.252,0.171,0.02,677.1,513.1,707.6,5650.51,0
ORD-101764,SUP-025,0.704,Europe,Pharma,Air,2023-10-23,2023-10-27,2023-10-27,0,0.071,0.288,0.041,630.6,646.2,634.5,3760.32,0
ORD-101765,SUP-009,0.768,Middle East/Africa,Automotive Parts,Rail,2024-07-07,2024-07-15,2024-07-31,16,0.184,0.121,0.005,638.4,554.1,551.1,6550.94,1
ORD-101766,SUP-002,0.788,Middle East/Africa,Pharma,Sea,2024-09-19,2024-10-11,2024-10-13,2,0.494,0.272,0.254,414.8,598.4,629.6,1809.94,0
ORD-101767,SUP-018,0.727,Europe,Textiles,Sea,2023-10-12,2023-11-04,2023-11-05,1,0.384,0.212,0.039,352.1,546.7,476.2,4011.65,0
ORD-101768,SUP-022,0.872,Latin America,Automotive Parts,Rail,2023-05-20,2023-05-27,2023-05-27,0,0.278,0.173,0.009,393.8,212.2,241.7,6701.16,0
ORD-101769,SUP-013,0.8,Asia Pacific,Electronics,Road,2024-08-26,2024-08-29,2024-08-30,1,0.128,0.122,0.046,603.8,411.4,341.2,4487.91,0
ORD-101770,SUP-012,0.612,Europe,Machinery,Air,2024-04-27,2024-05-01,2024-05-01,0,0.37,0.186,0.031,577.1,354.7,418.6,2924.29,0
ORD-101771,SUP-030,0.76,Europe,Machinery,Road,2024-05-31,2024-06-04,2024-06-11,7,0.486,0.095,0.098,593.1,672.4,870.4,5325.42,1
ORD-101772,SUP-008,0.711,Europe,Automotive Parts,Air,2024-01-30,2024-02-02,2024-02-02,0,0.012,0.263,0.022,725.9,624.1,587.1,1997.91,0
ORD-101773,SUP-039,0.777,Asia Pacific,Pharma,Sea,2023-06-22,2023-07-14,2023-07-14,0,0.353,0.062,0.469,595.9,270.0,291.9,2255.72,0
ORD-101774,SUP-001,0.823,Latin America,Electronics,Road,2024-06-24,2024-06-27,2024-06-30,3,0.681,0.012,0.009,829.2,776.1,620.7,1830.63,1
ORD-101775,SUP-031,0.712,Europe,Electronics,Road,2024-05-02,2024-05-05,2024-05-10,5,0.674,0.212,0.086,641.2,514.0,554.7,9076.05,1
ORD-101776,SUP-001,0.823,Middle East/Africa,FMCG,Road,2024-05-01,2024-05-06,2024-05-06,0,0.243,0.064,0.073,574.5,500.1,505.7,6596.95,0
ORD-101777,SUP-018,0.727,Asia Pacific,Electronics,Sea,2024-04-01,2024-04-21,2024-05-02,11,0.0,0.19,0.536,286.5,399.9,331.7,5509.13,1
ORD-101778,SUP-030,0.76,North America,FMCG,Road,2024-03-02,2024-03-07,2024-03-07,0,0.547,0.0,0.099,630.2,515.1,473.3,2783.03,0
ORD-101779,SUP-004,0.652,Asia Pacific,Pharma,Sea,2024-07-01,2024-07-23,2024-07-23,0,0.467,0.185,0.0,559.9,371.4,312.5,2847.99,0
ORD-101780,SUP-039,0.777,Latin America,Pharma,Road,2023-11-08,2023-11-13,2023-11-17,4,0.023,0.0,0.05,465.9,263.0,245.7,2277.69,1
ORD-101781,SUP-014,0.805,Latin America,Electronics,Road,2024-04-25,2024-04-29,2024-04-29,0,0.127,0.144,0.058,693.3,311.5,336.9,5088.94,0
ORD-101782,SUP-040,0.607,North America,Textiles,Road,2023-03-03,2023-03-07,2023-03-07,0,0.097,0.203,0.022,588.3,200.8,186.4,12839.05,0
ORD-101783,SUP-008,0.711,Latin America,Pharma,Rail,2024-08-02,2024-08-09,2024-08-09,0,0.333,0.063,0.012,524.2,435.3,516.0,2330.07,0
ORD-101784,SUP-004,0.652,North America,Machinery,Road,2024-04-16,2024-04-19,2024-04-19,0,0.346,0.475,0.077,614.5,597.0,596.5,10234.03,0
ORD-101785,SUP-016,0.842,Middle East/Africa,Machinery,Road,2023-08-03,2023-08-06,2023-08-06,0,0.236,0.219,0.006,434.8,330.1,370.1,3393.6,0
ORD-101786,SUP-002,0.788,North America,Textiles,Rail,2023-07-11,2023-07-17,2023-07-18,1,0.412,0.229,0.063,772.9,566.0,584.5,3898.66,0
ORD-101787,SUP-016,0.842,Europe,Textiles,Sea,2024-06-19,2024-07-10,2024-07-10,0,0.229,0.0,0.34,367.6,351.5,422.9,4165.02,0
ORD-101788,SUP-012,0.612,Middle East/Africa,Electronics,Road,2023-08-02,2023-08-06,2023-08-06,0,0.264,0.0,0.041,404.8,522.6,410.3,2988.9,0
ORD-101789,SUP-007,0.877,Middle East/Africa,FMCG,Road,2024-06-23,2024-06-29,2024-06-30,1,0.04,0.121,0.065,500.7,267.2,296.5,4978.08,0
ORD-101790,SUP-027,0.793,Asia Pacific,Machinery,Road,2024-01-04,2024-01-07,2024-01-07,0,0.366,0.156,0.091,593.3,654.1,532.9,9931.38,0
ORD-101791,SUP-039,0.777,Europe,FMCG,Air,2023-08-09,2023-08-12,2023-08-12,0,0.185,0.294,0.017,386.6,455.5,405.7,4662.27,0
ORD-101792,SUP-008,0.711,Asia Pacific,Automotive Parts,Road,2023-10-30,2023-11-05,2023-11-05,0,0.336,0.0,0.096,642.8,682.4,524.2,2504.9,0
ORD-101793,SUP-015,0.574,Latin America,FMCG,Road,2023-12-13,2023-12-16,2023-12-16,0,0.235,0.264,0.035,693.4,515.5,475.7,8913.86,0
ORD-101794,SUP-011,0.936,North America,Pharma,Road,2024-05-23,2024-05-28,2024-05-28,0,0.6,0.083,0.052,211.2,309.1,262.0,2475.44,0
ORD-101795,SUP-010,0.898,Latin America,Machinery,Rail,2024-08-17,2024-08-24,2024-08-25,1,0.421,0.226,0.014,267.5,524.9,606.1,2836.58,0
ORD-101796,SUP-016,0.842,Middle East/Africa,Automotive Parts,Road,2024-09-01,2024-09-06,2024-09-07,1,0.297,0.117,0.069,673.3,509.1,471.5,5012.42,0
ORD-101797,SUP-006,0.63,Europe,Automotive Parts,Rail,2024-03-21,2024-03-29,2024-04-07,9,0.293,0.322,0.055,469.2,374.3,390.1,5900.09,1
ORD-101798,SUP-027,0.793,North America,Textiles,Road,2023-10-30,2023-11-04,2023-11-04,0,0.149,0.313,0.088,486.9,488.6,576.5,7583.45,0
ORD-101799,SUP-012,0.612,Europe,Textiles,Air,2024-03-21,2024-03-23,2024-03-23,0,0.366,0.0,0.077,0.0,347.2,381.0,3560.39,0
ORD-101800,SUP-013,0.8,Europe,FMCG,Road,2024-01-21,2024-01-27,2024-01-27,0,0.582,0.024,0.069,551.5,432.1,543.3,4971.39,0
ORD-101801,SUP-015,0.574,Asia Pacific,Automotive Parts,Road,2023-09-24,2023-09-30,2023-10-16,16,0.43,0.31,0.04,571.7,572.3,388.1,5567.91,1
ORD-101802,SUP-033,0.8,North America,FMCG,Sea,2024-10-01,2024-10-22,2024-10-26,4,0.616,0.183,0.387,630.1,643.5,607.1,4180.75,1
ORD-101803,SUP-024,0.818,Middle East/Africa,FMCG,Road,2024-09-20,2024-09-23,2024-09-23,0,0.724,0.259,0.076,592.7,445.3,526.5,5936.98,0
ORD-101804,SUP-038,0.957,Latin America,Machinery,Road,2023-06-08,2023-06-14,2023-06-15,1,0.147,0.052,0.043,322.0,265.0,235.6,7065.84,0
ORD-101805,SUP-004,0.652,Asia Pacific,Machinery,Road,2024-01-29,2024-02-03,2024-02-03,0,0.506,0.331,0.021,461.6,585.5,605.0,2502.8,0
ORD-101806,SUP-023,0.548,Middle East/Africa,Automotive Parts,Rail,2024-05-24,2024-05-31,2024-06-08,8,0.457,0.088,0.038,696.7,436.7,455.0,3655.74,1
ORD-101807,SUP-032,0.702,Latin America,FMCG,Road,2023-04-05,2023-04-10,2023-04-11,1,0.01,0.058,0.049,444.2,462.8,342.5,4306.56,0
ORD-101808,SUP-026,0.782,Latin America,Electronics,Road,2023-10-29,2023-11-03,2023-11-03,0,0.454,0.0,0.093,628.2,594.5,554.0,6948.33,0
ORD-101809,SUP-033,0.8,Europe,Pharma,Road,2024-04-19,2024-04-23,2024-04-23,0,0.136,0.007,0.015,723.7,288.8,345.1,1826.97,0
ORD-101810,SUP-021,0.656,Latin America,Textiles,Road,2023-07-16,2023-07-19,2023-07-20,1,0.481,0.281,0.081,438.1,488.1,501.7,7793.12,0
ORD-101811,SUP-020,0.762,Europe,Pharma,Road,2024-03-04,2024-03-07,2024-03-07,0,0.372,0.203,0.039,517.9,506.7,360.5,10146.9,0
ORD-101812,SUP-034,0.576,Latin America,Machinery,Road,2024-06-22,2024-06-25,2024-06-25,0,0.474,0.0,0.087,412.2,425.0,441.2,2731.7,0
ORD-101813,SUP-028,0.644,Middle East/Africa,FMCG,Road,2024-05-30,2024-06-02,2024-06-02,0,0.098,0.0,0.047,646.0,383.5,458.8,3635.53,0
ORD-101814,SUP-001,0.823,North America,Pharma,Road,2023-11-16,2023-11-20,2023-11-21,1,0.456,0.328,0.001,466.1,526.8,519.1,3983.05,0
ORD-101815,SUP-040,0.607,Middle East/Africa,Textiles,Road,2023-02-13,2023-02-18,2023-02-18,0,0.483,0.0,0.067,698.8,449.2,413.0,1913.84,0
ORD-101816,SUP-022,0.872,North America,Electronics,Sea,2024-04-29,2024-05-21,2024-05-28,7,0.087,0.241,0.0,520.0,522.5,419.6,2432.38,1
ORD-101817,SUP-009,0.768,Europe,Machinery,Air,2024-02-22,2024-02-25,2024-02-27,2,0.289,0.101,0.041,618.6,406.0,462.7,3815.59,0
ORD-101818,SUP-017,0.619,Middle East/Africa,Machinery,Road,2023-10-25,2023-10-29,2023-10-29,0,0.741,0.425,0.064,650.9,420.9,488.6,6402.59,0
ORD-101819,SUP-017,0.619,Latin America,FMCG,Rail,2024-09-13,2024-09-20,2024-09-20,0,0.456,0.412,0.025,545.5,152.1,166.5,7978.12,0
ORD-101820,SUP-016,0.842,Asia Pacific,FMCG,Road,2024-07-29,2024-08-04,2024-08-04,0,0.0,0.206,0.065,571.8,564.2,431.5,2658.49,0
ORD-101821,SUP-040,0.607,Latin America,Textiles,Air,2023-07-11,2023-07-14,2023-07-14,0,0.225,0.158,0.01,472.9,685.1,710.8,7758.93,0
ORD-101822,SUP-006,0.63,Middle East/Africa,FMCG,Air,2023-01-07,2023-01-11,2023-01-11,0,0.32,0.327,0.089,391.5,632.9,634.1,2647.37,0
ORD-101823,SUP-037,0.757,Latin America,FMCG,Rail,2024-03-30,2024-04-08,2024-04-16,8,0.295,0.168,0.004,431.7,509.7,573.3,3409.48,1
ORD-101824,SUP-008,0.711,Middle East/Africa,Textiles,Rail,2023-06-27,2023-07-03,2023-07-03,0,0.284,0.22,0.009,593.2,512.1,410.9,7305.05,0
ORD-101825,SUP-031,0.712,Middle East/Africa,Textiles,Road,2024-05-26,2024-05-30,2024-06-05,6,0.495,0.265,0.02,386.5,413.2,454.4,13717.05,1
ORD-101826,SUP-005,0.967,Europe,Textiles,Sea,2023-03-19,2023-04-09,2023-04-09,0,0.167,0.024,0.26,548.9,323.1,348.4,5691.55,0
ORD-101827,SUP-022,,Middle East/Africa,Pharma,Road,2023-06-09,2023-06-14,2023-06-14,0,0.214,0.2,0.097,485.0,497.7,422.8,10639.29,0
ORD-101828,SUP-025,0.704,Middle East/Africa,Electronics,Road,2024-03-13,2024-03-19,2024-03-20,1,0.414,0.142,0.032,617.3,596.3,416.1,1296.05,0
ORD-101829,SUP-034,0.576,Europe,Electronics,Road,2023-03-07,2023-03-12,2023-03-12,0,0.388,0.29,0.018,340.5,227.0,263.8,5528.17,0
ORD-101830,SUP-003,0.783,North America,Pharma,Sea,2024-05-07,2024-05-29,2024-05-29,0,0.251,0.232,0.076,650.3,428.0,490.9,6580.86,0
ORD-101831,SUP-008,0.711,Asia Pacific,Pharma,Rail,2023-03-04,2023-03-11,2023-03-24,13,0.273,0.113,0.081,410.1,552.0,546.8,2610.37,1
ORD-101832,SUP-028,0.644,Europe,FMCG,Rail,2024-06-04,2024-06-11,2024-06-11,0,0.163,0.31,0.041,353.2,547.8,517.3,6041.21,0
ORD-101833,SUP-006,0.63,Asia Pacific,Textiles,Sea,2024-05-20,2024-06-11,2024-06-11,0,0.084,0.301,0.454,462.3,567.4,709.1,8010.82,0
ORD-101834,SUP-034,0.576,North America,Machinery,Road,2023-02-06,2023-02-11,2023-02-11,0,0.398,0.085,0.053,369.1,383.3,399.7,4673.98,0
ORD-101835,SUP-014,0.805,Asia Pacific,Textiles,Road,2023-08-22,2023-08-25,2023-08-25,0,0.008,0.353,0.037,808.6,440.6,486.8,6922.07,0
ORD-101836,SUP-019,0.75,Middle East/Africa,Textiles,Road,2024-06-11,2024-06-17,2024-06-17,0,0.429,0.295,0.03,489.2,445.0,451.0,4372.83,0
ORD-101837,SUP-028,0.644,Europe,Electronics,Sea,2023-03-05,2023-03-25,2023-03-25,0,0.118,0.0,0.394,546.1,457.3,366.2,5631.94,0
ORD-101838,SUP-021,0.656,Middle East/Africa,Textiles,Road,2024-06-17,2024-06-22,2024-06-22,0,0.182,0.316,0.02,476.3,455.6,506.7,6017.58,0
ORD-101839,SUP-010,0.898,North America,Electronics,Sea,2023-09-07,2023-09-28,2023-10-05,7,0.0,0.264,0.335,526.2,483.0,506.4,3704.86,1
ORD-101840,SUP-008,0.711,Latin America,Textiles,Rail,2023-02-10,2023-02-16,2023-02-16,0,0.118,0.089,0.001,374.8,387.1,404.9,7820.2,0
ORD-101841,SUP-024,0.818,Middle East/Africa,Textiles,Rail,2024-08-21,2024-08-29,2024-09-06,8,0.558,0.43,0.039,404.3,480.3,567.2,5445.44,1
ORD-101842,SUP-002,0.788,Latin America,Automotive Parts,Road,2023-03-05,2023-03-09,2023-03-09,0,0.257,0.199,0.06,654.1,507.9,516.6,5498.93,0
ORD-101843,SUP-036,0.714,North America,FMCG,Road,2024-02-23,2024-02-29,2024-03-01,1,0.366,0.349,0.074,597.7,258.6,235.5,1655.55,0
ORD-101844,SUP-033,0.8,Latin America,Pharma,Road,2024-07-12,2024-07-17,2024-07-18,1,0.236,0.0,0.086,390.6,484.1,495.2,4329.14,0
ORD-101845,SUP-008,0.711,Latin America,FMCG,Air,2023-03-06,2023-03-10,2023-03-11,1,0.708,0.297,0.015,363.9,442.5,512.7,6786.05,0
ORD-101846,SUP-040,0.607,Asia Pacific,Textiles,Sea,2023-11-29,2023-12-19,2023-12-19,0,0.004,0.051,0.2,296.8,456.6,501.2,6835.2,0
ORD-101847,SUP-026,0.782,North America,Textiles,Sea,2024-08-02,2024-08-25,2024-08-26,1,0.0,0.236,0.15,455.4,460.9,433.0,6375.66,0
ORD-101848,SUP-008,0.711,Asia Pacific,Pharma,Road,2024-05-15,2024-05-21,2024-05-24,3,0.678,0.158,0.01,617.6,380.3,431.8,2159.74,1
ORD-101849,SUP-031,0.712,Latin America,Automotive Parts,Rail,2023-12-10,2023-12-16,2023-12-16,0,0.127,0.459,0.09,744.5,367.1,477.9,7855.01,0
ORD-101850,SUP-029,0.765,Latin America,Machinery,Road,2024-01-12,2024-01-16,2024-01-16,0,0.375,0.234,0.042,369.2,404.7,482.2,7378.08,0
ORD-101851,SUP-003,0.783,North America,Electronics,Road,2023-11-09,2023-11-14,2023-11-14,0,0.24,0.406,0.022,779.8,327.1,355.5,7765.12,0
ORD-101852,SUP-026,0.782,North America,Electronics,Sea,2023-09-24,2023-10-15,2023-10-31,16,0.403,0.367,0.137,581.2,339.4,300.7,7750.81,1
ORD-101853,SUP-009,0.768,Asia Pacific,Electronics,Road,2023-07-06,2023-07-12,2023-07-16,4,0.0,0.169,0.04,383.6,332.8,332.3,4766.93,1
ORD-101854,SUP-016,0.842,North America,Textiles,Sea,2024-03-28,2024-04-20,2024-04-20,0,0.013,0.16,0.212,329.3,499.3,489.5,3100.93,0
ORD-101855,SUP-039,0.777,Latin America,Pharma,Rail,2024-03-13,2024-03-19,2024-03-19,0,0.557,0.043,0.081,643.2,348.3,321.7,6977.72,0
ORD-101856,SUP-020,0.762,Middle East/Africa,Electronics,Road,2023-01-18,2023-01-23,2023-01-23,0,0.023,0.135,0.051,412.4,699.7,496.3,7177.67,0
ORD-101857,SUP-009,0.768,Middle East/Africa,Automotive Parts,Sea,2023-02-06,2023-02-26,2023-02-26,0,0.304,0.0,0.56,524.2,702.5,838.3,3597.39,0
ORD-101858,SUP-036,0.714,Latin America,Textiles,Road,2023-12-25,2023-12-28,2023-12-28,0,0.037,0.0,0.009,694.1,718.3,602.9,8581.86,0
ORD-101859,SUP-030,0.76,Middle East/Africa,FMCG,Sea,2024-09-07,2024-09-27,2024-09-27,0,0.258,0.165,0.17,509.2,643.0,862.7,3503.14,0
ORD-101860,SUP-031,0.712,Europe,Textiles,Sea,2023-01-26,2023-02-16,2023-02-16,0,0.311,0.574,0.0,524.4,309.1,349.9,4388.28,0
ORD-101861,SUP-011,0.936,North America,Machinery,Sea,2023-11-01,2023-11-21,2023-11-21,0,0.271,0.355,0.481,454.3,209.9,242.9,10833.51,0
ORD-101862,SUP-012,0.612,Latin America,Automotive Parts,Rail,2023-11-14,2023-11-23,2023-11-23,0,0.552,0.267,0.1,608.4,330.1,339.8,13985.77,0
ORD-101863,SUP-019,0.75,Europe,Automotive Parts,Road,2023-08-22,2023-08-26,2023-08-26,0,0.145,0.199,0.054,502.7,368.9,421.3,21380.55,0
ORD-101864,SUP-014,0.805,North America,Electronics,Rail,2023-12-22,2023-12-28,2023-12-28,0,0.603,0.082,0.062,657.0,491.9,571.6,15555.88,0
ORD-101865,SUP-007,0.877,Europe,Textiles,Sea,2024-07-31,2024-08-23,2024-08-23,0,0.045,0.119,0.904,335.8,600.8,532.5,3979.78,0
ORD-101866,SUP-036,0.714,North America,FMCG,Rail,2024-08-05,2024-08-14,2024-08-19,5,0.204,0.279,0.072,402.1,412.7,368.3,1477.23,1
ORD-101867,SUP-027,0.793,Latin America,Pharma,Air,2023-01-31,2023-02-04,2023-02-15,11,0.359,0.428,0.015,586.1,562.0,534.8,3123.77,1
ORD-101868,SUP-006,0.63,North America,Textiles,Sea,2024-02-21,2024-03-14,2024-03-14,0,0.145,0.405,0.587,472.5,494.2,501.8,2683.7,0
ORD-101869,SUP-023,0.548,Asia Pacific,Electronics,Road,2024-03-11,2024-03-14,2024-03-14,0,0.205,0.487,0.082,591.9,520.9,512.3,4238.41,0
ORD-101870,SUP-040,0.607,North America,Machinery,Road,2024-05-06,2024-05-10,2024-05-10,0,0.59,0.247,0.098,157.6,595.3,614.7,8350.66,0
ORD-101871,SUP-038,0.957,North America,Machinery,Road,2024-04-22,2024-04-27,2024-04-27,0,0.48,0.249,0.081,648.1,503.0,570.4,6279.9,0
ORD-101872,SUP-019,0.75,Europe,FMCG,Rail,2024-09-14,2024-09-21,2024-10-06,15,0.341,0.098,0.092,392.0,293.0,321.9,1802.76,1
ORD-101873,SUP-032,0.702,Asia Pacific,Textiles,Sea,2024-01-09,2024-02-01,2024-02-03,2,0.333,0.178,0.0,671.1,529.5,596.4,3327.34,1
ORD-101874,SUP-008,0.711,Latin America,Textiles,Sea,2023-08-08,2023-08-30,2023-08-30,0,,0.446,0.113,464.4,451.0,464.3,5660.86,0
ORD-101875,SUP-036,0.714,Middle East/Africa,Machinery,Road,2024-03-12,2024-03-16,2024-03-16,0,0.548,0.175,0.026,524.2,320.6,213.4,3070.53,0
ORD-101876,SUP-038,0.957,Middle East/Africa,Textiles,Rail,2023-07-16,2023-07-24,2023-07-25,1,0.248,0.225,0.006,200.6,443.3,395.9,3072.87,0
ORD-101877,SUP-022,0.872,Europe,Textiles,Road,2023-09-20,2023-09-26,2023-09-26,0,0.608,0.007,0.009,529.7,448.1,473.7,6605.04,0
ORD-101878,SUP-019,0.75,North America,FMCG,Road,2023-02-10,2023-02-15,2023-02-19,4,,0.052,0.055,570.4,396.0,315.3,4446.48,1
ORD-101879,SUP-034,0.576,Middle East/Africa,Textiles,Air,2024-04-15,2024-04-17,2024-04-19,2,0.443,0.268,0.041,534.3,372.5,329.3,1065.69,0
ORD-101880,SUP-016,0.842,Europe,Electronics,Rail,2024-01-10,2024-01-16,2024-01-19,3,0.203,0.225,0.086,464.2,542.9,396.6,4739.79,1
ORD-101881,SUP-016,0.842,Middle East/Africa,Pharma,Road,2023-05-07,2023-05-13,2023-05-18,5,0.864,0.059,0.082,363.7,518.6,572.3,2224.68,1
ORD-101882,SUP-016,0.842,Asia Pacific,Textiles,Air,2023-07-31,2023-08-05,2023-08-05,0,0.178,0.342,0.013,613.9,414.3,391.7,8500.16,0
ORD-101883,SUP-025,0.704,Latin America,FMCG,Road,2023-05-18,2023-05-23,2023-05-23,0,0.591,0.374,0.006,563.2,281.7,235.9,7476.98,0
ORD-101884,SUP-011,0.936,Latin America,FMCG,Rail,2024-01-09,2024-01-18,2024-01-20,2,0.386,0.063,0.025,412.1,83.4,114.2,4064.47,1
ORD-101885,SUP-039,0.777,Latin America,Textiles,Rail,2023-07-06,2023-07-12,2023-07-12,0,0.641,0.338,0.065,446.6,505.2,446.0,6289.09,0
ORD-101886,SUP-039,0.777,Middle East/Africa,Electronics,Road,2024-02-18,2024-02-24,2024-02-27,3,0.657,0.205,0.083,407.2,372.0,416.4,1835.05,1
ORD-101887,SUP-039,0.777,Latin America,Automotive Parts,Air,2023-12-22,2023-12-27,2023-12-27,0,0.09,0.442,0.007,214.1,570.9,685.9,11713.21,0
ORD-101888,SUP-013,0.8,North America,Automotive Parts,Sea,2024-09-14,2024-10-05,2024-10-09,4,0.205,0.008,0.079,367.1,221.5,271.8,989.66,1
ORD-101889,SUP-003,0.783,Latin America,Automotive Parts,Road,2023-04-05,2023-04-11,2023-04-12,1,0.891,0.448,0.002,725.3,409.2,379.5,7280.5,0
ORD-101890,SUP-022,0.872,Asia Pacific,Pharma,Road,2023-07-31,2023-08-03,2023-08-03,0,0.389,0.0,0.091,473.7,287.7,269.0,11707.81,0
ORD-101891,SUP-029,0.765,Latin America,Automotive Parts,Road,2023-11-11,2023-11-17,2023-11-17,0,0.067,0.23,0.087,601.2,328.4,359.3,2526.13,0
ORD-101892,SUP-033,0.8,Middle East/Africa,Textiles,Road,2023-07-24,2023-07-27,2023-07-27,0,0.242,0.086,0.09,544.8,490.4,528.4,4802.64,0
ORD-101893,SUP-006,0.63,Middle East/Africa,FMCG,Sea,2024-02-04,2024-02-27,2024-03-03,5,0.4,0.165,0.439,437.6,579.7,660.6,2420.4,1
ORD-101894,SUP-026,0.782,Latin America,Textiles,Road,2023-10-26,2023-10-29,2023-10-29,0,0.0,0.365,0.073,780.6,686.6,571.8,14177.22,0
ORD-101895,SUP-012,0.612,Europe,FMCG,Sea,2023-07-02,2023-07-22,2023-08-01,10,0.524,0.161,0.254,427.1,316.0,339.5,6144.53,1
ORD-101896,SUP-025,0.704,Asia Pacific,FMCG,Road,2024-02-23,2024-02-29,2024-03-07,7,0.442,0.319,0.052,542.2,671.7,698.7,6408.91,1
ORD-101897,SUP-009,0.768,Asia Pacific,FMCG,Road,2023-09-02,2023-09-05,2023-09-05,0,0.267,0.351,0.047,523.8,315.7,316.5,5128.43,0
ORD-101898,SUP-024,0.818,Europe,Pharma,Air,2023-09-12,2023-09-17,2023-09-17,0,0.432,0.071,0.011,425.4,322.1,354.2,5513.08,0
ORD-101899,SUP-038,0.957,Middle East/Africa,Machinery,Air,2023-01-11,2023-01-13,2023-01-13,0,0.102,0.11,0.048,559.7,586.0,437.8,10163.43,0
ORD-101900,SUP-006,0.63,Asia Pacific,FMCG,Sea,2023-02-19,2023-03-12,2023-03-12,0,0.039,0.048,0.229,415.0,364.9,373.2,15414.97,0
ORD-101901,SUP-029,0.765,North America,Machinery,Rail,2023-08-12,2023-08-19,2023-08-20,1,0.404,0.212,0.064,758.6,392.6,412.5,5085.37,0
ORD-101902,SUP-021,0.656,North America,Textiles,Rail,2024-01-26,2024-02-02,2024-02-02,0,0.3,0.291,0.031,597.0,487.8,443.0,5148.79,0
ORD-101903,SUP-009,0.768,North America,Electronics,Sea,2024-05-21,2024-06-10,2024-06-11,1,0.485,0.317,0.271,497.8,500.7,609.8,2437.3,0
ORD-101904,SUP-017,0.619,Asia Pacific,Pharma,Road,2023-02-12,2023-02-15,2023-02-16,1,0.139,0.381,0.044,891.7,579.2,459.0,3481.26,0
ORD-101905,SUP-009,0.768,Asia Pacific,Electronics,Road,2024-04-29,2024-05-03,2024-05-03,0,0.133,0.071,0.013,774.3,322.3,353.0,3805.77,0
ORD-101906,SUP-031,0.712,North America,Pharma,Sea,2023-05-10,2023-05-31,2023-05-31,0,0.011,0.307,0.294,821.5,353.3,279.4,2120.26,0
ORD-101907,SUP-016,0.842,Latin America,Pharma,Rail,2023-05-17,2023-05-26,2023-05-26,0,0.242,0.0,0.048,592.1,450.5,434.0,6850.61,0
ORD-101908,SUP-036,,North America,Electronics,Road,2023-09-08,2023-09-14,2023-09-14,0,0.585,0.0,0.014,582.3,346.7,337.1,5235.47,0
ORD-101909,SUP-016,0.842,Latin America,Automotive Parts,Rail,2024-03-04,2024-03-13,2024-03-13,0,0.0,0.395,0.066,593.9,437.8,486.2,1872.37,0
ORD-101910,SUP-021,0.656,Asia Pacific,FMCG,Road,2023-04-25,2023-04-30,2023-04-30,0,0.34,0.204,0.079,436.7,591.4,645.1,14145.31,0
ORD-101911,SUP-031,0.712,Middle East/Africa,Machinery,Sea,2024-03-15,2024-04-04,2024-04-28,24,0.0,0.129,0.564,474.1,551.3,570.2,9436.88,1
ORD-101912,SUP-026,0.782,Asia Pacific,Electronics,Road,2023-06-11,2023-06-15,2023-06-15,0,0.284,0.236,0.009,358.2,467.0,473.3,5412.23,0
ORD-101913,SUP-009,0.768,Middle East/Africa,FMCG,Rail,2023-01-05,2023-01-13,2023-01-13,0,0.568,0.454,0.02,856.7,459.4,639.0,4568.17,0
ORD-101914,SUP-014,0.805,Middle East/Africa,Electronics,Road,2023-03-30,2023-04-04,2023-04-04,0,0.135,0.237,0.056,647.8,484.0,583.1,6086.07,0
ORD-101915,SUP-009,0.768,North America,Electronics,Air,2024-05-28,2024-05-31,2024-05-31,0,0.528,0.384,0.006,393.5,558.9,435.2,5238.1,0
ORD-101916,SUP-003,0.783,North America,Automotive Parts,Road,2023-04-11,2023-04-17,2023-04-17,0,0.105,0.16,0.035,351.1,534.7,637.5,8604.17,0
ORD-101917,SUP-001,0.823,Latin America,Textiles,Road,2024-01-16,2024-01-20,2024-02-02,13,0.605,0.04,0.046,458.1,553.6,530.7,6262.11,1
ORD-101918,SUP-032,0.702,Middle East/Africa,Textiles,Road,2024-09-12,2024-09-18,2024-09-18,0,0.276,0.037,0.081,597.9,663.4,669.7,3008.13,0
ORD-101919,SUP-014,0.805,Latin America,Electronics,Road,2023-08-12,2023-08-16,2023-08-16,0,0.602,0.056,0.023,514.6,361.1,392.3,2551.81,0
ORD-101920,SUP-009,0.768,Europe,Electronics,Road,2023-04-03,2023-04-06,2023-04-13,7,0.001,0.366,0.053,406.6,642.1,834.7,7190.31,1
ORD-101921,SUP-036,0.714,North America,FMCG,Road,2024-08-08,2024-08-12,2024-08-12,0,0.228,0.18,0.006,411.2,579.7,647.4,4912.93,0
ORD-101922,SUP-029,0.765,Europe,Automotive Parts,Sea,2023-01-20,2023-02-12,2023-02-17,5,0.021,0.028,0.258,740.6,284.7,308.9,2713.97,1
ORD-101923,SUP-034,0.576,North America,Automotive Parts,Air,2023-08-02,2023-08-06,2023-08-06,0,0.237,0.0,0.041,641.7,550.0,471.0,3696.1,0
ORD-101924,SUP-020,0.762,North America,Machinery,Road,2023-05-10,2023-05-16,2023-05-16,0,0.0,0.06,0.009,750.1,713.4,750.3,1453.14,0
ORD-101925,SUP-031,0.712,Europe,FMCG,Road,2024-08-20,2024-08-25,2024-08-27,2,0.291,0.084,0.092,389.5,447.5,475.9,3025.92,1
ORD-101926,SUP-014,0.805,North America,Textiles,Sea,2023-07-26,2023-08-17,2023-08-17,0,0.395,0.008,0.148,530.9,480.6,497.2,5083.26,0
ORD-101927,SUP-021,0.656,Middle East/Africa,Pharma,Road,2023-02-19,2023-02-25,2023-02-25,0,0.395,0.366,0.053,547.5,733.8,892.8,4286.77,0
ORD-101928,SUP-002,0.788,Asia Pacific,Machinery,Sea,2023-03-19,2023-04-09,2023-04-09,0,0.171,0.0,0.352,555.5,501.2,521.9,8742.55,0
ORD-101929,SUP-023,0.548,North America,Pharma,Road,2024-07-04,2024-07-08,2024-07-08,0,0.346,0.217,0.062,710.8,737.5,852.9,3919.8,0
ORD-101930,SUP-026,0.782,Middle East/Africa,Machinery,Air,2023-05-20,2023-05-24,2023-05-24,0,0.309,0.0,0.099,650.5,134.6,116.0,5640.66,0
ORD-101931,SUP-026,0.782,Latin America,FMCG,Rail,2024-01-07,2024-01-16,2024-02-04,19,0.528,0.325,0.051,686.0,389.0,404.9,9090.58,1
ORD-101932,SUP-010,0.898,Asia Pacific,Electronics,Road,2023-11-25,2023-12-01,2023-12-01,0,0.21,0.126,0.011,439.6,381.2,438.0,5451.94,0
ORD-101933,SUP-003,0.783,North America,Automotive Parts,Road,2024-01-13,2024-01-17,2024-01-18,1,0.316,0.158,0.01,391.3,398.2,353.7,995.64,0
ORD-101934,SUP-009,0.768,Asia Pacific,FMCG,Road,2023-04-21,2023-04-25,2023-04-25,0,0.1,0.0,0.033,436.0,362.9,361.4,2837.8,0
ORD-101935,SUP-019,0.75,Middle East/Africa,FMCG,Sea,2023-03-20,2023-04-09,2023-04-12,3,0.479,0.191,0.33,113.7,474.3,611.1,2822.9,1
ORD-101936,SUP-031,0.712,Middle East/Africa,Electronics,Air,2023-03-27,2023-03-29,2023-03-30,1,0.353,0.248,0.011,598.6,654.9,566.4,3385.2,0
ORD-101937,SUP-017,0.619,North America,Machinery,Road,2024-08-02,2024-08-08,2024-08-18,10,0.506,0.076,0.093,355.8,149.7,139.9,23998.49,1
ORD-101938,SUP-007,0.877,Europe,Machinery,Rail,2023-05-05,2023-05-14,2023-05-14,0,0.508,0.067,0.049,644.7,460.0,317.9,8628.84,0
ORD-101939,SUP-005,0.967,Europe,Automotive Parts,Sea,2023-05-30,2023-06-19,2023-06-19,0,0.693,0.367,0.305,554.2,375.6,473.7,2314.04,0
ORD-101940,SUP-024,0.818,Europe,Textiles,Sea,2023-02-22,2023-03-17,2023-03-17,0,0.061,0.347,0.0,541.7,394.9,401.0,4030.03,0
ORD-101941,SUP-009,0.768,Europe,Automotive Parts,Road,2023-04-11,2023-04-14,2023-04-14,0,0.261,0.294,0.023,436.2,356.7,246.3,5131.07,0
ORD-101942,SUP-035,0.443,Asia Pacific,Machinery,Rail,2024-09-01,2024-09-07,2024-09-08,1,,0.325,0.004,464.7,501.7,469.6,8530.55,0
ORD-101943,SUP-008,0.711,Europe,FMCG,Road,2024-06-02,2024-06-07,2024-06-18,11,0.303,0.291,0.068,361.7,671.0,715.8,4277.49,1
ORD-101944,SUP-009,0.768,Middle East/Africa,Textiles,Sea,2023-04-02,2023-04-23,2023-04-23,0,0.071,0.023,0.539,475.8,505.1,614.9,2889.24,0
ORD-101945,SUP-012,0.612,Europe,Machinery,Sea,2023-08-06,2023-08-27,2023-09-04,8,0.334,0.044,0.474,497.2,454.0,518.1,7269.36,1
ORD-101946,SUP-031,0.712,Asia Pacific,Machinery,Rail,2023-08-09,2023-08-16,2023-08-20,4,0.395,0.209,0.031,668.0,682.0,781.4,4908.18,1
ORD-101947,SUP-005,0.967,Asia Pacific,Automotive Parts,Rail,2023-04-13,2023-04-21,2023-04-21,0,0.197,0.21,0.053,592.1,537.8,591.6,2394.47,0
ORD-101948,SUP-012,0.612,Europe,Electronics,Rail,2024-04-19,2024-04-25,2024-04-27,2,0.63,0.223,0.012,535.4,599.5,612.2,2449.47,0
ORD-101949,SUP-012,0.612,Latin America,Pharma,Road,2023-01-14,2023-01-20,2023-01-20,0,0.147,0.493,0.096,436.4,291.0,247.7,11062.95,0
ORD-101950,SUP-028,0.644,Europe,Automotive Parts,Road,2023-07-01,2023-07-05,2023-07-05,0,0.332,0.065,0.031,443.4,344.6,346.2,10520.27,0
ORD-101951,SUP-030,0.76,North America,Electronics,Sea,2023-07-05,2023-07-27,2023-07-27,0,0.0,0.202,0.208,802.6,673.7,713.3,15383.56,0
ORD-101952,SUP-029,0.765,Latin America,Textiles,Rail,2024-10-01,2024-10-09,2024-10-09,0,0.214,0.371,0.014,382.2,448.5,422.2,2895.68,0
ORD-101953,SUP-004,0.652,Europe,Automotive Parts,Road,2024-04-15,2024-04-18,2024-04-18,0,0.0,0.206,0.053,679.1,593.7,626.9,4964.77,0
ORD-101954,SUP-011,0.936,North America,Machinery,Road,2023-12-12,2023-12-17,2023-12-17,0,0.268,0.042,0.087,750.9,497.7,458.5,5527.11,0
ORD-101955,SUP-017,0.619,Asia Pacific,Electronics,Rail,2023-06-20,2023-06-28,2023-06-28,0,0.617,0.036,0.07,670.3,655.5,710.6,6297.0,0
ORD-101956,SUP-040,0.607,North America,Electronics,Sea,2024-01-16,2024-02-05,2024-02-08,3,0.483,0.177,0.191,465.6,339.8,413.5,8876.6,1
ORD-101957,SUP-017,0.619,North America,Textiles,Road,2024-08-18,2024-08-21,2024-08-21,0,0.161,0.114,0.026,407.5,617.5,822.3,4635.03,0
ORD-101958,SUP-040,0.607,Latin America,Textiles,Road,2023-05-15,2023-05-18,2023-05-22,4,0.192,0.172,0.04,581.2,526.5,487.7,2361.6,1
ORD-101959,SUP-032,0.702,Asia Pacific,Machinery,Sea,2024-04-19,2024-05-10,2024-05-10,0,0.454,0.0,0.358,494.0,470.5,563.5,5606.23,0
ORD-101960,SUP-035,0.443,Asia Pacific,Textiles,Sea,2024-01-28,2024-02-17,2024-02-17,0,0.445,0.258,0.431,422.1,580.0,526.2,16121.08,0
ORD-101961,SUP-025,0.704,Middle East/Africa,Pharma,Air,2023-11-28,2023-12-01,2023-12-01,0,0.282,0.176,0.03,425.0,537.9,521.9,5130.19,0
ORD-101962,SUP-001,0.823,Middle East/Africa,Textiles,Sea,2023-09-10,2023-10-02,2023-10-07,5,0.533,0.426,0.089,313.4,433.4,530.8,2461.29,1
ORD-101963,SUP-032,0.702,Middle East/Africa,Machinery,Road,2023-04-22,2023-04-27,2023-04-27,0,0.407,0.0,0.052,367.5,321.4,323.4,4933.24,0
ORD-101964,SUP-025,0.704,Middle East/Africa,Textiles,Rail,2024-08-03,2024-08-12,2024-08-13,1,0.336,0.253,0.078,378.7,585.9,653.1,5625.44,0
ORD-101965,SUP-018,0.727,Europe,Textiles,Road,2024-03-19,2024-03-24,2024-03-24,0,0.455,0.057,0.019,523.5,347.3,348.6,6466.6,0
ORD-101966,SUP-003,0.783,Latin America,Pharma,Road,2023-04-27,2023-05-03,2023-05-03,0,0.207,0.265,0.077,460.5,316.8,272.3,6854.18,0
ORD-101967,SUP-035,0.443,Middle East/Africa,Textiles,Road,2024-03-26,2024-04-01,2024-04-02,1,0.09,0.142,0.017,253.8,409.4,371.0,2913.69,0
ORD-101968,SUP-039,0.777,Asia Pacific,FMCG,Sea,2023-05-16,2023-06-06,2023-06-08,2,0.26,0.063,0.597,446.2,293.3,261.5,3054.53,0
ORD-101969,SUP-019,0.75,Latin America,Automotive Parts,Air,2023-09-22,2023-09-25,2023-09-28,3,0.657,0.0,0.089,612.3,493.4,631.3,3163.47,1
ORD-101970,SUP-010,0.898,Europe,Pharma,Sea,2024-06-01,2024-06-22,2024-06-22,0,0.207,0.323,0.258,476.9,436.3,531.8,4374.32,0
ORD-101971,SUP-036,0.714,Middle East/Africa,FMCG,Sea,2023-02-25,2023-03-20,2023-03-20,0,0.08,0.311,0.369,312.6,379.9,406.0,4212.61,0
ORD-101972,SUP-018,0.727,Asia Pacific,Automotive Parts,Road,2024-08-29,2024-09-04,2024-09-05,1,0.0,0.0,0.081,608.5,419.1,443.8,5961.39,0
ORD-101973,SUP-036,0.714,Middle East/Africa,FMCG,Air,2023-08-19,2023-08-21,2023-08-21,0,0.584,0.0,0.061,494.5,508.6,472.0,3260.41,0
ORD-101974,SUP-030,0.76,Europe,Pharma,Road,2023-11-18,2023-11-24,2023-11-24,0,0.179,0.041,0.044,483.3,509.6,458.6,3345.77,0
ORD-101975,SUP-009,0.768,Asia Pacific,FMCG,Air,2023-10-29,2023-10-31,2023-11-14,14,0.318,0.201,0.019,792.3,274.5,231.3,4272.15,1
ORD-101976,SUP-009,0.768,Europe,Pharma,Road,2023-08-20,2023-08-25,2023-08-25,0,0.229,0.189,0.005,463.0,558.6,637.3,15051.6,0
ORD-101977,SUP-017,0.619,Middle East/Africa,FMCG,Road,2024-05-23,2024-05-27,2024-05-27,0,0.422,0.197,0.003,326.9,552.7,503.1,2023.0,0
ORD-101978,SUP-036,0.714,North America,Electronics,Road,2023-11-14,2023-11-18,2023-11-18,0,0.288,0.231,0.017,407.4,593.6,561.1,2580.11,0
ORD-101979,SUP-029,0.765,North America,FMCG,Road,2023-01-12,2023-01-15,2023-01-15,0,0.0,0.195,0.047,489.1,343.4,363.0,3916.71,0
ORD-101980,SUP-010,0.898,Asia Pacific,Pharma,Rail,2023-06-19,2023-06-26,2023-06-26,0,,0.165,0.06,397.3,465.7,445.5,3417.38,0
ORD-101981,SUP-006,0.63,Asia Pacific,Electronics,Rail,2024-01-21,2024-01-30,2024-01-30,0,0.467,0.132,0.019,664.8,383.0,396.4,5139.24,0
ORD-101982,SUP-001,0.823,Europe,Pharma,Rail,2023-03-19,2023-03-25,2023-03-25,0,0.246,0.146,0.064,209.8,395.1,499.1,4900.86,0
ORD-101983,SUP-040,0.607,Asia Pacific,Automotive Parts,Road,2024-02-07,2024-02-10,2024-02-22,12,0.304,0.223,0.09,662.9,468.4,283.3,1906.8,1
ORD-101984,SUP-040,0.607,Europe,Textiles,Rail,2024-01-23,2024-01-31,2024-01-31,0,0.325,0.271,0.046,569.5,545.2,412.8,1147.54,0
ORD-101985,SUP-013,0.8,North America,Automotive Parts,Road,2023-04-23,2023-04-28,2023-04-28,0,0.326,0.031,0.001,537.3,412.4,371.3,2734.03,0
ORD-101986,SUP-038,0.957,Middle East/Africa,Automotive Parts,Rail,2023-08-17,2023-08-26,2023-08-26,0,0.055,0.312,0.01,556.2,266.5,256.5,11410.43,0
ORD-101987,SUP-016,0.842,Asia Pacific,Textiles,Rail,2024-01-01,2024-01-09,2024-01-09,0,0.202,0.237,0.058,523.7,396.3,251.1,7049.86,0
ORD-101988,SUP-004,0.652,Middle East/Africa,Electronics,Sea,2023-01-15,2023-02-06,2023-02-12,6,0.194,0.086,0.182,550.5,414.7,416.7,6233.16,1
ORD-101989,SUP-036,0.714,Latin America,Pharma,Road,2024-01-06,2024-01-12,2024-01-12,0,0.091,0.16,0.063,351.6,467.9,531.5,9647.74,0
ORD-101990,SUP-037,0.757,Europe,Automotive Parts,Rail,2023-12-27,2024-01-04,2024-01-04,0,0.165,0.336,0.029,546.9,568.9,581.1,2442.55,0
ORD-101991,SUP-034,0.576,Europe,Textiles,Sea,2023-07-15,2023-08-05,2023-08-05,0,0.38,0.156,0.247,807.9,375.5,311.8,3344.46,0
ORD-101992,SUP-039,0.777,Middle East/Africa,Automotive Parts,Road,2024-01-31,2024-02-04,2024-02-04,0,0.0,0.409,0.066,446.6,407.6,366.8,3445.28,0
ORD-101993,SUP-004,0.652,North America,Pharma,Road,2024-04-15,2024-04-21,2024-04-21,0,0.513,0.0,0.084,842.1,507.2,561.3,11350.53,0
ORD-101994,SUP-035,0.443,North America,Pharma,Road,2023-04-22,2023-04-28,2023-05-14,16,0.578,0.105,0.049,362.1,524.8,592.0,10247.42,1
ORD-101995,SUP-020,0.762,North America,Textiles,Air,2023-05-10,2023-05-12,2023-05-12,0,0.405,0.013,0.015,352.3,316.4,246.9,10326.44,0
ORD-101996,SUP-036,0.714,Middle East/Africa,Machinery,Road,2023-08-07,2023-08-12,2023-08-23,11,0.436,0.214,0.091,577.9,494.3,568.1,8338.35,1
ORD-101997,SUP-024,0.818,Europe,Textiles,Sea,2023-03-15,2023-04-06,2023-04-06,0,0.324,0.353,0.298,529.3,474.7,619.5,3521.22,0
ORD-101998,SUP-001,0.823,Europe,Textiles,Sea,2023-05-28,2023-06-18,2023-06-18,0,0.366,0.271,0.1,454.3,352.6,374.2,5402.75,0
ORD-101999,SUP-011,0.936,Asia Pacific,Electronics,Sea,2023-10-08,2023-10-28,2023-10-28,0,0.444,0.0,0.082,483.9,520.8,696.3,1737.88,0
ORD-102000,SUP-034,0.576,Asia Pacific,FMCG,Sea,2023-01-16,2023-02-08,2023-02-08,0,0.478,0.272,0.389,291.5,467.4,445.8,7245.99,0
ORD-102001,SUP-037,0.757,Asia Pacific,Automotive Parts,Road,2023-04-25,2023-04-30,2023-04-30,0,0.175,0.0,0.03,267.9,480.8,502.0,4959.87,0
ORD-102002,SUP-039,0.777,Middle East/Africa,Pharma,Sea,2024-09-29,2024-10-19,2024-10-19,0,0.028,0.208,0.109,0.0,654.5,523.1,4965.86,0
ORD-102003,SUP-005,0.967,Europe,Electronics,Sea,2024-07-02,2024-07-24,2024-07-24,0,0.062,0.034,0.341,559.9,417.7,404.0,7730.97,0
ORD-102004,SUP-001,0.823,Asia Pacific,FMCG,Road,2023-04-26,2023-04-30,2023-04-30,0,0.408,0.015,0.074,494.1,532.7,571.5,7442.1,0
ORD-102005,SUP-033,0.8,Middle East/Africa,FMCG,Rail,2023-10-09,2023-10-18,2023-10-18,0,0.0,0.0,0.091,555.7,597.7,519.0,2788.88,0
ORD-102006,SUP-020,0.762,Latin America,Textiles,Air,2023-08-01,2023-08-03,2023-08-03,0,0.546,0.256,0.091,398.9,495.5,468.7,1582.78,0
ORD-102007,SUP-003,0.783,Latin America,Automotive Parts,Sea,2024-05-09,2024-06-01,2024-06-01,0,0.246,0.062,0.091,430.6,465.5,481.7,2788.63,0
ORD-102008,SUP-034,0.576,Europe,Automotive Parts,Sea,2023-01-30,2023-02-21,2023-02-23,2,0.326,0.231,0.039,382.7,238.6,220.4,3179.38,1
ORD-102009,SUP-026,0.782,Middle East/Africa,FMCG,Rail,2024-04-25,2024-05-02,2024-05-09,7,0.129,0.67,0.069,338.2,460.8,427.2,2531.11,1
ORD-102010,SUP-008,0.711,Middle East/Africa,Pharma,Road,2023-05-17,2023-05-22,2023-05-23,1,0.599,0.338,0.009,501.3,191.5,167.4,9409.11,0
ORD-102011,SUP-014,0.805,Europe,Pharma,Rail,2023-11-14,2023-11-22,2023-12-06,14,0.294,0.323,0.094,542.4,475.8,620.4,7559.93,1
ORD-102012,SUP-005,0.967,Europe,FMCG,Sea,2023-07-18,2023-08-07,2023-08-13,6,0.282,0.229,0.208,827.8,535.7,490.8,3751.27,1
ORD-102013,SUP-039,0.777,Asia Pacific,Electronics,Sea,2023-12-24,2024-01-13,2024-01-20,7,0.308,0.044,0.192,435.2,438.6,590.5,2637.29,1
ORD-102014,SUP-036,0.714,North America,Textiles,Road,2024-09-10,2024-09-13,2024-09-13,0,0.27,0.291,0.077,735.5,465.6,505.8,7242.33,0
ORD-102015,SUP-024,0.818,North America,FMCG,Rail,2023-11-07,2023-11-13,2023-11-13,0,0.248,0.46,0.038,413.1,523.7,542.1,5706.34,0
ORD-102016,SUP-040,0.607,Europe,FMCG,Sea,2024-02-01,2024-02-22,2024-02-22,0,0.139,0.21,0.533,526.8,252.7,247.5,7269.64,0
ORD-102017,SUP-027,0.793,Asia Pacific,FMCG,Road,2023-01-14,2023-01-17,2023-01-17,0,0.54,0.335,0.087,732.9,353.4,305.0,7557.28,0
ORD-102018,SUP-016,0.842,North America,Automotive Parts,Sea,2024-03-17,2024-04-08,2024-04-08,0,0.222,0.202,0.604,303.4,580.4,581.7,3870.49,0
ORD-102019,SUP-009,0.768,Latin America,Textiles,Road,2024-05-14,2024-05-20,2024-05-20,0,0.184,0.173,0.093,470.8,179.8,151.5,11981.91,0
ORD-102020,SUP-017,0.619,North America,Pharma,Rail,2024-02-27,2024-03-06,2024-03-27,21,0.108,0.057,0.093,360.7,573.6,508.6,5911.67,1
ORD-102021,SUP-035,0.443,North America,Automotive Parts,Road,2023-10-23,2023-10-27,2023-11-02,6,0.299,0.519,0.081,513.7,534.2,510.7,4800.18,1
ORD-102022,SUP-040,0.607,Asia Pacific,Electronics,Sea,2024-05-21,2024-06-11,2024-06-15,4,,0.032,0.0,305.2,496.4,487.6,7479.92,1
ORD-102023,SUP-040,0.607,Asia Pacific,Machinery,Rail,2023-01-04,2023-01-11,2023-01-11,0,0.287,0.047,0.036,546.4,433.0,440.4,2103.69,0
ORD-102024,SUP-010,0.898,Latin America,Electronics,Rail,2023-10-18,2023-10-24,2023-10-24,0,0.285,0.0,0.006,468.6,351.0,290.7,3577.2,0
ORD-102025,SUP-034,0.576,Middle East/Africa,Automotive Parts,Road,2023-03-28,2023-04-02,2023-04-02,0,0.115,0.197,0.092,323.9,543.9,425.8,845.36,0
ORD-102026,SUP-011,0.936,Latin America,Textiles,Rail,2023-03-03,2023-03-10,2023-03-10,0,0.0,0.123,0.065,592.8,339.1,316.7,7908.23,0
ORD-102027,SUP-013,0.8,Europe,Electronics,Rail,2024-04-06,2024-04-13,2024-04-13,0,0.166,0.123,0.073,468.5,422.8,331.2,6250.21,0
ORD-102028,SUP-008,0.711,North America,Automotive Parts,Sea,2024-06-28,2024-07-20,2024-07-28,8,0.581,0.011,0.494,586.8,541.2,509.4,5379.42,1
ORD-102029,SUP-021,0.656,Europe,Textiles,Road,2023-09-27,2023-09-30,2023-09-30,0,0.51,0.272,0.092,713.5,511.6,441.7,5321.1,0
ORD-102030,SUP-014,0.805,Middle East/Africa,Machinery,Sea,2024-06-19,2024-07-11,2024-07-11,0,0.28,0.239,0.343,547.2,341.9,306.7,3134.01,0
ORD-102031,SUP-009,0.768,Asia Pacific,FMCG,Air,2023-01-11,2023-01-15,2023-01-15,0,0.254,0.0,0.088,603.6,622.2,633.8,8981.99,0
ORD-102032,SUP-040,0.607,Europe,Electronics,Road,2023-01-05,2023-01-08,2023-01-08,0,,0.12,0.016,710.5,649.5,824.4,5504.63,0
ORD-102033,SUP-008,0.711,North America,Machinery,Road,2024-02-23,2024-02-27,2024-02-27,0,0.617,0.181,0.036,422.4,411.9,479.6,7713.82,0
ORD-102034,SUP-026,0.782,Middle East/Africa,Electronics,Sea,2023-11-28,2023-12-18,2023-12-19,1,0.341,0.272,0.521,595.8,306.8,316.6,3318.22,1
ORD-102035,SUP-040,0.607,North America,Electronics,Rail,2023-04-24,2023-04-30,2023-04-30,0,0.4,0.0,0.025,689.8,394.9,342.4,9744.52,0
ORD-102036,SUP-040,0.607,North America,Electronics,Road,2023-04-06,2023-04-11,2023-04-11,0,0.234,0.412,0.019,614.2,344.8,302.7,10605.36,0
ORD-102037,SUP-030,0.76,Europe,FMCG,Road,2023-12-18,2023-12-21,2023-12-21,0,0.172,0.16,0.065,680.7,562.3,442.3,7681.01,0
ORD-102038,SUP-021,0.656,Asia Pacific,Machinery,Road,2023-09-10,2023-09-15,2023-09-18,3,0.353,0.333,0.008,649.9,455.9,517.7,7865.25,1
ORD-102039,SUP-007,0.877,Europe,Machinery,Sea,2023-02-14,2023-03-09,2023-03-09,0,0.302,0.031,0.078,740.5,437.4,477.1,2189.44,0
ORD-102040,SUP-018,0.727,Europe,FMCG,Sea,2024-03-03,2024-03-24,2024-04-07,14,0.202,0.176,0.445,600.6,520.1,427.8,8678.8,1
ORD-102041,SUP-013,0.8,North America,Textiles,Road,2023-02-20,2023-02-24,2023-02-24,0,0.2,0.082,0.01,589.1,413.5,377.0,5944.02,0
ORD-102042,SUP-006,0.63,Latin America,Machinery,Road,2024-06-19,2024-06-24,2024-06-26,2,0.415,0.347,0.025,704.8,664.4,660.1,9902.52,1
ORD-102043,SUP-012,0.612,Europe,Automotive Parts,Air,2024-02-03,2024-02-07,2024-02-07,0,0.785,0.157,0.098,471.6,737.3,735.1,7905.26,0
ORD-102044,SUP-019,0.75,Latin America,Electronics,Road,2023-04-24,2023-04-27,2023-04-29,2,0.268,0.132,0.035,535.1,434.0,408.8,16502.07,0
ORD-102045,SUP-016,0.842,North America,Textiles,Road,2023-12-25,2023-12-31,2023-12-31,0,0.672,0.269,0.057,718.6,262.9,256.1,18522.8,0
ORD-102046,SUP-007,0.877,North America,Electronics,Road,2024-04-14,2024-04-17,2024-04-17,0,0.103,0.218,0.065,517.8,536.6,466.2,14176.71,0
ORD-102047,SUP-029,0.765,North America,Electronics,Road,2023-04-10,2023-04-16,2023-04-16,0,0.436,0.354,0.087,487.9,532.1,608.8,2121.58,0
ORD-102048,SUP-019,0.75,Latin America,Pharma,Sea,2023-09-27,2023-10-19,2023-10-29,10,0.496,0.333,0.272,653.3,374.3,374.9,3085.7,1
ORD-102049,SUP-032,0.702,Middle East/Africa,Machinery,Road,2024-07-11,2024-07-17,2024-07-17,0,0.689,0.29,0.082,610.8,441.7,331.3,17782.06,0
ORD-102050,SUP-002,0.788,North America,Electronics,Rail,2023-05-15,2023-05-21,2023-05-21,0,0.162,0.288,0.007,651.9,396.1,402.4,2443.32,0
ORD-102051,SUP-039,0.777,Europe,Pharma,Road,2023-12-06,2023-12-09,2023-12-09,0,0.594,0.189,0.041,672.7,424.4,434.3,12013.53,0
ORD-102052,SUP-036,0.714,Asia Pacific,FMCG,Road,2023-04-12,2023-04-17,2023-04-17,0,0.561,0.024,0.032,388.6,383.8,420.3,4661.82,0
ORD-102053,SUP-002,0.788,North America,Automotive Parts,Rail,2023-09-02,2023-09-11,2023-09-21,10,0.751,0.385,0.025,497.4,625.1,564.7,4444.43,1
ORD-102054,SUP-026,0.782,Middle East/Africa,Machinery,Road,2023-10-03,2023-10-06,2023-10-06,0,0.082,0.211,0.046,494.0,460.7,294.5,3062.52,0
ORD-102055,SUP-025,0.704,Middle East/Africa,Electronics,Sea,2023-10-22,2023-11-12,2023-12-05,23,0.456,0.186,0.273,449.7,520.8,376.5,5100.81,1
ORD-102056,SUP-013,0.8,Asia Pacific,Automotive Parts,Road,2023-10-02,2023-10-06,2023-10-10,4,0.449,0.119,0.05,386.8,389.2,435.5,3902.33,1
ORD-102057,SUP-022,0.872,Europe,Machinery,Road,2024-02-10,2024-02-15,2024-02-15,0,0.45,0.396,0.084,428.8,261.4,256.2,3829.88,0
ORD-102058,SUP-026,0.782,Middle East/Africa,Textiles,Rail,2024-03-27,2024-04-04,2024-04-04,0,0.374,0.318,0.028,496.7,464.6,432.4,2325.76,0
ORD-102059,SUP-010,0.898,North America,FMCG,Sea,2024-04-30,2024-05-22,2024-05-22,0,0.282,0.317,0.17,320.9,353.4,310.4,1973.54,0
ORD-102060,SUP-023,0.548,Middle East/Africa,Automotive Parts,Rail,2023-06-20,2023-06-27,2023-06-28,1,0.453,0.325,0.019,348.7,291.2,311.0,1864.5,0
ORD-102061,SUP-009,0.768,Europe,Automotive Parts,Road,2024-01-18,2024-01-22,2024-01-22,0,0.268,0.205,0.079,498.4,562.6,534.9,2306.49,0
ORD-102062,SUP-012,0.612,Middle East/Africa,FMCG,Road,2023-09-15,2023-09-19,2023-09-19,0,0.183,0.475,0.089,629.0,617.5,652.8,3597.91,0
ORD-102063,SUP-015,0.574,Asia Pacific,Automotive Parts,Road,2023-09-18,2023-09-21,2023-09-21,0,0.218,0.03,0.003,425.7,571.9,613.3,9411.86,0
ORD-102064,SUP-016,0.842,Latin America,Automotive Parts,Sea,2023-08-16,2023-09-07,2023-09-07,0,0.742,0.354,0.269,604.9,451.8,327.4,15784.76,0
ORD-102065,SUP-021,0.656,Europe,Pharma,Rail,2024-05-12,2024-05-20,2024-05-22,2,0.085,0.173,0.076,308.4,353.0,261.3,1399.93,1
ORD-102066,SUP-034,0.576,Asia Pacific,Electronics,Sea,2023-12-12,2024-01-02,2024-01-02,0,0.633,0.124,0.32,547.1,677.7,639.0,20450.31,0
ORD-102067,SUP-038,0.957,Middle East/Africa,Automotive Parts,Sea,2023-08-15,2023-09-05,2023-09-05,0,0.335,0.121,0.078,645.7,324.6,338.8,2070.53,0
ORD-102068,SUP-026,0.782,Asia Pacific,Automotive Parts,Air,2023-12-25,2023-12-30,2023-12-31,1,0.367,0.343,0.027,583.2,416.6,471.2,6451.62,0
ORD-102069,SUP-006,0.63,Latin America,FMCG,Road,2023-08-03,2023-08-08,2023-08-08,0,0.0,0.542,0.031,453.6,617.4,722.4,2657.02,0
ORD-102070,SUP-014,0.805,North America,Textiles,Road,2023-02-20,2023-02-25,2023-02-25,0,0.273,0.138,0.043,485.4,412.9,403.2,2666.56,0
ORD-102071,SUP-029,0.765,Asia Pacific,Machinery,Air,2024-07-16,2024-07-21,2024-07-21,0,0.0,0.0,0.098,636.4,559.8,424.8,4379.78,0
ORD-102072,SUP-034,0.576,Europe,Automotive Parts,Sea,2024-07-05,2024-07-27,2024-07-27,0,0.268,0.058,0.0,837.2,382.9,375.7,5069.75,0
ORD-102073,SUP-037,0.757,Middle East/Africa,Electronics,Rail,2023-01-12,2023-01-19,2023-01-19,0,0.335,0.119,0.044,336.9,417.7,289.8,4548.83,0
ORD-102074,SUP-009,0.768,Europe,Electronics,Road,2023-09-02,2023-09-07,2023-09-07,0,0.364,0.211,0.086,385.3,375.0,438.5,4431.9,0
ORD-102075,SUP-016,0.842,Middle East/Africa,Electronics,Road,2023-05-10,2023-05-16,2023-05-16,0,0.187,0.038,0.088,416.5,297.6,337.5,9488.63,0
ORD-102076,SUP-026,0.782,Asia Pacific,Electronics,Road,2024-04-27,2024-05-02,2024-05-02,0,0.342,0.477,0.008,469.7,370.3,323.3,1842.24,0
ORD-102077,SUP-036,0.714,Asia Pacific,FMCG,Road,2023-03-17,2023-03-22,2023-03-22,0,0.335,0.198,0.073,685.3,617.0,614.5,3446.38,0
ORD-102078,SUP-005,0.967,Asia Pacific,Automotive Parts,Sea,2023-04-30,2023-05-23,2023-05-23,0,0.436,0.244,0.15,449.4,534.0,461.8,15193.62,0
ORD-102079,SUP-029,0.765,North America,Machinery,Road,2023-08-22,2023-08-25,2023-08-26,1,0.244,0.0,0.024,598.4,516.4,409.3,4397.56,0
ORD-102080,SUP-025,0.704,Europe,FMCG,Air,2023-07-21,2023-07-23,2023-07-23,0,0.528,0.158,0.096,577.3,559.3,584.1,2888.45,0
ORD-102081,SUP-014,0.805,Asia Pacific,Textiles,Rail,2024-07-20,2024-07-26,2024-07-26,0,,0.221,0.099,332.7,468.9,607.1,4998.1,0
ORD-102082,SUP-039,0.777,Europe,Automotive Parts,Rail,2023-07-17,2023-07-25,2023-07-26,1,0.476,0.0,0.049,460.2,594.0,604.1,2873.99,0
ORD-102083,SUP-036,0.714,Latin America,Textiles,Road,2024-09-23,2024-09-28,2024-09-30,2,0.588,0.287,0.036,504.3,543.9,414.5,2067.71,1
ORD-102084,SUP-040,0.607,Latin America,Electronics,Road,2023-11-15,2023-11-20,2023-12-06,16,0.662,0.26,0.022,338.7,676.7,555.7,4261.61,1
ORD-102085,SUP-013,0.8,North America,Automotive Parts,Air,2023-07-12,2023-07-15,2023-07-15,0,0.153,0.015,0.027,245.5,377.2,309.6,3215.46,0
ORD-102086,SUP-040,0.607,Europe,Textiles,Road,2024-08-07,2024-08-11,2024-08-11,0,0.504,0.109,0.082,620.8,304.2,289.1,2784.98,0
ORD-102087,SUP-015,0.574,Middle East/Africa,Pharma,Road,2024-08-21,2024-08-24,2024-08-24,0,0.22,0.076,0.091,648.7,450.7,441.9,6287.57,0
ORD-102088,SUP-018,0.727,North America,Electronics,Road,2023-09-28,2023-10-04,2023-10-08,4,0.058,0.238,0.02,459.3,626.8,536.7,4924.85,1
ORD-102089,SUP-017,0.619,Latin America,Pharma,Road,2024-09-21,2024-09-24,2024-09-24,0,0.175,0.176,0.064,437.1,501.4,420.3,5626.76,0
ORD-102090,SUP-031,0.712,Asia Pacific,Machinery,Sea,2023-06-29,2023-07-19,2023-07-19,0,0.553,0.043,0.0,353.8,527.3,402.9,2239.98,0
ORD-102091,SUP-005,0.967,Latin America,Machinery,Road,2023-06-07,2023-06-12,2023-06-12,0,0.223,0.065,0.006,283.8,388.7,471.5,3771.9,0
ORD-102092,SUP-034,0.576,Latin America,FMCG,Rail,2023-01-23,2023-01-31,2023-01-31,0,0.0,0.366,0.004,654.9,420.8,374.8,4958.7,0
ORD-102093,SUP-039,0.777,Europe,FMCG,Rail,2023-08-11,2023-08-19,2023-08-19,0,0.669,0.286,0.066,219.8,510.6,395.3,10248.21,0
ORD-102094,SUP-031,0.712,Middle East/Africa,Machinery,Sea,2024-01-28,2024-02-19,2024-02-29,10,0.452,0.427,0.068,634.6,357.3,446.7,6267.74,1
ORD-102095,SUP-003,0.783,Asia Pacific,Electronics,Road,2024-06-04,2024-06-10,2024-06-10,0,0.65,0.217,0.029,514.9,421.2,398.8,8544.95,0
ORD-102096,SUP-013,0.8,Middle East/Africa,Automotive Parts,Sea,2023-07-09,2023-07-31,2023-08-06,6,0.646,0.301,0.243,678.6,296.1,247.0,2786.85,1
ORD-102097,SUP-007,0.877,Latin America,FMCG,Road,2024-08-16,2024-08-21,2024-08-21,0,0.213,0.072,0.034,419.6,401.8,478.2,4373.58,0
ORD-102098,SUP-004,0.652,North America,FMCG,Road,2023-08-24,2023-08-29,2023-08-29,0,0.297,0.257,0.04,147.1,478.6,533.3,4725.34,0
ORD-102099,SUP-014,0.805,Middle East/Africa,FMCG,Road,2024-01-14,2024-01-17,2024-01-18,1,0.354,0.022,0.021,613.8,278.1,314.8,4279.42,0
ORD-102100,SUP-007,0.877,Latin America,Machinery,Sea,2023-09-20,2023-10-10,2023-10-21,11,0.429,0.281,0.073,591.6,296.4,283.0,2537.68,1
ORD-102101,SUP-009,0.768,Europe,Textiles,Road,2023-09-01,2023-09-06,2023-09-06,0,0.624,0.242,0.025,275.8,219.1,220.1,13584.53,0
ORD-102102,SUP-022,0.872,Asia Pacific,Pharma,Air,2023-04-18,2023-04-21,2023-04-21,0,0.29,0.066,0.091,433.9,404.0,332.7,3483.33,0
ORD-102103,SUP-003,0.783,Asia Pacific,Electronics,Road,2024-03-23,2024-03-26,2024-03-27,1,0.14,0.191,0.098,431.3,302.2,363.9,12855.59,0
ORD-102104,SUP-028,0.644,Latin America,Automotive Parts,Road,2023-02-02,2023-02-07,2023-02-07,0,0.37,0.013,0.086,454.1,504.4,621.7,10177.76,0
ORD-102105,SUP-040,0.607,Europe,Pharma,Rail,2023-05-18,2023-05-26,2023-06-06,11,0.421,0.113,0.032,459.1,493.5,541.7,2456.81,1
ORD-102106,SUP-031,0.712,Asia Pacific,Automotive Parts,Road,2024-06-24,2024-06-29,2024-07-01,2,0.088,0.0,0.058,528.3,532.3,487.7,8655.26,0
ORD-102107,SUP-039,0.777,North America,Automotive Parts,Road,2024-03-10,2024-03-14,2024-03-27,13,0.198,0.0,0.009,405.9,417.3,522.7,18166.55,1
ORD-102108,SUP-035,0.443,Asia Pacific,Automotive Parts,Rail,2024-08-20,2024-08-28,2024-08-28,0,0.28,0.424,0.015,442.9,455.5,506.9,4516.52,0
ORD-102109,SUP-017,0.619,Latin America,Machinery,Rail,2023-03-27,2023-04-05,2023-04-05,0,0.405,0.394,0.086,510.8,535.8,541.7,2493.63,0
ORD-102110,SUP-038,0.957,Middle East/Africa,FMCG,Sea,2024-07-01,2024-07-24,2024-07-24,0,0.613,0.0,0.547,427.8,543.7,577.9,4346.68,0
ORD-102111,SUP-031,0.712,Middle East/Africa,Electronics,Road,2023-04-18,2023-04-22,2023-04-27,5,0.324,0.313,0.068,503.6,462.6,530.9,2303.3,1
ORD-102112,SUP-023,0.548,Middle East/Africa,FMCG,Road,2023-12-04,2023-12-10,2023-12-10,0,0.29,0.0,0.095,668.4,441.1,426.7,3819.33,0
ORD-102113,SUP-030,0.76,Europe,Electronics,Rail,2024-05-09,2024-05-15,2024-05-15,0,0.378,0.205,0.042,416.3,317.6,357.4,3154.03,0
ORD-102114,SUP-023,0.548,Latin America,Pharma,Road,2024-03-11,2024-03-17,2024-03-18,1,0.416,0.504,0.099,549.3,536.1,464.7,6256.69,0
ORD-102115,SUP-035,0.443,Middle East/Africa,Textiles,Road,2023-04-14,2023-04-19,2023-04-19,0,0.509,0.031,0.057,757.6,386.3,453.0,2431.76,0
ORD-102116,SUP-021,0.656,Middle East/Africa,Textiles,Sea,2023-08-04,2023-08-24,2023-08-24,0,0.301,0.091,0.244,428.9,481.6,512.1,3605.85,0
ORD-102117,SUP-005,0.967,Latin America,Machinery,Sea,2023-12-31,2024-01-21,2024-01-21,0,0.313,0.283,0.365,560.3,674.9,735.9,17635.27,0
ORD-102118,SUP-010,0.898,Asia Pacific,Electronics,Road,2023-01-04,2023-01-09,2023-01-09,0,0.0,0.204,0.0,492.6,439.1,383.8,2994.59,0
ORD-102119,SUP-008,0.711,North America,Textiles,Sea,2023-04-28,2023-05-20,2023-05-20,0,0.224,0.146,0.451,214.6,662.8,511.5,3192.61,0
ORD-102120,SUP-011,0.936,North America,Pharma,Rail,2023-02-27,2023-03-05,2023-03-28,23,0.387,0.137,0.021,537.6,394.9,380.7,23501.65,1
ORD-102121,SUP-038,0.957,Latin America,Pharma,Road,2024-02-05,2024-02-11,2024-02-13,2,0.507,0.346,0.065,467.6,476.7,542.1,6412.68,1
ORD-102122,SUP-022,0.872,Europe,Pharma,Road,2024-09-21,2024-09-24,2024-09-24,0,0.331,0.154,0.041,718.0,536.8,589.4,9425.9,0
ORD-102123,SUP-016,0.842,North America,Machinery,Road,2023-04-26,2023-04-30,2023-04-30,0,0.527,0.184,0.039,390.7,422.0,409.0,4194.91,0
ORD-102124,SUP-023,0.548,North America,Automotive Parts,Sea,2024-03-29,2024-04-19,2024-05-02,13,0.469,0.12,0.402,381.2,498.7,680.1,4375.13,1
ORD-102125,SUP-009,0.768,Latin America,Pharma,Road,2024-07-09,2024-07-13,2024-07-13,0,0.262,0.348,0.052,536.7,388.6,307.3,5199.77,0
ORD-102126,SUP-017,0.619,Asia Pacific,Textiles,Rail,2023-02-22,2023-03-03,2023-03-16,13,0.359,0.227,0.044,414.7,277.2,261.9,10286.98,1
ORD-102127,SUP-036,0.714,Asia Pacific,Textiles,Road,2023-03-20,2023-03-23,2023-03-23,0,0.477,0.382,0.023,568.7,384.9,390.7,5782.61,0
ORD-102128,SUP-030,,Middle East/Africa,Electronics,Road,2023-01-18,2023-01-21,2023-01-21,0,0.0,0.0,0.013,433.4,519.6,452.0,1896.45,0
ORD-102129,SUP-016,0.842,Asia Pacific,Textiles,Road,2024-06-02,2024-06-07,2024-06-07,0,0.137,0.164,0.077,395.0,409.3,461.4,2765.68,0
ORD-102130,SUP-006,0.63,Europe,Machinery,Rail,2023-05-27,2023-06-02,2023-06-02,0,0.45,0.0,0.089,141.5,263.2,281.4,2806.93,0
ORD-102131,SUP-021,0.656,Latin America,Automotive Parts,Rail,2023-05-22,2023-05-28,2023-05-28,0,0.264,0.079,0.063,653.6,531.6,412.8,6194.61,0
ORD-102132,SUP-027,0.793,Middle East/Africa,Electronics,Rail,2023-06-30,2023-07-07,2023-07-07,0,0.39,0.298,0.054,417.1,501.9,472.7,3656.52,0
ORD-102133,SUP-016,0.842,North America,Textiles,Air,2023-12-07,2023-12-09,2023-12-21,12,0.284,0.099,0.031,412.7,313.2,286.8,2848.46,1
ORD-102134,SUP-001,0.823,Latin America,Electronics,Air,2024-03-29,2024-04-01,2024-04-12,11,0.115,0.0,0.009,831.2,606.3,527.1,10053.04,1
ORD-102135,SUP-033,0.8,North America,FMCG,Rail,2024-01-10,2024-01-16,2024-01-16,0,0.221,0.231,0.021,564.5,142.6,162.8,16556.33,0
ORD-102136,SUP-018,0.727,Middle East/Africa,Automotive Parts,Road,2023-07-17,2023-07-22,2023-07-22,0,0.427,0.177,0.029,593.1,778.4,623.2,9259.27,0
ORD-102137,SUP-027,0.793,North America,Textiles,Road,2024-03-08,2024-03-13,2024-03-14,1,0.282,0.181,0.027,710.1,531.6,631.1,3639.0,0
ORD-102138,SUP-018,0.727,Europe,Automotive Parts,Sea,2023-12-22,2024-01-11,2024-01-11,0,0.483,0.238,0.009,822.9,527.9,589.5,3244.96,0
ORD-102139,SUP-040,0.607,North America,Automotive Parts,Road,2023-01-27,2023-01-31,2023-01-31,0,0.037,0.146,0.077,637.2,583.0,706.1,3249.45,0
ORD-102140,SUP-026,0.782,Middle East/Africa,Textiles,Sea,2024-09-12,2024-10-04,2024-10-05,1,0.235,0.23,0.312,552.7,593.5,592.7,14827.55,0
ORD-102141,SUP-024,0.818,Latin America,Electronics,Air,2023-09-01,2023-09-06,2023-09-06,0,0.48,0.055,0.048,487.3,644.8,550.8,9304.75,0
ORD-102142,SUP-037,0.757,Middle East/Africa,Pharma,Road,2023-06-25,2023-06-30,2023-06-30,0,0.022,0.287,0.017,196.1,546.1,720.7,7937.43,0
ORD-102143,SUP-035,0.443,Middle East/Africa,Automotive Parts,Sea,2024-08-14,2024-09-06,2024-09-06,0,0.219,0.0,0.257,357.3,511.9,517.4,1940.14,0
ORD-102144,SUP-027,0.793,Asia Pacific,Machinery,Sea,2023-10-30,2023-11-21,2023-11-21,0,0.319,0.0,0.424,649.4,401.4,430.6,1588.24,0
ORD-102145,SUP-009,0.768,Latin America,Textiles,Sea,2024-09-27,2024-10-17,2024-10-17,0,0.622,0.511,0.13,564.5,375.5,506.2,5810.79,0
ORD-102146,SUP-027,0.793,Asia Pacific,Automotive Parts,Road,2023-08-29,2023-09-04,2023-09-04,0,0.282,0.387,0.031,393.2,523.7,580.2,11271.03,0
ORD-102147,SUP-038,0.957,Europe,Machinery,Road,2024-09-07,2024-09-13,2024-09-14,1,0.389,0.311,0.005,406.0,468.2,422.0,2331.18,0
ORD-102148,SUP-006,0.63,North America,Automotive Parts,Sea,2023-08-06,2023-08-28,2023-08-28,0,0.022,0.089,0.473,606.0,301.1,222.2,3020.99,0
ORD-102149,SUP-011,0.936,Asia Pacific,FMCG,Road,2023-02-14,2023-02-17,2023-02-17,0,0.173,0.191,0.039,538.6,654.1,681.5,4409.93,0
ORD-102150,SUP-039,0.777,Middle East/Africa,FMCG,Road,2023-10-17,2023-10-21,2023-10-21,0,0.386,0.357,0.046,394.7,414.6,289.7,2210.44,0
ORD-102151,SUP-030,0.76,Asia Pacific,FMCG,Road,2024-05-13,2024-05-18,2024-05-18,0,0.277,0.018,0.073,251.7,232.6,226.1,1924.37,0
ORD-102152,SUP-002,0.788,Latin America,Electronics,Road,2023-04-02,2023-04-05,2023-04-05,0,0.327,0.095,0.047,38.7,362.9,336.3,3093.28,0
ORD-102153,SUP-015,0.574,North America,Pharma,Road,2023-11-06,2023-11-11,2023-11-11,0,0.215,0.345,0.035,771.6,629.1,548.7,6301.49,0
ORD-102154,SUP-018,0.727,North America,Electronics,Road,2024-01-21,2024-01-24,2024-01-24,0,0.359,0.328,0.066,545.1,363.4,475.3,14412.22,0
ORD-102155,SUP-005,0.967,Latin America,FMCG,Road,2024-04-16,2024-04-22,2024-04-22,0,0.109,0.224,0.081,349.3,461.4,485.7,3097.7,0
ORD-102156,SUP-018,0.727,Europe,Electronics,Sea,2024-01-06,2024-01-28,2024-01-28,0,0.158,0.255,0.4,514.4,517.1,695.9,8079.8,0
ORD-102157,SUP-014,0.805,Asia Pacific,Electronics,Road,2024-04-29,2024-05-02,2024-05-02,0,0.486,0.225,0.08,605.9,206.3,233.0,5923.67,0
ORD-102158,SUP-038,0.957,Asia Pacific,Electronics,Rail,2023-08-10,2023-08-19,2023-08-19,0,0.521,0.062,0.084,318.8,337.6,332.2,7404.75,0
ORD-102159,SUP-027,0.793,Latin America,Electronics,Road,2024-03-22,2024-03-25,2024-04-04,10,0.189,0.51,0.064,371.7,250.3,275.6,7952.31,1
ORD-102160,SUP-012,0.612,Europe,Machinery,Sea,2023-07-19,2023-08-10,2023-08-10,0,0.19,0.116,0.209,583.6,300.3,303.8,9679.33,0
ORD-102161,SUP-002,0.788,Latin America,Pharma,Air,2024-09-25,2024-09-27,2024-09-28,1,0.116,0.315,0.085,371.9,252.7,238.3,2975.82,0
ORD-102162,SUP-013,0.8,Latin America,FMCG,Road,2023-11-20,2023-11-25,2023-11-25,0,,0.0,0.016,557.7,539.3,621.0,3856.07,0
ORD-102163,SUP-021,0.656,Latin America,Automotive Parts,Sea,2024-07-20,2024-08-12,2024-08-12,0,0.195,0.382,0.281,562.7,244.0,284.6,11500.84,0
ORD-102164,SUP-008,0.711,Latin America,Pharma,Road,2024-05-31,2024-06-04,2024-06-07,3,0.199,0.224,0.012,430.2,289.4,233.0,2973.16,1
ORD-102165,SUP-033,0.8,Europe,Machinery,Road,2023-02-21,2023-02-27,2023-03-08,9,0.103,0.032,0.079,491.0,510.7,585.2,3001.61,1
ORD-102166,SUP-007,0.877,Asia Pacific,Pharma,Rail,2023-04-13,2023-04-19,2023-04-19,0,0.019,0.0,0.026,538.6,360.9,426.6,3743.12,0
ORD-102167,SUP-029,0.765,North America,Electronics,Road,2024-09-09,2024-09-14,2024-09-14,0,0.614,0.087,0.029,331.6,388.4,415.5,4067.42,0
ORD-102168,SUP-007,0.877,Europe,Machinery,Road,2023-02-25,2023-03-03,2023-03-27,24,0.141,0.351,0.079,437.0,466.7,481.4,7081.35,1
ORD-102169,SUP-029,0.765,Middle East/Africa,Electronics,Road,2024-04-08,2024-04-13,2024-04-13,0,0.199,0.466,0.018,299.5,569.6,450.3,5191.58,0
ORD-102170,SUP-013,0.8,Middle East/Africa,FMCG,Sea,2024-06-21,2024-07-14,2024-07-14,0,0.387,0.246,0.333,474.4,469.3,418.6,6968.05,0
ORD-102171,SUP-016,0.842,Latin America,Automotive Parts,Road,2024-08-18,2024-08-22,2024-08-23,1,0.238,0.312,0.053,297.4,589.5,596.0,5402.67,0
ORD-102172,SUP-027,0.793,Europe,Textiles,Rail,2024-09-25,2024-10-04,2024-10-04,0,0.305,0.287,0.1,545.8,208.1,212.7,2873.02,0
ORD-102173,SUP-038,0.957,Asia Pacific,Textiles,Rail,2024-07-12,2024-07-21,2024-07-21,0,0.262,0.387,0.099,490.4,419.5,433.7,6041.34,0
ORD-102174,SUP-020,0.762,Europe,Automotive Parts,Sea,2023-08-20,2023-09-11,2023-09-11,0,0.336,0.059,0.061,344.0,480.2,426.1,7433.13,0
ORD-102175,SUP-014,0.805,North America,Electronics,Road,2023-06-23,2023-06-26,2023-06-26,0,0.429,0.0,0.096,549.7,506.7,466.5,6681.27,0
ORD-102176,SUP-015,0.574,North America,Automotive Parts,Road,2023-02-11,2023-02-15,2023-02-15,0,0.537,0.185,0.064,328.4,450.0,418.4,8378.66,0
ORD-102177,SUP-031,0.712,Europe,Electronics,Rail,2023-09-26,2023-10-04,2023-10-05,1,0.485,0.447,0.07,240.5,512.6,478.1,3513.72,0
ORD-102178,SUP-002,0.788,North America,Automotive Parts,Road,2024-03-09,2024-03-13,2024-03-13,0,0.426,0.203,0.077,432.9,531.5,598.5,22921.24,0
ORD-102179,SUP-006,0.63,North America,Automotive Parts,Rail,2024-07-23,2024-07-31,2024-07-31,0,0.271,0.187,0.021,289.6,448.2,418.8,5912.57,0
ORD-102180,SUP-017,0.619,Asia Pacific,FMCG,Air,2024-02-16,2024-02-21,2024-02-24,3,0.402,0.561,0.086,210.6,375.3,433.7,4319.48,1
ORD-102181,SUP-027,0.793,Europe,Textiles,Sea,2023-06-13,2023-07-06,2023-07-06,0,0.239,0.206,0.434,489.8,548.0,573.5,18401.72,0
ORD-102182,SUP-023,0.548,Europe,Electronics,Sea,2023-09-25,2023-10-15,2023-10-15,0,0.203,0.094,0.265,399.2,507.1,512.9,2211.07,0
ORD-102183,SUP-005,0.967,Latin America,Automotive Parts,Road,2023-08-19,2023-08-24,2023-09-06,13,0.198,0.312,0.028,595.5,171.6,157.5,7741.02,1
ORD-102184,SUP-021,0.656,Asia Pacific,Automotive Parts,Road,2024-02-24,2024-02-28,2024-03-02,3,0.486,0.31,0.096,634.4,640.8,576.1,4295.64,1
ORD-102185,SUP-032,0.702,Europe,Automotive Parts,Rail,2023-03-06,2023-03-14,2023-03-23,9,0.293,0.328,0.036,705.6,517.6,614.5,3267.31,1
ORD-102186,SUP-023,0.548,North America,Pharma,Rail,2023-06-12,2023-06-18,2023-06-19,1,0.264,0.116,0.007,525.6,236.9,250.1,6993.44,0
ORD-102187,SUP-028,0.644,Asia Pacific,Automotive Parts,Sea,2023-03-26,2023-04-15,2023-04-15,0,0.0,0.343,0.313,454.0,581.9,619.3,3234.57,0
ORD-102188,SUP-002,0.788,Latin America,Machinery,Road,2023-01-14,2023-01-19,2023-01-19,0,0.141,0.222,0.003,531.7,341.3,346.7,2419.28,0
ORD-102189,SUP-022,0.872,Latin America,Machinery,Sea,2023-05-31,2023-06-20,2023-06-20,0,0.098,0.0,0.313,730.6,595.8,743.7,3568.18,0
ORD-102190,SUP-034,0.576,Asia Pacific,Automotive Parts,Air,2024-07-01,2024-07-06,2024-07-08,2,0.305,0.137,0.005,299.4,389.4,541.4,2697.24,0
ORD-102191,SUP-031,0.712,Latin America,Automotive Parts,Sea,2023-03-25,2023-04-17,2023-04-17,0,0.321,0.414,0.223,803.4,241.4,208.7,6495.56,0
ORD-102192,SUP-003,0.783,Middle East/Africa,Electronics,Sea,2023-08-23,2023-09-14,2023-09-14,0,0.323,0.157,0.578,439.9,506.1,531.7,3122.85,0
ORD-102193,SUP-028,0.644,North America,Automotive Parts,Rail,2024-08-29,2024-09-06,2024-09-07,1,0.3,0.375,0.078,403.9,529.5,563.4,1165.54,0
ORD-102194,SUP-019,0.75,North America,Pharma,Road,2023-03-10,2023-03-16,2023-03-16,0,0.132,0.262,0.026,484.2,295.1,302.5,7307.54,0
ORD-102195,SUP-009,0.768,Europe,Automotive Parts,Rail,2024-04-01,2024-04-09,2024-04-09,0,0.274,0.209,0.023,447.4,392.9,421.1,5752.21,0
ORD-102196,SUP-007,0.877,Latin America,Pharma,Road,2024-08-15,2024-08-19,2024-08-19,0,0.65,0.023,0.003,444.2,287.4,322.1,768.21,0
ORD-102197,SUP-040,0.607,Middle East/Africa,Machinery,Sea,2024-04-17,2024-05-07,2024-05-08,1,0.428,0.154,0.166,664.6,477.8,552.7,5045.86,0
ORD-102198,SUP-006,0.63,North America,Machinery,Rail,2023-09-20,2023-09-28,2023-09-28,0,0.521,0.152,0.038,328.3,518.9,427.6,8848.18,0
ORD-102199,SUP-019,0.75,Middle East/Africa,Automotive Parts,Sea,2024-09-29,2024-10-20,2024-10-21,1,0.499,0.024,0.0,507.4,357.9,359.6,4849.31,1
ORD-102200,SUP-038,0.957,Asia Pacific,Automotive Parts,Sea,2024-02-09,2024-03-02,2024-03-02,0,0.168,0.0,0.248,476.3,405.0,384.1,3839.92,0
ORD-102201,SUP-023,0.548,Asia Pacific,FMCG,Road,2024-03-26,2024-03-30,2024-04-02,3,0.45,0.394,0.035,425.5,378.5,344.5,2717.07,1
ORD-102202,SUP-033,0.8,Asia Pacific,Electronics,Road,2024-05-17,2024-05-23,2024-05-23,0,0.089,0.127,0.055,528.3,393.0,383.3,2248.82,0
ORD-102203,SUP-024,0.818,North America,Automotive Parts,Road,2024-08-19,2024-08-24,2024-08-24,0,0.0,0.167,0.01,589.2,658.7,600.5,4009.97,0
ORD-102204,SUP-034,0.576,Europe,Electronics,Sea,2023-06-06,2023-06-27,2023-06-27,0,0.699,0.259,0.292,369.6,246.0,243.3,5785.63,0
ORD-102205,SUP-006,0.63,Middle East/Africa,Electronics,Sea,2023-05-23,2023-06-15,2023-06-16,1,0.225,0.194,0.099,457.2,279.1,317.3,752.41,0
ORD-102206,SUP-035,0.443,Latin America,Pharma,Sea,2023-01-17,2023-02-08,2023-02-08,0,0.108,0.0,0.518,408.9,408.0,463.4,4285.27,0
ORD-102207,SUP-018,0.727,Middle East/Africa,Pharma,Road,2023-08-04,2023-08-10,2023-08-10,0,0.018,0.22,0.053,208.9,595.3,626.1,2811.84,0
ORD-102208,SUP-013,0.8,North America,Electronics,Road,2024-09-04,2024-09-07,2024-09-08,1,0.448,0.103,0.081,468.8,543.0,505.0,11053.05,0
ORD-102209,SUP-004,0.652,North America,FMCG,Road,2023-05-26,2023-05-30,2023-05-30,0,0.49,0.144,0.003,571.8,232.2,258.7,3257.38,0
ORD-102210,SUP-037,0.757,Middle East/Africa,Machinery,Sea,2024-04-10,2024-05-01,2024-05-01,0,0.25,0.199,0.455,619.0,430.5,331.5,4206.22,0
ORD-102211,SUP-036,0.714,Latin America,Pharma,Air,2023-11-16,2023-11-19,2023-11-24,5,0.299,0.578,0.007,335.6,455.5,343.6,4120.26,1
ORD-102212,SUP-028,0.644,Europe,Machinery,Rail,2023-04-25,2023-05-03,2023-05-05,2,0.096,0.132,0.088,252.7,494.8,460.0,16606.98,0
ORD-102213,SUP-028,0.644,North America,Machinery,Road,2023-06-23,2023-06-27,2023-06-27,0,,0.007,0.05,707.5,438.4,501.7,4014.36,0
ORD-102214,SUP-025,0.704,Asia Pacific,Pharma,Road,2023-02-10,2023-02-13,2023-02-14,1,0.363,0.17,0.062,388.8,488.1,557.1,8468.14,0
ORD-102215,SUP-019,0.75,Middle East/Africa,Pharma,Air,2024-07-10,2024-07-13,2024-07-13,0,0.103,0.328,0.098,503.1,718.5,771.4,6333.03,0
ORD-102216,SUP-035,0.443,Asia Pacific,Textiles,Rail,2023-03-22,2023-03-31,2023-04-06,6,0.367,0.585,0.036,387.0,464.0,455.5,2337.07,1
ORD-102217,SUP-005,0.967,Middle East/Africa,Textiles,Sea,2023-01-29,2023-02-21,2023-02-21,0,0.203,0.262,0.214,304.7,487.4,472.4,5272.87,0
ORD-102218,SUP-013,0.8,Asia Pacific,Electronics,Sea,2023-07-26,2023-08-17,2023-08-17,0,0.256,0.0,0.021,429.0,316.7,337.5,5339.34,0
ORD-102219,SUP-034,0.576,Latin America,Automotive Parts,Sea,2023-12-03,2023-12-23,2023-12-23,0,0.416,0.278,0.0,564.5,349.1,453.4,2725.78,0
ORD-102220,SUP-040,0.607,Europe,Machinery,Sea,2023-06-27,2023-07-17,2023-07-18,1,0.388,0.072,0.182,421.7,581.3,606.2,3249.04,0
ORD-102221,SUP-010,0.898,Latin America,Automotive Parts,Road,2024-03-11,2024-03-17,2024-03-17,0,,0.169,0.062,292.0,452.3,503.3,4877.22,0
ORD-102222,SUP-021,0.656,Asia Pacific,Textiles,Road,2024-07-23,2024-07-29,2024-07-29,0,0.498,0.396,0.04,612.9,272.7,280.9,6451.4,0
ORD-102223,SUP-039,0.777,Asia Pacific,Machinery,Rail,2023-07-03,2023-07-12,2023-07-12,0,0.177,0.049,0.052,301.1,487.2,541.7,3807.26,0
ORD-102224,SUP-021,0.656,North America,Automotive Parts,Road,2023-06-14,2023-06-20,2023-06-20,0,0.153,0.421,0.072,594.5,539.9,514.6,4837.58,0
ORD-102225,SUP-017,0.619,North America,Pharma,Road,2023-06-26,2023-06-29,2023-06-29,0,0.209,0.229,0.04,609.1,508.7,421.3,4870.03,0
ORD-102226,SUP-018,0.727,Asia Pacific,FMCG,Sea,2023-07-24,2023-08-16,2023-08-16,0,0.395,0.355,0.09,217.6,437.1,487.6,2290.87,0
ORD-102227,SUP-015,0.574,Europe,Pharma,Road,2024-04-29,2024-05-04,2024-05-07,3,0.471,0.211,0.001,370.7,295.6,285.6,24272.9,1
ORD-102228,SUP-023,0.548,Asia Pacific,Automotive Parts,Sea,2023-04-14,2023-05-05,2023-05-06,1,0.393,0.091,0.171,553.0,330.3,459.7,4417.7,0
ORD-102229,SUP-035,0.443,Asia Pacific,FMCG,Air,2023-05-02,2023-05-04,2023-05-05,1,0.0,0.148,0.096,435.2,448.4,424.2,5553.41,0
ORD-102230,SUP-027,0.793,Asia Pacific,Textiles,Sea,2023-05-04,2023-05-26,2023-05-26,0,0.265,0.092,0.337,523.6,565.9,566.3,4202.95,0
ORD-102231,SUP-026,0.782,North America,Automotive Parts,Rail,2023-06-16,2023-06-22,2023-06-22,0,0.58,0.092,0.033,442.2,360.3,309.0,5354.78,0
ORD-102232,SUP-006,,Europe,Automotive Parts,Road,2024-08-27,2024-08-31,2024-08-31,0,0.548,0.35,0.096,1046.0,466.6,467.9,4650.56,0
ORD-102233,SUP-010,0.898,Europe,Textiles,Road,2023-12-31,2024-01-03,2024-01-03,0,0.564,0.317,0.032,701.4,602.2,659.4,12293.14,0
ORD-102234,SUP-039,0.777,Latin America,Pharma,Road,2023-02-15,2023-02-21,2023-02-21,0,0.0,0.327,0.092,778.9,394.6,301.5,7630.26,0
ORD-102235,SUP-023,0.548,Asia Pacific,Textiles,Road,2024-07-24,2024-07-29,2024-07-29,0,0.319,0.0,0.01,481.8,607.7,638.6,5476.06,0
ORD-102236,SUP-024,0.818,Latin America,Textiles,Road,2023-10-27,2023-10-30,2023-10-31,1,0.277,0.231,0.081,434.8,511.0,454.8,4776.09,0
ORD-102237,SUP-002,0.788,North America,Electronics,Rail,2024-06-06,2024-06-12,2024-06-12,0,0.421,0.043,0.044,505.3,619.2,697.1,6939.42,0
ORD-102238,SUP-018,0.727,Middle East/Africa,Machinery,Sea,2023-10-03,2023-10-23,2023-10-23,0,0.371,0.21,0.298,690.1,426.4,400.2,4941.21,0
ORD-102239,SUP-020,0.762,North America,FMCG,Road,2023-09-01,2023-09-04,2023-09-04,0,,0.0,0.098,142.2,643.2,683.3,3676.07,0
ORD-102240,SUP-026,0.782,Latin America,Machinery,Sea,2023-09-01,2023-09-24,2023-09-24,0,0.185,0.254,0.094,407.3,507.0,575.5,15153.03,0
ORD-102241,SUP-030,0.76,Europe,Automotive Parts,Rail,2023-12-11,2023-12-17,2023-12-17,0,0.317,0.0,0.043,100.7,531.0,385.8,3718.8,0
ORD-102242,SUP-015,0.574,North America,Pharma,Road,2023-07-07,2023-07-10,2023-07-10,0,0.127,0.044,0.078,626.1,487.3,567.5,1313.23,0
ORD-102243,SUP-013,0.8,Latin America,Pharma,Road,2023-11-19,2023-11-22,2023-12-01,9,0.365,0.5,0.051,608.2,525.9,491.9,3022.42,1
ORD-102244,SUP-022,0.872,Europe,Electronics,Rail,2024-01-28,2024-02-06,2024-02-06,0,0.598,0.188,0.081,400.7,600.4,703.7,9698.52,0
ORD-102245,SUP-017,0.619,North America,Automotive Parts,Rail,2023-09-15,2023-09-22,2023-09-22,0,0.221,0.143,0.005,360.7,302.7,317.1,6179.82,0
ORD-102246,SUP-031,0.712,Asia Pacific,Electronics,Road,2023-03-20,2023-03-24,2023-03-24,0,0.501,0.196,0.043,609.4,538.0,547.0,3177.57,0
ORD-102247,SUP-035,0.443,Latin America,Electronics,Rail,2024-05-19,2024-05-25,2024-05-25,0,0.297,0.253,0.008,96.0,427.0,462.1,3357.26,0
ORD-102248,SUP-021,0.656,North America,Automotive Parts,Road,2023-09-06,2023-09-11,2023-09-11,0,0.367,0.334,0.048,564.7,467.5,430.9,4255.74,0
ORD-102249,SUP-029,0.765,Europe,Machinery,Road,2023-06-12,2023-06-17,2023-06-17,0,0.39,0.0,0.034,469.1,389.6,331.6,11471.27,0
ORD-102250,SUP-021,0.656,North America,Electronics,Rail,2024-04-25,2024-05-01,2024-05-01,0,0.256,0.278,0.075,512.6,255.5,253.5,2626.9,0
ORD-102251,SUP-025,0.704,North America,FMCG,Road,2023-02-06,2023-02-12,2023-02-12,0,0.316,0.229,0.045,642.4,424.4,397.2,9879.29,0
ORD-102252,SUP-027,0.793,Europe,FMCG,Road,2023-12-30,2024-01-03,2024-01-12,9,0.031,0.049,0.006,357.1,457.2,385.9,3536.48,1
ORD-102253,SUP-035,0.443,Middle East/Africa,Machinery,Air,2023-11-24,2023-11-28,2023-11-28,0,0.069,0.062,0.052,438.0,518.5,631.5,7583.49,0
ORD-102254,SUP-036,0.714,Europe,Textiles,Air,2023-11-27,2023-12-01,2023-12-02,1,0.18,0.151,0.013,540.6,445.9,500.6,4562.86,1
ORD-102255,SUP-010,0.898,Middle East/Africa,Machinery,Sea,2024-04-07,2024-04-30,2024-04-30,0,0.115,0.148,0.15,474.7,400.4,362.6,2668.62,0
ORD-102256,SUP-005,0.967,Europe,Machinery,Road,2023-08-24,2023-08-28,2023-08-28,0,0.328,0.166,0.077,590.4,445.9,561.1,15108.53,0
ORD-102257,SUP-010,0.898,Europe,Pharma,Air,2023-10-28,2023-11-02,2023-11-03,1,0.12,0.534,0.074,537.2,518.8,562.8,3123.49,0
ORD-102258,SUP-028,0.644,Latin America,Pharma,Rail,2023-07-23,2023-07-30,2023-08-07,8,0.467,0.465,0.003,495.1,442.8,405.3,8353.48,1
ORD-102259,SUP-022,0.872,Europe,Pharma,Road,2024-07-12,2024-07-16,2024-07-16,0,0.0,0.091,0.069,430.9,438.6,406.9,6440.72,0
ORD-102260,SUP-032,0.702,Asia Pacific,Machinery,Air,2024-03-09,2024-03-13,2024-03-13,0,0.371,0.22,0.009,394.7,526.2,600.1,3113.56,0
ORD-102261,SUP-040,0.607,Asia Pacific,FMCG,Road,2024-08-14,2024-08-17,2024-08-17,0,0.347,0.064,0.038,686.4,348.0,369.7,7315.54,0
ORD-102262,SUP-021,0.656,Asia Pacific,Automotive Parts,Sea,2023-01-15,2023-02-07,2023-02-07,0,0.0,0.032,0.051,349.1,373.5,417.6,9387.2,0
ORD-102263,SUP-038,0.957,Middle East/Africa,FMCG,Sea,2023-05-29,2023-06-21,2023-07-06,15,0.148,0.207,0.168,716.0,256.9,309.5,4022.86,1
ORD-102264,SUP-005,0.967,Latin America,FMCG,Road,2024-01-16,2024-01-19,2024-01-19,0,0.172,0.139,0.016,267.2,545.7,421.6,2646.34,0
ORD-102265,SUP-003,0.783,North America,Machinery,Sea,2024-01-19,2024-02-11,2024-02-12,1,0.131,0.138,0.482,586.2,433.3,457.5,5831.66,0
ORD-102266,SUP-026,0.782,Asia Pacific,FMCG,Rail,2023-05-31,2023-06-09,2023-06-09,0,0.065,0.15,0.044,272.5,391.0,383.9,2631.82,0
ORD-102267,SUP-020,0.762,Europe,Machinery,Rail,2023-02-15,2023-02-22,2023-02-22,0,0.57,0.109,0.056,593.0,372.8,322.6,2845.2,0
ORD-102268,SUP-013,0.8,Asia Pacific,Automotive Parts,Road,2024-01-18,2024-01-23,2024-01-26,3,0.444,0.082,0.094,440.9,480.2,541.6,4765.33,1
ORD-102269,SUP-029,0.765,Europe,Textiles,Road,2024-01-24,2024-01-28,2024-01-28,0,0.628,0.194,0.033,434.0,450.5,539.0,2457.2,0
ORD-102270,SUP-033,0.8,Middle East/Africa,Textiles,Air,2023-04-14,2023-04-16,2023-04-16,0,0.225,0.185,0.06,439.6,506.5,563.6,21423.85,0
ORD-102271,SUP-029,0.765,Latin America,Textiles,Road,2024-06-14,2024-06-20,2024-06-20,0,0.214,0.041,0.004,652.2,86.6,115.9,2021.76,0
ORD-102272,SUP-003,0.783,North America,Textiles,Air,2024-02-21,2024-02-25,2024-02-25,0,0.0,0.076,0.078,730.6,452.6,428.7,4158.05,0
ORD-102273,SUP-035,0.443,Middle East/Africa,FMCG,Air,2024-01-09,2024-01-13,2024-01-13,0,0.319,0.474,0.084,674.7,489.1,528.1,8086.09,0
ORD-102274,SUP-001,0.823,Middle East/Africa,Electronics,Rail,2023-05-04,2023-05-11,2023-05-11,0,0.139,0.41,0.033,408.8,515.6,499.0,3263.83,0
ORD-102275,SUP-010,0.898,Asia Pacific,Machinery,Road,2023-02-16,2023-02-19,2023-02-19,0,0.544,0.147,0.036,154.5,304.7,267.4,6679.28,0
ORD-102276,SUP-019,0.75,Asia Pacific,Electronics,Sea,2023-06-28,2023-07-20,2023-07-20,0,0.386,0.431,0.011,750.0,281.2,216.8,10512.69,0
ORD-102277,SUP-021,0.656,North America,Textiles,Rail,2023-01-12,2023-01-21,2023-02-01,11,0.245,0.462,0.023,258.6,494.9,507.2,2827.59,1
ORD-102278,SUP-016,0.842,Latin America,FMCG,Rail,2023-01-14,2023-01-21,2023-02-09,19,0.361,0.289,0.083,385.5,560.4,504.7,2441.09,1
ORD-102279,SUP-009,,Europe,Pharma,Road,2024-01-20,2024-01-25,2024-01-27,2,0.305,0.0,0.018,468.4,454.5,336.4,7166.65,0
ORD-102280,SUP-015,0.574,Europe,Machinery,Rail,2024-05-02,2024-05-09,2024-05-09,0,0.499,0.288,0.09,348.5,472.1,560.4,3631.24,0
ORD-102281,SUP-036,0.714,Asia Pacific,Machinery,Road,2023-11-12,2023-11-16,2023-11-17,1,0.253,0.233,0.073,346.8,344.2,355.0,2232.41,1
ORD-102282,SUP-001,0.823,Europe,Machinery,Road,2024-06-02,2024-06-08,2024-06-08,0,0.379,0.221,0.078,398.0,444.3,439.7,12566.73,0
ORD-102283,SUP-035,0.443,North America,FMCG,Rail,2023-06-07,2023-06-16,2023-06-16,0,0.229,0.392,0.033,587.7,759.8,685.1,21582.31,0
ORD-102284,SUP-036,0.714,Latin America,Textiles,Road,2023-02-01,2023-02-07,2023-02-07,0,0.428,0.235,0.059,708.8,562.6,611.8,4799.88,0
ORD-102285,SUP-016,0.842,Middle East/Africa,Electronics,Air,2024-04-02,2024-04-06,2024-04-06,0,0.321,0.269,0.08,451.4,391.8,412.1,8546.14,0
ORD-102286,SUP-005,0.967,Middle East/Africa,Machinery,Sea,2023-01-01,2023-01-22,2023-01-23,1,0.19,0.161,0.226,401.3,521.2,473.3,1586.69,0
ORD-102287,SUP-036,0.714,Latin America,Textiles,Air,2023-12-04,2023-12-08,2023-12-08,0,0.661,0.391,0.042,472.5,418.8,492.7,13860.26,0
ORD-102288,SUP-037,0.757,Europe,Machinery,Sea,2023-07-21,2023-08-13,2023-08-16,3,0.149,0.093,0.371,710.0,312.9,328.2,3126.67,1
ORD-102289,SUP-039,0.777,Europe,Machinery,Sea,2023-08-23,2023-09-15,2023-09-15,0,0.329,0.206,0.383,545.7,482.3,564.5,3747.37,0
ORD-102290,SUP-030,0.76,North America,Electronics,Road,2024-08-23,2024-08-26,2024-08-26,0,0.369,0.462,0.046,545.5,522.1,463.1,2163.12,0
ORD-102291,SUP-029,0.765,Asia Pacific,Textiles,Sea,2023-11-08,2023-11-30,2023-11-30,0,0.418,0.183,0.29,407.8,284.2,282.5,9329.25,0
ORD-102292,SUP-030,0.76,Asia Pacific,Automotive Parts,Road,2023-05-23,2023-05-28,2023-05-28,0,0.177,0.0,0.068,846.7,330.6,245.9,6814.65,0
ORD-102293,SUP-008,0.711,North America,Textiles,Road,2023-06-17,2023-06-20,2023-06-20,0,0.205,0.235,0.095,585.5,320.4,312.4,4603.54,0
ORD-102294,SUP-006,0.63,North America,FMCG,Rail,2023-03-26,2023-04-03,2023-04-03,0,0.278,0.189,0.016,379.3,701.7,635.3,6024.01,0
ORD-102295,SUP-021,0.656,Asia Pacific,FMCG,Sea,2024-07-23,2024-08-12,2024-08-14,2,0.0,0.386,0.434,224.6,561.5,650.7,7402.64,1
ORD-102296,SUP-016,0.842,Europe,Textiles,Air,2023-03-27,2023-04-01,2023-04-01,0,0.501,0.0,0.022,356.5,501.0,538.3,9369.31,0
ORD-102297,SUP-033,0.8,Latin America,Electronics,Rail,2024-05-24,2024-06-02,2024-06-02,0,0.154,0.104,0.043,620.3,751.3,741.5,3113.71,0
ORD-102298,SUP-023,0.548,Asia Pacific,FMCG,Road,2024-01-17,2024-01-22,2024-01-31,9,0.734,0.374,0.034,993.9,330.6,364.2,3768.71,1
ORD-102299,SUP-030,0.76,Europe,Machinery,Sea,2023-03-21,2023-04-11,2023-04-11,0,0.769,0.303,0.152,406.4,686.9,651.9,8150.56,0
ORD-102300,SUP-022,0.872,Middle East/Africa,Machinery,Road,2024-01-21,2024-01-26,2024-01-26,0,0.116,0.26,0.039,408.4,460.9,429.2,6013.41,0
ORD-102301,SUP-032,0.702,Europe,Automotive Parts,Rail,2023-02-25,2023-03-04,2023-03-09,5,0.408,0.098,0.059,443.6,295.1,310.7,3491.02,1
ORD-102302,SUP-036,0.714,Latin America,Electronics,Road,2024-04-20,2024-04-24,2024-05-01,7,0.274,0.0,0.096,649.2,413.8,341.2,1584.06,1
ORD-102303,SUP-007,0.877,Asia Pacific,FMCG,Road,2024-09-27,2024-10-02,2024-10-02,0,0.404,0.146,0.091,495.1,453.3,481.7,12021.71,0
ORD-102304,SUP-006,0.63,Latin America,FMCG,Road,2024-03-07,2024-03-12,2024-03-12,0,0.149,0.0,0.068,617.7,343.4,402.3,3738.01,0
ORD-102305,SUP-032,0.702,Latin America,Pharma,Air,2024-06-06,2024-06-08,2024-06-08,0,0.464,0.084,0.018,450.7,608.8,573.7,3555.19,0
ORD-102306,SUP-026,0.782,Latin America,Textiles,Rail,2024-07-04,2024-07-13,2024-07-13,0,0.482,0.261,0.093,566.0,355.1,339.4,2563.87,0
ORD-102307,SUP-022,0.872,Asia Pacific,Textiles,Road,2024-07-14,2024-07-18,2024-07-23,5,0.525,0.271,0.082,527.2,511.0,507.4,5846.46,1
ORD-102308,SUP-003,0.783,North America,Pharma,Sea,2023-08-02,2023-08-25,2023-08-26,1,0.702,0.225,0.374,328.8,253.0,300.2,4230.22,0
ORD-102309,SUP-024,0.818,Europe,FMCG,Road,2024-06-17,2024-06-20,2024-06-30,10,0.299,0.059,0.096,441.9,444.5,531.1,4681.67,1
ORD-102310,SUP-021,0.656,Asia Pacific,Textiles,Road,2023-01-14,2023-01-17,2023-01-17,0,0.489,0.505,0.075,590.7,368.3,305.0,4366.22,0
ORD-102311,SUP-025,0.704,Latin America,Pharma,Rail,2023-04-03,2023-04-10,2023-04-11,1,0.0,0.205,0.017,570.0,458.3,499.7,8568.77,0
ORD-102312,SUP-003,0.783,Europe,Pharma,Road,2024-03-11,2024-03-17,2024-03-17,0,0.342,0.222,0.023,834.0,468.1,429.6,1472.18,0
ORD-102313,SUP-007,0.877,Latin America,Machinery,Sea,2023-02-02,2023-02-24,2023-02-24,0,0.242,0.115,0.194,474.5,426.1,384.9,798.32,0
ORD-102314,SUP-023,0.548,Asia Pacific,Pharma,Road,2024-10-01,2024-10-05,2024-10-05,0,0.0,0.0,0.035,563.4,623.0,628.0,3580.42,0
ORD-102315,SUP-012,0.612,Europe,FMCG,Sea,2023-02-26,2023-03-20,2023-03-22,2,0.107,0.161,0.157,555.8,164.7,154.9,1924.43,0
ORD-102316,SUP-027,0.793,Latin America,Automotive Parts,Rail,2023-05-02,2023-05-10,2023-05-10,0,0.32,0.149,0.044,539.2,322.9,268.2,2017.08,0
ORD-102317,SUP-039,0.777,Middle East/Africa,Pharma,Sea,2023-10-24,2023-11-15,2023-11-15,0,,0.264,0.024,507.7,464.0,445.8,6163.4,0
ORD-102318,SUP-024,0.818,North America,Pharma,Sea,2024-07-25,2024-08-17,2024-08-26,9,0.122,0.307,0.537,401.9,337.5,370.1,2971.07,1
ORD-102319,SUP-001,0.823,Latin America,FMCG,Sea,2024-05-27,2024-06-18,2024-06-18,0,0.0,0.004,0.113,376.9,413.8,456.4,3054.15,0
ORD-102320,SUP-011,0.936,North America,Machinery,Air,2024-07-23,2024-07-28,2024-07-28,0,0.156,0.037,0.091,469.8,483.3,511.4,2333.55,0
ORD-102321,SUP-022,0.872,Asia Pacific,FMCG,Rail,2024-07-22,2024-07-30,2024-07-30,0,0.439,0.035,0.093,616.0,405.8,308.7,4581.3,0
ORD-102322,SUP-037,0.757,Latin America,FMCG,Sea,2024-10-01,2024-10-22,2024-10-22,0,0.382,0.159,0.278,439.2,525.3,498.4,5103.27,0
ORD-102323,SUP-032,0.702,Asia Pacific,FMCG,Road,2024-09-10,2024-09-14,2024-09-15,1,0.482,0.21,0.042,718.2,486.4,582.9,6679.63,1
ORD-102324,SUP-023,0.548,North America,Pharma,Road,2023-08-28,2023-09-02,2023-09-02,0,0.0,0.083,0.015,506.3,603.8,572.1,1262.28,0
ORD-102325,SUP-035,0.443,Europe,Automotive Parts,Road,2023-06-24,2023-06-30,2023-06-30,0,0.523,0.171,0.006,648.6,315.8,310.2,1939.09,0
ORD-102326,SUP-010,0.898,Middle East/Africa,Automotive Parts,Air,2024-08-17,2024-08-22,2024-08-22,0,0.366,0.0,0.064,393.0,524.1,588.3,8213.77,0
ORD-102327,SUP-005,0.967,Latin America,Textiles,Road,2023-12-27,2023-12-31,2023-12-31,0,0.427,0.509,0.013,569.9,560.6,539.5,7499.43,0
ORD-102328,SUP-010,0.898,Latin America,Automotive Parts,Sea,2024-01-28,2024-02-17,2024-02-17,0,0.09,0.057,0.212,462.3,466.5,340.6,5374.8,0
ORD-102329,SUP-040,0.607,North America,FMCG,Air,2024-05-04,2024-05-08,2024-05-08,0,0.291,0.136,0.056,517.1,409.0,485.3,7965.41,0
ORD-102330,SUP-037,0.757,Asia Pacific,Machinery,Rail,2023-11-25,2023-12-04,2023-12-05,1,0.158,0.238,0.009,410.1,533.9,530.3,12225.56,0
ORD-102331,SUP-022,0.872,Asia Pacific,Machinery,Road,2023-01-16,2023-01-21,2023-01-21,0,0.386,0.268,0.093,652.6,196.5,189.7,1616.27,0
ORD-102332,SUP-034,0.576,Latin America,Machinery,Sea,2024-08-19,2024-09-09,2024-09-09,0,0.108,0.091,0.243,496.8,320.2,372.1,7457.24,0
ORD-102333,SUP-037,0.757,Middle East/Africa,Automotive Parts,Road,2023-07-09,2023-07-15,2023-07-15,0,0.294,0.143,0.047,611.0,496.2,513.1,6677.49,0
ORD-102334,SUP-028,0.644,North America,Textiles,Rail,2023-04-04,2023-04-13,2023-04-13,0,0.172,0.503,0.076,699.0,246.1,211.9,2148.17,0
ORD-102335,SUP-037,0.757,Middle East/Africa,Electronics,Road,2024-02-28,2024-03-03,2024-03-03,0,0.464,0.143,0.074,506.8,511.8,442.6,4864.04,0
ORD-102336,SUP-027,0.793,Latin America,Pharma,Air,2024-07-30,2024-08-03,2024-08-03,0,0.212,0.043,0.068,358.4,436.6,449.3,11012.87,0
ORD-102337,SUP-040,0.607,Europe,Pharma,Road,2023-12-08,2023-12-11,2023-12-11,0,0.247,0.023,0.065,453.9,376.0,299.7,24346.82,0
ORD-102338,SUP-035,0.443,North America,Electronics,Sea,2023-07-27,2023-08-17,2023-08-19,2,0.163,0.0,0.338,605.2,558.8,582.3,3377.8,0
ORD-102339,SUP-008,0.711,North America,Pharma,Road,2023-05-31,2023-06-04,2023-06-04,0,0.123,0.189,0.038,631.4,430.1,413.2,9084.38,0
ORD-102340,SUP-002,0.788,North America,Machinery,Sea,2023-04-04,2023-04-27,2023-04-27,0,0.748,0.291,0.0,494.8,323.2,301.5,6915.71,0
ORD-102341,SUP-018,0.727,Asia Pacific,Electronics,Sea,2023-03-25,2023-04-15,2023-04-15,0,0.522,0.03,0.013,544.5,527.3,620.2,7881.99,0
ORD-102342,SUP-022,0.872,Middle East/Africa,Electronics,Road,2024-05-16,2024-05-20,2024-05-21,1,0.753,0.273,0.039,521.0,437.3,409.6,7410.97,0
ORD-102343,SUP-035,0.443,North America,Pharma,Road,2023-09-11,2023-09-16,2023-09-25,9,0.502,0.297,0.058,792.5,466.8,526.2,8109.23,1
ORD-102344,SUP-007,0.877,Europe,Electronics,Sea,2023-02-03,2023-02-25,2023-02-25,0,0.0,0.126,0.254,690.8,417.7,384.0,1063.88,0
ORD-102345,SUP-008,0.711,Asia Pacific,Machinery,Road,2023-03-07,2023-03-11,2023-04-05,25,0.195,0.12,0.029,764.5,432.9,508.1,3017.41,1
ORD-102346,SUP-039,0.777,Asia Pacific,Automotive Parts,Sea,2024-05-22,2024-06-14,2024-06-18,4,0.268,0.447,0.0,821.8,344.0,288.0,7895.27,1
ORD-102347,SUP-015,0.574,Europe,Textiles,Air,2024-09-03,2024-09-07,2024-09-07,0,0.165,0.0,0.018,301.4,777.1,798.4,2968.03,0
ORD-102348,SUP-017,0.619,Asia Pacific,Electronics,Rail,2023-02-20,2023-02-27,2023-02-27,0,0.283,0.117,0.023,231.2,349.7,441.6,2122.99,0
ORD-102349,SUP-030,0.76,Asia Pacific,FMCG,Road,2024-08-30,2024-09-04,2024-09-04,0,0.382,0.18,0.01,410.7,492.9,574.4,8638.68,0
ORD-102350,SUP-004,0.652,Middle East/Africa,Electronics,Sea,2024-08-09,2024-08-31,2024-10-07,37,0.123,0.252,0.208,575.5,457.1,459.0,5682.95,1
ORD-102351,SUP-030,0.76,Latin America,Pharma,Road,2023-05-20,2023-05-26,2023-05-26,0,0.421,0.39,0.01,261.7,603.1,571.2,1242.99,0
ORD-102352,SUP-002,0.788,Asia Pacific,Textiles,Sea,2023-08-01,2023-08-21,2023-08-21,0,0.486,0.08,0.215,398.2,390.0,316.4,5970.87,0
ORD-102353,SUP-039,0.777,Asia Pacific,FMCG,Sea,2023-01-08,2023-01-30,2023-01-30,0,0.219,0.0,0.275,641.8,734.0,612.6,3311.89,0
ORD-102354,SUP-035,0.443,Latin America,Automotive Parts,Road,2023-11-19,2023-11-25,2023-11-25,0,0.238,0.0,0.063,525.9,700.7,703.0,2776.7,0
ORD-102355,SUP-040,,Latin America,Pharma,Sea,2023-08-17,2023-09-06,2023-09-06,0,0.363,0.478,0.516,347.8,385.8,249.6,1879.48,0
ORD-102356,SUP-002,0.788,Latin America,Pharma,Road,2023-07-27,2023-08-02,2023-08-02,0,0.428,0.283,0.05,426.8,477.0,495.6,2301.97,0
ORD-102357,SUP-017,0.619,Latin America,Textiles,Road,2024-08-14,2024-08-18,2024-08-18,0,0.205,0.25,0.011,413.8,462.8,450.5,10302.83,0
ORD-102358,SUP-038,0.957,North America,FMCG,Rail,2024-08-28,2024-09-03,2024-09-12,9,,0.268,0.015,400.1,610.9,593.3,12332.46,1
ORD-102359,SUP-034,0.576,Middle East/Africa,Pharma,Road,2023-01-19,2023-01-25,2023-01-28,3,0.0,0.145,0.048,645.5,358.3,380.1,3343.91,1
ORD-102360,SUP-022,0.872,Middle East/Africa,Automotive Parts,Road,2023-07-16,2023-07-20,2023-07-23,3,0.0,0.148,0.076,473.7,381.1,311.0,6801.89,1
ORD-102361,SUP-009,0.768,Middle East/Africa,Electronics,Road,2024-02-21,2024-02-25,2024-03-12,16,0.201,0.107,0.017,363.4,504.6,614.7,1536.05,1
ORD-102362,SUP-001,0.823,Middle East/Africa,FMCG,Air,2023-05-01,2023-05-06,2023-05-06,0,0.314,0.0,0.022,372.9,594.4,590.2,8795.82,0
ORD-102363,SUP-009,0.768,Asia Pacific,Pharma,Road,2024-03-13,2024-03-18,2024-03-18,0,0.298,0.0,0.078,611.2,712.7,742.6,5256.72,0
ORD-102364,SUP-031,0.712,Europe,Textiles,Air,2024-08-07,2024-08-10,2024-08-10,0,0.745,0.293,0.001,450.9,181.1,152.6,2227.48,0
ORD-102365,SUP-014,0.805,Middle East/Africa,Machinery,Sea,2023-04-28,2023-05-19,2023-05-19,0,0.596,0.453,0.087,447.8,569.1,506.5,2210.77,0
ORD-102366,SUP-027,0.793,North America,FMCG,Road,2023-09-25,2023-09-30,2023-09-30,0,0.185,0.274,0.079,376.6,541.7,638.8,2767.53,0
ORD-102367,SUP-007,0.877,Asia Pacific,FMCG,Rail,2024-03-08,2024-03-16,2024-03-22,6,0.397,0.356,0.06,321.4,485.0,511.0,1436.43,1
ORD-102368,SUP-035,0.443,North America,Automotive Parts,Rail,2023-08-25,2023-09-01,2023-09-01,0,0.261,0.318,0.081,396.5,426.4,402.5,1737.95,0
ORD-102369,SUP-034,0.576,Middle East/Africa,Textiles,Air,2023-10-01,2023-10-04,2023-10-04,0,0.291,0.009,0.018,255.2,580.9,527.4,1052.47,0
ORD-102370,SUP-005,0.967,Europe,Textiles,Rail,2024-03-26,2024-04-04,2024-04-04,0,0.161,0.059,0.091,415.8,548.1,530.0,30514.32,0
ORD-102371,SUP-014,0.805,Europe,Electronics,Rail,2024-04-26,2024-05-02,2024-05-03,1,0.338,0.137,0.036,722.6,513.1,573.5,1710.2,0
ORD-102372,SUP-034,0.576,Asia Pacific,Textiles,Road,2024-03-01,2024-03-04,2024-03-04,0,0.325,0.259,0.083,243.3,433.1,458.1,9791.64,0
ORD-102373,SUP-035,0.443,Europe,Textiles,Air,2024-08-28,2024-08-31,2024-08-31,0,0.526,0.0,0.086,402.0,446.8,449.4,11803.4,0
ORD-102374,SUP-014,0.805,North America,Electronics,Air,2023-06-28,2023-07-02,2023-07-03,1,0.223,0.17,0.062,696.7,659.3,654.4,5983.09,0
ORD-102375,SUP-012,0.612,Europe,Machinery,Sea,2024-08-13,2024-09-02,2024-09-04,2,0.062,0.111,0.17,620.3,384.8,329.0,3056.77,0
ORD-102376,SUP-006,0.63,Asia Pacific,Textiles,Road,2023-10-09,2023-10-14,2023-10-14,0,0.231,0.299,0.062,340.7,484.3,434.0,5254.58,0
ORD-102377,SUP-040,0.607,Latin America,Textiles,Road,2023-07-30,2023-08-02,2023-08-02,0,0.231,0.0,0.089,542.4,306.7,377.9,5235.57,0
ORD-102378,SUP-009,0.768,Asia Pacific,Textiles,Sea,2024-01-31,2024-02-21,2024-02-21,0,0.157,0.129,0.305,396.4,520.9,541.4,4522.4,0
ORD-102379,SUP-033,0.8,Middle East/Africa,Electronics,Road,2024-05-26,2024-05-29,2024-05-29,0,0.281,0.075,0.088,338.6,346.0,320.1,3609.52,0
ORD-102380,SUP-012,0.612,North America,Textiles,Sea,2023-01-28,2023-02-18,2023-02-18,0,0.131,0.067,0.332,750.4,399.9,456.1,12632.92,0
ORD-102381,SUP-030,0.76,Middle East/Africa,Automotive Parts,Rail,2023-02-04,2023-02-13,2023-02-14,1,0.0,0.226,0.045,317.8,492.2,433.0,6577.3,0
ORD-102382,SUP-037,0.757,Europe,Electronics,Air,2024-05-02,2024-05-06,2024-05-06,0,0.082,0.179,0.014,176.3,370.2,491.5,4090.14,0
ORD-102383,SUP-001,0.823,Europe,Machinery,Road,2023-04-26,2023-04-30,2023-04-30,0,0.454,0.002,0.072,654.1,597.2,699.8,1673.8,0
ORD-102384,SUP-012,0.612,Latin America,Automotive Parts,Rail,2023-04-05,2023-04-13,2023-04-13,0,0.562,0.276,0.082,563.9,507.2,580.0,2208.82,0
ORD-102385,SUP-039,0.777,Asia Pacific,Electronics,Rail,2023-09-08,2023-09-16,2023-09-16,0,0.104,0.251,0.029,300.3,523.4,508.7,6056.03,0
ORD-102386,SUP-035,0.443,Europe,FMCG,Air,2024-04-10,2024-04-15,2024-04-16,1,0.392,0.27,0.083,92.7,468.6,488.9,5684.42,0
ORD-102387,SUP-012,0.612,Latin America,FMCG,Road,2023-05-31,2023-06-04,2023-06-04,0,0.365,0.361,0.094,859.6,318.6,368.1,8033.49,0
ORD-102388,SUP-005,0.967,Middle East/Africa,Electronics,Sea,2023-11-13,2023-12-05,2023-12-09,4,0.686,0.246,0.267,498.3,588.6,770.0,5492.15,1
ORD-102389,SUP-002,0.788,Asia Pacific,Electronics,Road,2023-10-26,2023-11-01,2023-11-09,8,0.105,0.215,0.032,841.3,345.1,227.4,7430.76,1
ORD-102390,SUP-011,0.936,Asia Pacific,FMCG,Road,2023-12-02,2023-12-07,2023-12-07,0,0.1,0.081,0.066,343.9,324.5,234.6,11834.21,0
ORD-102391,SUP-022,0.872,Europe,Automotive Parts,Rail,2023-07-13,2023-07-22,2023-07-22,0,0.325,0.174,0.055,384.6,229.4,231.9,9678.3,0
ORD-102392,SUP-018,0.727,North America,Automotive Parts,Road,2024-03-25,2024-03-28,2024-03-28,0,0.64,0.226,0.024,567.0,542.4,594.1,9462.64,0
ORD-102393,SUP-015,0.574,Europe,FMCG,Sea,2024-06-08,2024-06-30,2024-06-30,0,0.0,0.349,0.138,422.3,337.8,344.9,2703.12,0
ORD-102394,SUP-022,0.872,Middle East/Africa,Automotive Parts,Rail,2023-11-22,2023-11-28,2023-11-28,0,0.43,0.22,0.02,346.6,594.7,683.8,9937.21,0
ORD-102395,SUP-017,0.619,Europe,Pharma,Air,2024-09-18,2024-09-23,2024-09-24,1,0.295,0.28,0.058,568.6,243.1,245.0,2197.51,0
ORD-102396,SUP-027,0.793,Middle East/Africa,Machinery,Air,2023-02-08,2023-02-10,2023-02-12,2,0.016,0.243,0.045,679.4,415.1,477.6,4775.23,0
ORD-102397,SUP-011,0.936,Middle East/Africa,Textiles,Sea,2023-07-19,2023-08-10,2023-08-10,0,0.187,0.289,0.215,503.5,381.8,454.9,1742.85,0
ORD-102398,SUP-039,0.777,Middle East/Africa,Textiles,Road,2023-07-30,2023-08-02,2023-08-12,10,0.282,0.357,0.023,638.3,396.9,418.4,2026.84,1
ORD-102399,SUP-010,0.898,Middle East/Africa,Automotive Parts,Sea,2023-12-11,2024-01-01,2024-01-01,0,0.633,0.088,0.36,292.0,523.9,493.5,4979.33,0
ORD-102400,SUP-017,0.619,Middle East/Africa,Electronics,Sea,2023-11-26,2023-12-16,2023-12-16,0,0.502,0.078,0.362,317.0,561.4,489.5,11443.6,0
ORD-102401,SUP-002,0.788,Asia Pacific,Textiles,Air,2024-09-17,2024-09-19,2024-09-20,1,0.145,0.105,0.087,411.6,459.2,438.3,10204.52,0
ORD-102402,SUP-032,0.702,Europe,Automotive Parts,Rail,2024-02-05,2024-02-11,2024-02-11,0,,0.0,0.078,374.4,319.4,265.7,3194.81,0
ORD-102403,SUP-007,0.877,Middle East/Africa,Electronics,Sea,2023-07-10,2023-08-02,2023-08-02,0,0.18,0.0,0.066,563.9,444.3,429.4,2687.05,0
ORD-102404,SUP-015,0.574,Middle East/Africa,Pharma,Road,2023-01-19,2023-01-22,2023-01-22,0,0.542,0.316,0.074,361.5,409.2,333.8,2517.53,0
ORD-102405,SUP-028,0.644,Middle East/Africa,Electronics,Sea,2024-06-03,2024-06-24,2024-06-24,0,0.632,0.252,0.0,455.5,274.0,334.4,8133.93,0
ORD-102406,SUP-015,0.574,North America,Machinery,Sea,2023-09-15,2023-10-07,2023-10-07,0,0.148,0.069,0.258,244.8,642.7,521.6,2391.25,0
ORD-102407,SUP-010,0.898,Asia Pacific,Automotive Parts,Air,2024-09-05,2024-09-09,2024-09-09,0,0.281,0.523,0.088,406.5,244.9,260.6,2588.14,0
ORD-102408,SUP-016,0.842,North America,Textiles,Sea,2024-02-10,2024-03-01,2024-03-05,4,0.522,0.373,0.144,623.8,530.8,427.7,6114.76,1
ORD-102409,SUP-017,0.619,Middle East/Africa,Electronics,Sea,2024-04-01,2024-04-21,2024-04-21,0,,0.067,0.304,479.7,388.9,362.6,2682.41,0
ORD-102410,SUP-035,0.443,Latin America,Electronics,Road,2023-11-25,2023-11-30,2023-12-09,9,0.241,0.0,0.077,464.8,383.0,343.0,7021.23,1
ORD-102411,SUP-026,0.782,Middle East/Africa,Machinery,Rail,2024-08-19,2024-08-28,2024-08-28,0,0.51,0.0,0.056,449.0,466.7,418.8,3200.01,0
ORD-102412,SUP-024,0.818,Asia Pacific,Electronics,Road,2023-12-19,2023-12-22,2023-12-22,0,0.09,0.668,0.079,195.6,324.7,362.5,1703.88,0
ORD-102413,SUP-028,0.644,Asia Pacific,FMCG,Sea,2023-03-19,2023-04-11,2023-04-11,0,0.381,0.0,0.216,495.7,438.0,328.1,7724.18,0
ORD-102414,SUP-026,0.782,Europe,Electronics,Road,2023-10-04,2023-10-09,2023-10-09,0,0.286,0.207,0.008,603.0,481.1,408.5,6033.9,0
ORD-102415,SUP-004,0.652,Middle East/Africa,Textiles,Road,2023-04-04,2023-04-10,2023-04-16,6,0.059,0.194,0.057,461.6,246.4,281.3,4574.78,1
ORD-102416,SUP-035,0.443,Middle East/Africa,Machinery,Sea,2023-02-07,2023-03-01,2023-03-01,0,0.184,0.237,0.115,530.4,634.7,687.5,4947.03,0
ORD-102417,SUP-026,0.782,Middle East/Africa,Electronics,Road,2024-02-04,2024-02-10,2024-02-11,1,0.735,0.226,0.083,534.2,638.7,602.9,7613.98,0
ORD-102418,SUP-018,0.727,Latin America,Automotive Parts,Road,2024-05-28,2024-06-02,2024-06-02,0,0.463,0.217,0.034,510.6,364.9,413.5,7140.39,0
ORD-102419,SUP-015,0.574,North America,Pharma,Road,2023-03-20,2023-03-23,2023-03-23,0,0.411,0.186,0.042,243.6,231.5,239.4,7500.85,0
ORD-102420,SUP-022,0.872,Middle East/Africa,FMCG,Rail,2024-07-26,2024-08-02,2024-08-02,0,0.0,0.365,0.056,465.3,442.6,344.2,3723.83,0
ORD-102421,SUP-037,0.757,Europe,Textiles,Road,2023-03-06,2023-03-12,2023-03-12,0,0.282,0.175,0.066,549.6,644.6,767.2,3179.66,0
ORD-102422,SUP-005,,Latin America,Electronics,Road,2023-11-05,2023-11-08,2023-11-08,0,0.334,0.0,0.065,451.7,449.8,477.2,10089.05,0
ORD-102423,SUP-024,0.818,Asia Pacific,Electronics,Sea,2023-07-06,2023-07-27,2023-08-02,6,0.271,0.147,0.167,593.8,402.6,345.2,12804.61,1
ORD-102424,SUP-036,0.714,Latin America,Pharma,Road,2023-08-29,2023-09-04,2023-09-04,0,0.238,0.188,0.02,578.1,86.9,74.3,2679.51,0
ORD-102425,SUP-035,0.443,Latin America,Electronics,Road,2024-04-23,2024-04-26,2024-04-26,0,0.466,0.358,0.015,352.2,437.7,399.8,12517.71,0
ORD-102426,SUP-021,0.656,Europe,Pharma,Sea,2024-01-23,2024-02-15,2024-02-15,0,0.135,0.288,0.238,532.6,244.9,187.1,2447.8,0
ORD-102427,SUP-026,0.782,Middle East/Africa,FMCG,Road,2024-07-23,2024-07-29,2024-07-29,0,0.43,0.202,0.02,396.9,532.2,616.9,1654.28,0
ORD-102428,SUP-034,0.576,Latin America,Textiles,Road,2024-09-20,2024-09-23,2024-09-24,1,0.348,0.221,0.006,574.5,380.3,397.8,3124.52,0
ORD-102429,SUP-025,0.704,Europe,Machinery,Road,2023-01-30,2023-02-02,2023-02-02,0,0.008,0.436,0.055,634.3,335.8,320.2,3896.05,0
ORD-102430,SUP-033,0.8,Asia Pacific,Automotive Parts,Sea,2023-05-11,2023-06-02,2023-06-02,0,0.034,0.224,0.017,545.4,526.9,524.8,9041.0,0
ORD-102431,SUP-004,0.652,Asia Pacific,Machinery,Air,2024-02-14,2024-02-17,2024-02-28,11,0.119,0.164,0.018,593.3,450.1,327.1,2556.38,1
ORD-102432,SUP-028,0.644,Asia Pacific,Electronics,Road,2023-05-16,2023-05-19,2023-05-19,0,0.56,0.073,0.068,326.5,559.3,508.3,5581.74,0
ORD-102433,SUP-019,0.75,Middle East/Africa,Machinery,Air,2024-06-28,2024-07-02,2024-07-02,0,0.275,0.162,0.018,364.2,306.1,349.1,5758.79,0
ORD-102434,SUP-038,0.957,Asia Pacific,FMCG,Rail,2023-11-29,2023-12-06,2023-12-06,0,0.454,0.428,0.007,380.2,555.0,489.2,4081.89,0
ORD-102435,SUP-031,0.712,Europe,Electronics,Road,2024-03-23,2024-03-28,2024-03-28,0,0.498,0.395,0.027,402.0,409.7,344.6,2419.99,0
ORD-102436,SUP-014,0.805,Asia Pacific,Automotive Parts,Road,2023-02-19,2023-02-22,2023-03-05,11,0.105,0.479,0.092,439.3,350.9,315.9,6501.5,1
ORD-102437,SUP-026,0.782,Europe,Textiles,Road,2024-05-02,2024-05-05,2024-05-06,1,0.45,0.178,0.02,429.8,552.2,563.0,3306.36,0
ORD-102438,SUP-033,0.8,Europe,Machinery,Sea,2023-05-31,2023-06-20,2023-06-21,1,0.158,0.061,0.54,614.9,427.1,308.5,3055.99,0
ORD-102439,SUP-004,0.652,Europe,Textiles,Rail,2024-03-13,2024-03-22,2024-03-22,0,0.619,0.198,0.063,372.1,516.3,429.9,7655.93,0
ORD-102440,SUP-003,0.783,Middle East/Africa,Pharma,Air,2024-06-28,2024-07-01,2024-07-01,0,0.305,0.046,0.05,439.2,525.2,383.1,6742.41,0
ORD-102441,SUP-036,0.714,North America,Machinery,Rail,2023-10-04,2023-10-13,2023-10-14,1,0.202,0.054,0.045,602.5,304.5,317.6,15180.45,0
ORD-102442,SUP-040,0.607,Latin America,Machinery,Road,2024-05-30,2024-06-05,2024-06-05,0,0.64,0.271,0.064,589.5,493.0,485.4,7112.99,0
ORD-102443,SUP-030,0.76,Middle East/Africa,Machinery,Rail,2023-10-29,2023-11-04,2023-11-04,0,0.427,0.123,0.093,463.1,319.0,300.7,2561.86,0
ORD-102444,SUP-039,0.777,Middle East/Africa,Automotive Parts,Sea,2023-01-19,2023-02-08,2023-02-13,5,0.671,0.136,0.25,437.8,308.7,247.5,5850.44,1
ORD-102445,SUP-006,,North America,Pharma,Road,2024-01-26,2024-01-31,2024-02-07,7,0.562,0.199,0.011,555.6,592.7,667.9,3941.04,1
ORD-102446,SUP-040,0.607,Latin America,Automotive Parts,Rail,2023-11-18,2023-11-27,2023-12-01,4,0.079,0.17,0.039,348.2,291.8,328.5,5799.84,1
ORD-102447,SUP-005,0.967,Middle East/Africa,FMCG,Air,2024-08-24,2024-08-29,2024-08-29,0,0.39,0.0,0.082,413.4,549.6,538.1,3365.41,0
ORD-102448,SUP-034,0.576,Latin America,FMCG,Road,2024-07-18,2024-07-21,2024-07-21,0,0.0,0.0,0.006,569.3,362.4,393.3,3741.7,0
ORD-102449,SUP-035,0.443,Middle East/Africa,Automotive Parts,Road,2024-01-07,2024-01-11,2024-01-15,4,0.391,0.278,0.004,392.8,684.8,579.1,12074.2,1
ORD-102450,SUP-011,0.936,North America,FMCG,Sea,2024-07-01,2024-07-22,2024-07-22,0,0.305,0.0,0.2,584.1,715.1,825.0,4147.38,0
ORD-102451,SUP-017,0.619,North America,FMCG,Sea,2024-07-17,2024-08-06,2024-08-06,0,0.149,0.25,0.331,597.3,640.8,544.8,5067.32,0
ORD-102452,SUP-037,0.757,Middle East/Africa,Textiles,Air,2023-10-18,2023-10-23,2023-10-23,0,0.313,0.064,0.018,340.7,365.3,268.5,5590.47,0
ORD-102453,SUP-035,0.443,North America,Machinery,Road,2024-09-01,2024-09-06,2024-09-17,11,0.151,0.355,0.002,388.9,308.4,328.4,9167.78,1
ORD-102454,SUP-018,0.727,Europe,Electronics,Sea,2024-07-06,2024-07-29,2024-07-29,0,0.292,0.298,0.506,225.7,530.4,555.2,5251.09,0
ORD-102455,SUP-020,0.762,Asia Pacific,Pharma,Sea,2024-08-04,2024-08-27,2024-08-27,0,0.398,0.118,0.052,377.0,419.9,386.3,7875.08,0
ORD-102456,SUP-011,0.936,Asia Pacific,Machinery,Sea,2023-03-27,2023-04-18,2023-04-19,1,0.483,0.277,0.087,620.3,278.2,281.2,3439.73,0
ORD-102457,SUP-029,0.765,Europe,Automotive Parts,Rail,2024-07-07,2024-07-15,2024-07-15,0,0.432,0.139,0.081,366.1,144.3,124.7,5339.23,0
ORD-102458,SUP-014,0.805,Europe,Machinery,Air,2024-08-03,2024-08-08,2024-08-08,0,0.06,0.172,0.09,459.7,497.5,427.2,5679.46,0
ORD-102459,SUP-025,0.704,Latin America,Automotive Parts,Road,2023-08-05,2023-08-08,2023-08-08,0,0.24,0.0,0.029,549.5,407.8,515.6,3254.38,0
ORD-102460,SUP-029,0.765,Latin America,Electronics,Air,2023-07-18,2023-07-23,2023-07-29,6,0.788,0.277,0.085,416.6,434.3,462.1,5433.01,1
ORD-102461,SUP-033,0.8,North America,Automotive Parts,Sea,2023-03-13,2023-04-04,2023-04-04,0,0.317,0.171,0.007,663.6,530.2,429.3,2819.85,0
ORD-102462,SUP-009,0.768,Asia Pacific,Pharma,Road,2024-09-23,2024-09-27,2024-10-04,7,0.459,0.372,0.044,460.4,405.9,353.8,2849.02,1
ORD-102463,SUP-028,,Asia Pacific,FMCG,Sea,2023-05-29,2023-06-19,2023-06-19,0,0.535,0.0,0.138,295.0,336.1,466.4,8966.9,0
ORD-102464,SUP-040,0.607,Latin America,Textiles,Air,2023-08-01,2023-08-06,2023-08-06,0,0.254,0.417,0.013,297.3,398.4,338.5,3153.49,0
ORD-102465,SUP-014,0.805,Middle East/Africa,FMCG,Road,2024-07-26,2024-07-31,2024-07-31,0,0.312,0.117,0.035,457.9,566.6,600.6,4918.01,0
ORD-102466,SUP-022,0.872,North America,Automotive Parts,Air,2023-06-14,2023-06-18,2023-06-18,0,0.288,0.0,0.024,293.1,444.2,498.1,1854.4,0
ORD-102467,SUP-010,0.898,Europe,Automotive Parts,Air,2024-05-20,2024-05-25,2024-05-25,0,0.405,0.071,0.016,120.4,394.1,356.1,3246.98,0
ORD-102468,SUP-013,0.8,North America,Electronics,Road,2023-12-14,2023-12-19,2023-12-19,0,0.3,0.556,0.042,623.5,402.8,510.6,10348.86,0
ORD-102469,SUP-037,0.757,Middle East/Africa,Automotive Parts,Road,2023-08-13,2023-08-16,2023-09-13,28,0.087,0.282,0.011,401.3,420.6,370.1,834.94,1
ORD-102470,SUP-026,0.782,Middle East/Africa,Electronics,Rail,2023-07-15,2023-07-24,2023-07-29,5,0.435,0.285,0.063,576.4,383.5,398.6,3331.74,1
ORD-102471,SUP-035,0.443,Asia Pacific,FMCG,Air,2024-07-20,2024-07-23,2024-07-23,0,0.295,0.239,0.099,495.3,451.8,458.4,7605.78,0
ORD-102472,SUP-033,0.8,Asia Pacific,Electronics,Sea,2024-07-03,2024-07-25,2024-07-25,0,0.0,0.26,0.416,720.2,505.1,480.4,8655.34,0
ORD-102473,SUP-031,0.712,North America,Pharma,Road,2024-07-29,2024-08-02,2024-08-02,0,0.195,0.312,0.008,508.0,608.1,294.7,4760.65,0
ORD-102474,SUP-005,0.967,North America,Electronics,Sea,2023-10-09,2023-10-29,2023-10-29,0,0.195,0.426,0.0,431.4,296.8,260.9,6080.04,0
ORD-102475,SUP-035,0.443,Asia Pacific,Electronics,Road,2023-12-12,2023-12-17,2023-12-30,13,0.053,0.306,0.059,554.2,614.7,781.0,9393.48,1
ORD-102476,SUP-037,0.757,Middle East/Africa,Machinery,Rail,2023-02-07,2023-02-15,2023-02-15,0,0.505,0.252,0.024,857.0,313.2,335.7,2790.66,0
ORD-102477,SUP-030,0.76,Middle East/Africa,Machinery,Road,2023-07-12,2023-07-16,2023-07-17,1,0.383,0.057,0.071,438.2,377.3,403.9,1765.45,0
ORD-102478,SUP-033,0.8,Europe,Pharma,Road,2024-04-01,2024-04-04,2024-04-14,10,0.11,0.134,0.075,576.1,459.7,468.9,14448.22,1
ORD-102479,SUP-011,,Asia Pacific,Electronics,Sea,2023-04-26,2023-05-18,2023-05-20,2,0.541,0.006,0.281,608.4,321.3,290.9,3526.87,0
ORD-102480,SUP-010,0.898,Europe,Automotive Parts,Rail,2023-04-12,2023-04-21,2023-04-25,4,0.568,0.001,0.006,597.4,580.5,423.2,8926.34,1
ORD-102481,SUP-010,0.898,Asia Pacific,Automotive Parts,Sea,2023-04-14,2023-05-04,2023-05-04,0,0.588,0.126,0.252,613.6,266.5,320.5,3097.22,0
ORD-102482,SUP-030,0.76,North America,Pharma,Road,2023-07-05,2023-07-09,2023-07-09,0,0.153,0.139,0.03,529.4,561.7,746.9,6313.19,0
ORD-102483,SUP-010,0.898,North America,Textiles,Rail,2023-02-13,2023-02-20,2023-02-20,0,0.125,0.255,0.013,330.8,366.7,339.2,12592.77,0
ORD-102484,SUP-030,0.76,North America,Textiles,Road,2024-02-21,2024-02-27,2024-02-27,0,0.098,0.0,0.026,549.4,554.4,737.0,3595.91,0
ORD-102485,SUP-039,0.777,Europe,Electronics,Road,2023-01-24,2023-01-28,2023-01-28,0,0.196,0.094,0.098,639.2,498.0,530.7,889.67,0
ORD-102486,SUP-037,0.757,Latin America,Machinery,Road,2023-03-20,2023-03-25,2023-03-25,0,0.478,0.293,0.053,515.8,322.6,372.7,3557.95,0
ORD-102487,SUP-005,0.967,Middle East/Africa,FMCG,Air,2023-01-11,2023-01-15,2023-01-15,0,0.36,0.352,0.024,352.2,448.7,305.3,2655.5,0
ORD-102488,SUP-007,0.877,Middle East/Africa,Textiles,Sea,2024-05-19,2024-06-09,2024-06-09,0,0.493,0.0,0.0,548.0,405.9,457.3,12288.36,0
ORD-102489,SUP-019,0.75,Latin America,Electronics,Road,2023-06-20,2023-06-26,2023-06-26,0,0.108,0.225,0.024,655.6,335.2,287.0,8875.36,0
ORD-102490,SUP-021,0.656,Asia Pacific,Electronics,Road,2024-01-25,2024-01-28,2024-01-28,0,0.388,0.073,0.025,578.6,411.9,461.2,3727.69,0
ORD-102491,SUP-017,0.619,North America,FMCG,Sea,2023-01-13,2023-02-04,2023-02-04,0,0.107,0.342,0.021,414.4,323.8,353.0,6582.68,0
ORD-102492,SUP-007,0.877,Latin America,FMCG,Sea,2024-04-25,2024-05-16,2024-05-16,0,0.206,0.267,0.478,690.0,417.9,456.2,3754.32,0
ORD-102493,SUP-040,0.607,Asia Pacific,Automotive Parts,Rail,2023-05-09,2023-05-16,2023-05-17,1,0.144,0.229,0.1,568.1,568.2,526.3,2151.68,0
ORD-102494,SUP-009,0.768,Europe,Automotive Parts,Road,2023-06-28,2023-07-02,2023-07-05,3,0.309,0.158,0.087,309.6,499.5,567.7,3532.48,1
ORD-102495,SUP-002,0.788,Europe,Automotive Parts,Sea,2023-03-19,2023-04-08,2023-04-17,9,0.388,0.235,0.094,350.5,525.3,544.3,15751.12,1
ORD-102496,SUP-033,0.8,Europe,FMCG,Road,2024-09-10,2024-09-13,2024-09-14,1,0.31,0.025,0.026,209.6,462.8,413.8,7928.03,0
ORD-102497,SUP-014,0.805,Europe,Automotive Parts,Air,2024-03-10,2024-03-12,2024-03-12,0,0.599,0.116,0.0,555.5,531.4,704.4,8741.97,0
ORD-102498,SUP-019,0.75,Europe,Textiles,Sea,2023-11-20,2023-12-13,2023-12-13,0,0.218,0.374,0.083,409.9,470.9,466.9,2495.47,0
ORD-102499,SUP-017,0.619,Latin America,FMCG,Rail,2023-04-11,2023-04-17,2023-04-17,0,0.191,0.236,0.042,652.5,467.1,411.4,6146.49,0
ORD-102500,SUP-030,0.76,Asia Pacific,Automotive Parts,Rail,2023-05-19,2023-05-26,2023-05-27,1,0.323,0.093,0.084,290.8,491.7,563.9,7126.38,0
ORD-102501,SUP-026,0.782,Middle East/Africa,FMCG,Sea,2023-03-05,2023-03-26,2023-03-27,1,0.459,0.174,0.305,438.2,318.3,253.7,7975.07,0
ORD-102502,SUP-018,0.727,Latin America,Machinery,Road,2024-01-03,2024-01-06,2024-01-06,0,0.0,0.094,0.083,540.5,607.7,524.1,4339.71,0
ORD-102503,SUP-037,0.757,Europe,Machinery,Rail,2024-07-24,2024-07-30,2024-08-02,3,0.35,0.249,0.069,374.5,509.8,529.5,6112.73,1
ORD-102504,SUP-011,0.936,Asia Pacific,Automotive Parts,Rail,2023-12-09,2023-12-17,2023-12-17,0,0.026,0.102,0.1,417.5,476.1,521.1,2592.36,0
ORD-102505,SUP-014,0.805,Asia Pacific,Textiles,Air,2023-08-12,2023-08-16,2023-08-16,0,,0.325,0.079,488.7,430.1,510.9,4589.93,0
ORD-102506,SUP-033,0.8,Middle East/Africa,Electronics,Road,2023-10-06,2023-10-10,2023-10-11,1,0.052,0.332,0.015,498.5,207.4,135.8,4148.62,0
ORD-102507,SUP-025,0.704,Europe,Machinery,Sea,2023-09-17,2023-10-07,2023-10-07,0,0.16,0.373,0.23,717.3,518.4,601.3,2626.9,0
ORD-102508,SUP-018,0.727,Middle East/Africa,Machinery,Road,2024-09-09,2024-09-15,2024-09-15,0,0.185,0.303,0.028,460.4,331.5,345.4,2873.66,0
ORD-102509,SUP-033,0.8,Asia Pacific,Machinery,Road,2024-02-05,2024-02-11,2024-02-12,1,0.279,0.254,0.035,618.8,554.7,586.8,4314.51,0
ORD-102510,SUP-021,0.656,Latin America,Pharma,Road,2024-02-11,2024-02-14,2024-02-19,5,0.465,0.097,0.035,595.1,192.1,183.6,4002.68,1
ORD-102511,SUP-002,0.788,Asia Pacific,Automotive Parts,Rail,2023-12-08,2023-12-14,2023-12-14,0,0.132,0.316,0.049,496.1,656.1,549.1,1526.63,0
ORD-102512,SUP-004,0.652,Latin America,Textiles,Road,2023-09-06,2023-09-11,2023-09-11,0,0.41,0.0,0.037,771.0,487.6,398.6,2413.01,0
ORD-102513,SUP-007,0.877,Middle East/Africa,Pharma,Sea,2023-05-08,2023-05-28,2023-05-28,0,0.245,0.188,0.165,272.5,630.0,706.1,2424.3,0
ORD-102514,SUP-039,0.777,Asia Pacific,Automotive Parts,Sea,2023-01-10,2023-02-02,2023-02-05,3,0.261,0.337,0.0,486.6,426.8,493.1,14021.55,1
ORD-102515,SUP-012,0.612,North America,Pharma,Rail,2024-05-28,2024-06-03,2024-06-03,0,0.0,0.237,0.056,450.5,390.9,369.8,3218.18,0
ORD-102516,SUP-003,0.783,Asia Pacific,Pharma,Rail,2024-05-28,2024-06-03,2024-06-20,17,0.35,0.093,0.063,443.2,633.4,675.7,3952.95,1
ORD-102517,SUP-035,0.443,Middle East/Africa,Textiles,Road,2023-08-02,2023-08-06,2023-08-18,12,0.255,0.152,0.099,351.8,488.9,464.6,1966.95,1
ORD-102518,SUP-017,0.619,Latin America,Automotive Parts,Rail,2023-03-16,2023-03-25,2023-04-08,14,0.588,0.158,0.033,486.0,354.9,341.3,2998.7,1
ORD-102519,SUP-022,0.872,Middle East/Africa,Machinery,Sea,2023-03-08,2023-03-31,2023-04-04,4,0.151,0.167,0.431,508.8,391.6,353.2,4562.39,1
ORD-102520,SUP-003,0.783,Europe,Textiles,Rail,2023-06-08,2023-06-16,2023-06-16,0,0.0,0.321,0.061,659.0,496.0,479.2,2957.89,0
ORD-102521,SUP-017,0.619,Middle East/Africa,Electronics,Air,2023-03-17,2023-03-22,2023-03-22,0,0.689,0.251,0.035,346.2,299.8,292.3,12777.41,0
ORD-102522,SUP-010,0.898,Asia Pacific,FMCG,Sea,2023-02-28,2023-03-20,2023-03-20,0,0.026,0.348,0.726,574.2,373.7,387.1,6602.86,0
ORD-102523,SUP-026,0.782,Latin America,Machinery,Rail,2023-11-01,2023-11-07,2023-11-08,1,0.122,0.16,0.053,229.1,486.7,506.1,3979.56,0
ORD-102524,SUP-022,0.872,Middle East/Africa,FMCG,Air,2024-06-08,2024-06-11,2024-06-11,0,0.204,0.392,0.074,503.3,393.9,481.8,5344.28,0
ORD-102525,SUP-037,0.757,Middle East/Africa,Electronics,Road,2024-06-25,2024-07-01,2024-07-01,0,0.14,0.379,0.026,622.4,656.3,670.9,4285.21,0
ORD-102526,SUP-011,0.936,Latin America,FMCG,Sea,2023-11-18,2023-12-11,2023-12-11,0,0.268,0.245,0.156,690.8,360.4,336.9,8101.07,0
ORD-102527,SUP-008,0.711,Asia Pacific,FMCG,Road,2024-09-20,2024-09-26,2024-09-30,4,0.059,0.044,0.011,461.5,500.0,448.2,4860.21,1
ORD-102528,SUP-036,0.714,Asia Pacific,Electronics,Sea,2023-09-21,2023-10-12,2023-10-12,0,0.233,0.355,0.101,506.4,329.6,313.8,5224.04,0
ORD-102529,SUP-016,0.842,Latin America,Pharma,Road,2024-02-12,2024-02-18,2024-02-18,0,0.65,0.38,0.043,347.2,381.6,432.4,1644.69,0
ORD-102530,SUP-006,0.63,Asia Pacific,Machinery,Road,2023-10-21,2023-10-24,2023-10-24,0,0.107,0.023,0.083,532.6,469.2,517.2,14823.47,0
ORD-102531,SUP-039,0.777,Latin America,Textiles,Rail,2024-08-28,2024-09-03,2024-09-03,0,0.359,0.144,0.095,316.6,432.5,438.0,11693.24,0
ORD-102532,SUP-026,0.782,Latin America,Pharma,Road,2024-03-29,2024-04-01,2024-04-01,0,0.486,0.0,0.092,849.8,372.2,393.5,10733.07,0
ORD-102533,SUP-018,0.727,North America,Electronics,Road,2024-09-12,2024-09-15,2024-09-15,0,0.716,0.175,0.053,641.0,645.1,523.7,9848.87,0
ORD-102534,SUP-019,0.75,Europe,Machinery,Sea,2024-02-20,2024-03-12,2024-03-12,0,0.134,0.192,0.223,380.7,443.9,317.9,7382.91,0
ORD-102535,SUP-015,0.574,Asia Pacific,Pharma,Rail,2024-04-19,2024-04-28,2024-05-06,8,0.0,0.029,0.064,594.4,258.3,293.9,2653.57,1
ORD-102536,SUP-033,0.8,Latin America,Machinery,Road,2023-01-22,2023-01-26,2023-01-26,0,0.384,0.353,0.001,442.2,439.8,482.2,5442.17,0
ORD-102537,SUP-029,0.765,Middle East/Africa,Textiles,Rail,2024-08-24,2024-09-01,2024-09-08,7,0.0,0.17,0.094,567.9,644.3,682.6,15053.46,1
ORD-102538,SUP-027,0.793,Middle East/Africa,Electronics,Road,2023-05-28,2023-05-31,2023-05-31,0,0.153,0.084,0.063,485.0,369.7,262.3,13754.41,0
ORD-102539,SUP-009,0.768,Latin America,Automotive Parts,Sea,2023-11-14,2023-12-05,2023-12-07,2,0.624,0.0,0.467,732.1,510.1,458.3,6469.81,0
ORD-102540,SUP-035,0.443,Asia Pacific,Textiles,Road,2024-04-30,2024-05-06,2024-05-06,0,0.463,0.2,0.072,277.0,451.7,424.6,3241.68,0
ORD-102541,SUP-011,0.936,Latin America,Automotive Parts,Rail,2023-06-24,2023-07-01,2023-07-01,0,0.274,0.0,0.058,94.3,530.2,512.8,12937.62,0
ORD-102542,SUP-008,0.711,Asia Pacific,FMCG,Sea,2023-10-09,2023-10-31,2023-10-31,0,0.611,0.175,0.169,668.4,294.5,360.2,2759.1,0
ORD-102543,SUP-029,0.765,North America,Textiles,Rail,2024-01-01,2024-01-09,2024-01-10,1,0.155,0.434,0.002,614.6,420.6,441.2,2587.81,0
ORD-102544,SUP-038,0.957,North America,Machinery,Road,2023-08-22,2023-08-26,2023-08-26,0,0.23,0.15,0.078,541.0,341.6,358.5,3445.59,0
ORD-102545,SUP-029,0.765,Europe,FMCG,Rail,2023-04-29,2023-05-05,2023-05-20,15,0.262,0.419,0.042,535.7,647.0,503.2,6053.57,1
ORD-102546,SUP-001,0.823,Asia Pacific,Textiles,Sea,2023-03-07,2023-03-30,2023-04-07,8,0.321,0.281,0.281,704.1,296.3,277.0,2276.58,1
ORD-102547,SUP-012,0.612,North America,Pharma,Sea,2023-04-19,2023-05-10,2023-05-17,7,0.151,0.592,0.471,387.7,793.3,875.1,3005.58,1
ORD-102548,SUP-008,0.711,Europe,Machinery,Road,2024-07-08,2024-07-14,2024-07-14,0,0.513,0.226,0.097,624.5,407.2,327.2,13036.02,0
ORD-102549,SUP-032,0.702,Europe,Pharma,Road,2023-03-02,2023-03-06,2023-03-06,0,0.018,0.323,0.065,336.7,567.0,514.4,1691.48,0
ORD-102550,SUP-007,0.877,Latin America,Pharma,Rail,2023-03-06,2023-03-12,2023-03-12,0,0.514,0.142,0.027,505.3,457.5,567.3,6392.42,0
ORD-102551,SUP-033,0.8,Latin America,Pharma,Air,2024-01-09,2024-01-14,2024-01-21,7,0.127,0.314,0.06,336.8,413.6,308.1,10838.8,1
ORD-102552,SUP-004,0.652,Europe,Electronics,Rail,2023-03-12,2023-03-21,2023-03-21,0,0.495,0.192,0.056,453.7,329.4,305.7,4616.26,0
ORD-102553,SUP-022,0.872,Middle East/Africa,Textiles,Road,2023-04-24,2023-04-29,2023-04-29,0,0.077,0.367,0.008,429.0,398.7,362.0,3090.05,0
ORD-102554,SUP-009,0.768,Europe,Electronics,Road,2023-06-02,2023-06-07,2023-06-07,0,0.0,0.295,0.003,479.7,317.9,374.4,11073.83,0
ORD-102555,SUP-032,0.702,North America,Automotive Parts,Air,2023-07-23,2023-07-25,2023-07-25,0,0.215,0.005,0.088,371.0,579.1,538.1,3030.84,0
ORD-102556,SUP-018,0.727,Middle East/Africa,Automotive Parts,Road,2023-01-24,2023-01-30,2023-02-01,2,0.276,0.0,0.007,182.1,206.1,206.6,3277.61,0
ORD-102557,SUP-022,0.872,Europe,Textiles,Road,2024-07-04,2024-07-07,2024-07-07,0,0.441,0.0,0.086,362.1,295.5,240.0,2324.24,0
ORD-102558,SUP-006,0.63,Asia Pacific,Automotive Parts,Sea,2023-05-20,2023-06-12,2023-06-12,0,0.368,0.0,0.283,561.3,320.6,314.5,1747.73,0
ORD-102559,SUP-039,0.777,Middle East/Africa,Machinery,Road,2023-08-10,2023-08-15,2023-08-15,0,0.135,0.013,0.062,321.2,437.9,423.8,9904.77,0
ORD-102560,SUP-006,0.63,Middle East/Africa,Textiles,Sea,2024-04-06,2024-04-27,2024-05-08,11,0.224,0.175,0.504,565.0,435.0,427.9,15274.98,1
ORD-102561,SUP-015,0.574,Asia Pacific,Textiles,Rail,2023-02-28,2023-03-06,2023-03-12,6,0.257,0.178,0.085,351.4,501.9,581.0,3849.54,1
ORD-102562,SUP-002,0.788,Latin America,Machinery,Sea,2023-12-26,2024-01-17,2024-01-17,0,0.101,0.229,0.511,436.2,468.6,510.6,4838.36,0
ORD-102563,SUP-010,0.898,Middle East/Africa,Pharma,Sea,2023-05-26,2023-06-17,2023-06-17,0,0.301,0.214,0.371,621.8,378.0,299.3,1929.16,0
ORD-102564,SUP-022,0.872,Middle East/Africa,Electronics,Sea,2023-11-12,2023-12-05,2023-12-05,0,0.713,0.132,0.474,505.4,69.6,64.4,2322.04,0
ORD-102565,SUP-026,0.782,North America,Pharma,Rail,2024-07-25,2024-08-01,2024-08-01,0,0.348,0.276,0.01,595.4,502.4,595.2,3346.95,0
ORD-102566,SUP-036,0.714,Middle East/Africa,Electronics,Rail,2024-10-01,2024-10-09,2024-10-09,0,0.281,0.035,0.002,411.8,497.5,614.0,4181.68,0
ORD-102567,SUP-019,0.75,Middle East/Africa,Textiles,Road,2024-04-06,2024-04-09,2024-04-09,0,0.052,0.172,0.036,580.1,476.2,597.5,2322.28,0
ORD-102568,SUP-002,0.788,Asia Pacific,Pharma,Road,2023-11-14,2023-11-18,2023-11-18,0,0.372,0.0,0.021,299.3,384.4,467.0,2750.55,0
ORD-102569,SUP-004,0.652,Europe,FMCG,Road,2024-04-04,2024-04-08,2024-04-11,3,0.352,0.498,0.009,514.4,496.3,463.2,11436.86,1
ORD-102570,SUP-018,0.727,North America,Automotive Parts,Road,2023-06-16,2023-06-20,2023-07-02,12,0.59,0.076,0.012,626.9,218.5,250.1,6200.56,1
ORD-102571,SUP-004,0.652,Europe,FMCG,Road,2023-09-11,2023-09-15,2023-09-15,0,0.0,0.125,0.095,862.4,424.1,366.6,10189.34,0
ORD-102572,SUP-018,0.727,Asia Pacific,Electronics,Road,2023-02-06,2023-02-12,2023-02-12,0,0.547,0.5,0.065,610.7,348.1,305.2,2204.33,0
ORD-102573,SUP-011,0.936,Europe,Automotive Parts,Road,2023-05-17,2023-05-21,2023-05-21,0,0.397,0.215,0.035,421.6,544.6,387.6,7816.87,0
ORD-102574,SUP-025,0.704,Latin America,Automotive Parts,Air,2023-10-14,2023-10-18,2023-10-18,0,0.101,0.145,0.081,324.7,388.6,364.1,9627.71,0
ORD-102575,SUP-026,0.782,Asia Pacific,FMCG,Sea,2023-06-27,2023-07-18,2023-07-18,0,0.273,0.35,0.0,702.9,248.0,217.2,9003.22,0
ORD-102576,SUP-023,0.548,Asia Pacific,Textiles,Road,2023-07-31,2023-08-05,2023-08-05,0,0.311,0.043,0.067,552.2,312.6,331.8,5424.81,0
ORD-102577,SUP-019,0.75,Europe,Textiles,Road,2024-08-07,2024-08-12,2024-08-12,0,0.119,0.204,0.094,376.3,588.2,666.2,2252.27,0
ORD-102578,SUP-016,0.842,Middle East/Africa,FMCG,Sea,2024-05-31,2024-06-20,2024-06-24,4,0.305,0.104,0.12,355.8,358.1,291.0,4612.31,1
ORD-102579,SUP-017,0.619,Asia Pacific,Pharma,Sea,2023-05-08,2023-05-28,2023-05-28,0,0.651,0.144,0.241,564.1,357.3,317.6,5060.96,0
ORD-102580,SUP-040,0.607,Asia Pacific,Pharma,Air,2023-09-13,2023-09-17,2023-09-17,0,0.66,0.21,0.008,385.8,475.6,526.9,3200.64,0
ORD-102581,SUP-040,0.607,North America,FMCG,Rail,2023-04-04,2023-04-13,2023-04-13,0,0.0,0.369,0.01,448.0,423.8,394.8,7129.39,0
ORD-102582,SUP-027,0.793,Latin America,Automotive Parts,Road,2023-04-14,2023-04-20,2023-04-20,0,0.19,0.245,0.005,710.9,367.9,374.4,3788.01,0
ORD-102583,SUP-016,0.842,Latin America,Textiles,Sea,2023-08-13,2023-09-02,2023-09-02,0,0.518,0.294,0.295,439.6,646.6,593.5,2929.24,0
ORD-102584,SUP-017,,Europe,Textiles,Sea,2023-01-21,2023-02-10,2023-02-10,0,0.356,0.332,0.361,596.5,219.0,203.9,12993.58,0
ORD-102585,SUP-028,0.644,Asia Pacific,Automotive Parts,Rail,2023-07-23,2023-07-31,2023-08-08,8,0.156,0.386,0.025,398.4,358.3,356.2,2758.9,1
ORD-102586,SUP-038,0.957,Europe,Electronics,Air,2023-06-18,2023-06-21,2023-06-21,0,0.096,0.353,0.039,357.4,518.8,652.9,5953.88,0
ORD-102587,SUP-025,0.704,Middle East/Africa,Pharma,Rail,2023-03-01,2023-03-07,2023-03-07,0,0.245,0.144,0.065,627.3,578.5,649.0,15679.57,0
ORD-102588,SUP-003,0.783,North America,Automotive Parts,Sea,2024-06-13,2024-07-03,2024-07-03,0,0.018,0.253,0.28,518.7,323.6,374.0,3137.58,0
ORD-102589,SUP-022,0.872,Middle East/Africa,Pharma,Sea,2024-07-31,2024-08-20,2024-08-20,0,0.365,0.417,0.042,400.2,518.6,577.2,4482.48,0
ORD-102590,SUP-012,0.612,Europe,Pharma,Road,2023-01-21,2023-01-25,2023-01-25,0,0.297,0.23,0.032,342.7,535.2,576.2,3807.99,0
ORD-102591,SUP-014,0.805,Middle East/Africa,Automotive Parts,Road,2023-12-26,2023-12-31,2023-12-31,0,0.125,0.459,0.097,445.9,300.4,306.3,1230.64,0
ORD-102592,SUP-039,0.777,Asia Pacific,Electronics,Road,2024-03-27,2024-03-31,2024-03-31,0,0.154,0.0,0.045,419.2,451.4,462.3,3091.3,0
ORD-102593,SUP-018,0.727,Asia Pacific,Textiles,Air,2023-10-31,2023-11-02,2023-11-02,0,0.343,0.068,0.062,199.9,357.6,408.2,4850.09,0
ORD-102594,SUP-007,0.877,Middle East/Africa,Machinery,Sea,2023-09-11,2023-10-01,2023-10-06,5,0.023,0.073,0.401,377.4,575.1,485.6,6969.31,1
ORD-102595,SUP-023,0.548,Middle East/Africa,Machinery,Road,2023-09-16,2023-09-22,2023-09-22,0,0.35,0.221,0.08,487.9,494.7,485.1,20686.34,0
ORD-102596,SUP-013,0.8,Asia Pacific,FMCG,Rail,2024-06-02,2024-06-10,2024-06-10,0,0.546,0.361,0.086,685.0,469.9,541.4,6245.49,0
ORD-102597,SUP-024,0.818,Middle East/Africa,Textiles,Road,2024-04-03,2024-04-08,2024-04-19,11,0.0,0.422,0.06,331.1,531.3,492.2,3557.79,1
ORD-102598,SUP-002,0.788,Middle East/Africa,Automotive Parts,Road,2023-12-25,2023-12-30,2023-12-30,0,0.167,0.443,0.017,255.1,414.2,366.6,5984.86,0
ORD-102599,SUP-027,0.793,Asia Pacific,Electronics,Road,2024-03-08,2024-03-14,2024-03-14,0,0.557,0.278,0.043,260.5,312.3,290.7,4085.75,0
ORD-102600,SUP-007,0.877,Latin America,Machinery,Road,2023-09-12,2023-09-15,2023-09-15,0,,0.244,0.079,772.9,498.0,423.0,4437.41,0
ORD-102601,SUP-028,0.644,Latin America,Machinery,Road,2024-06-04,2024-06-10,2024-06-10,0,0.202,0.375,0.019,607.3,482.2,430.1,3375.26,0
ORD-102602,SUP-009,0.768,Latin America,Automotive Parts,Sea,2024-02-17,2024-03-08,2024-03-08,0,0.0,0.129,0.784,407.4,456.2,379.6,12978.67,0
ORD-102603,SUP-030,0.76,Asia Pacific,Electronics,Road,2023-05-15,2023-05-18,2023-05-18,0,0.24,0.287,0.008,350.6,708.1,718.9,4280.24,0
ORD-102604,SUP-020,0.762,Middle East/Africa,Electronics,Air,2023-07-04,2023-07-07,2023-07-07,0,0.404,0.334,0.046,584.5,543.3,478.0,4129.32,0
ORD-102605,SUP-015,0.574,Europe,FMCG,Road,2024-07-12,2024-07-15,2024-07-15,0,0.226,0.224,0.024,580.5,432.0,429.3,6309.0,0
ORD-102606,SUP-013,0.8,Europe,Machinery,Road,2024-04-17,2024-04-20,2024-04-27,7,0.087,0.181,0.003,358.7,386.3,318.0,5268.39,1
ORD-102607,SUP-015,0.574,North America,Pharma,Road,2023-04-11,2023-04-14,2023-04-14,0,0.355,0.0,0.079,578.8,580.6,567.9,9223.69,0
ORD-102608,SUP-028,0.644,Asia Pacific,Textiles,Air,2023-08-06,2023-08-11,2023-08-11,0,0.795,0.237,0.02,480.0,630.5,686.2,5128.56,0
ORD-102609,SUP-022,0.872,Middle East/Africa,Textiles,Road,2024-07-10,2024-07-15,2024-07-15,0,0.566,0.067,0.062,335.0,323.5,290.1,3616.78,0
ORD-102610,SUP-007,0.877,North America,FMCG,Sea,2023-08-29,2023-09-20,2023-09-20,0,0.38,0.412,0.463,499.9,398.6,450.7,7831.13,0
ORD-102611,SUP-030,0.76,Europe,FMCG,Road,2023-07-06,2023-07-11,2023-07-11,0,0.317,0.153,0.014,451.2,369.7,308.7,2419.86,0
ORD-102612,SUP-015,0.574,Asia Pacific,Machinery,Sea,2023-02-07,2023-02-27,2023-03-01,2,0.336,0.0,0.42,363.0,368.9,404.6,4109.39,1
ORD-102613,SUP-023,0.548,North America,Pharma,Air,2023-09-05,2023-09-10,2023-09-20,10,0.711,0.381,0.078,533.8,397.0,427.5,8568.84,1
ORD-102614,SUP-003,0.783,Latin America,FMCG,Road,2024-03-26,2024-03-29,2024-03-29,0,0.078,0.241,0.067,227.1,405.0,395.5,6032.28,0
ORD-102615,SUP-021,0.656,Asia Pacific,Machinery,Road,2023-10-25,2023-10-28,2023-10-28,0,0.8,0.041,0.001,506.8,359.2,368.8,6126.46,0
ORD-102616,SUP-006,0.63,Latin America,FMCG,Rail,2024-05-15,2024-05-21,2024-05-21,0,0.031,0.226,0.053,647.8,540.7,419.0,8381.7,0
ORD-102617,SUP-010,0.898,Europe,Machinery,Road,2023-01-08,2023-01-14,2023-01-14,0,0.278,0.34,0.03,593.1,413.0,421.4,3047.82,0
ORD-102618,SUP-030,0.76,Latin America,Electronics,Sea,2023-10-08,2023-10-28,2023-10-28,0,0.089,0.177,0.285,378.7,539.1,611.6,3071.57,0
ORD-102619,SUP-020,0.762,Europe,FMCG,Road,2024-06-05,2024-06-11,2024-06-19,8,0.247,0.126,0.093,818.1,510.1,448.8,10029.58,1
ORD-102620,SUP-039,0.777,Middle East/Africa,FMCG,Sea,2023-07-10,2023-07-31,2023-07-31,0,0.0,0.067,0.261,523.3,536.2,607.4,5152.91,0
ORD-102621,SUP-035,0.443,Asia Pacific,Machinery,Road,2024-01-11,2024-01-17,2024-01-17,0,0.389,0.13,0.041,366.1,716.8,808.6,4784.75,0
ORD-102622,SUP-031,0.712,Asia Pacific,Textiles,Road,2024-07-18,2024-07-21,2024-07-21,0,0.43,0.367,0.032,551.0,400.1,307.5,2517.52,0
ORD-102623,SUP-023,0.548,North America,Automotive Parts,Rail,2024-05-21,2024-05-28,2024-06-03,6,0.367,0.274,0.069,502.9,501.6,500.5,3605.05,1
ORD-102624,SUP-038,0.957,Europe,FMCG,Road,2023-02-12,2023-02-17,2023-02-24,7,0.136,0.158,0.04,364.9,464.6,578.0,3384.65,1
ORD-102625,SUP-027,0.793,Latin America,FMCG,Road,2023-05-27,2023-06-01,2023-06-01,0,0.121,0.269,0.011,372.9,339.5,192.0,6956.54,0
ORD-102626,SUP-028,0.644,Europe,Automotive Parts,Road,2023-11-07,2023-11-10,2023-11-10,0,0.133,0.269,0.097,653.5,425.7,483.8,9631.79,0
ORD-102627,SUP-036,0.714,Latin America,Textiles,Road,2024-06-22,2024-06-25,2024-06-25,0,0.135,0.3,0.03,538.3,539.2,677.1,8528.48,0
ORD-102628,SUP-030,0.76,North America,Automotive Parts,Sea,2023-03-24,2023-04-14,2023-04-14,0,0.581,0.266,0.203,417.7,365.9,327.4,8960.17,0
ORD-102629,SUP-031,0.712,Middle East/Africa,Machinery,Rail,2024-06-09,2024-06-18,2024-06-19,1,0.432,0.27,0.023,403.5,536.1,433.7,3265.18,0
ORD-102630,SUP-020,0.762,Asia Pacific,Textiles,Rail,2023-01-07,2023-01-13,2023-02-04,22,0.141,0.302,0.043,646.8,502.5,447.5,5529.98,1
ORD-102631,SUP-013,0.8,Asia Pacific,Pharma,Sea,2023-03-25,2023-04-15,2023-04-15,0,0.217,0.188,0.059,410.2,384.0,398.8,2366.34,0
ORD-102632,SUP-027,0.793,Asia Pacific,Pharma,Road,2023-08-20,2023-08-24,2023-09-03,10,0.247,0.085,0.004,658.5,196.6,180.8,21323.46,1
ORD-102633,SUP-001,0.823,Latin America,Machinery,Sea,2024-04-08,2024-04-28,2024-04-28,0,0.331,0.127,0.0,713.8,550.7,539.9,9808.51,0
ORD-102634,SUP-024,0.818,Asia Pacific,FMCG,Road,2023-07-02,2023-07-08,2023-07-08,0,0.468,0.257,0.018,411.1,275.6,275.3,2130.82,0
ORD-102635,SUP-017,0.619,Latin America,Pharma,Road,2023-06-23,2023-06-29,2023-06-30,1,0.022,0.43,0.044,449.3,482.8,373.9,3963.83,0
ORD-102636,SUP-008,,North America,FMCG,Sea,2024-07-14,2024-08-05,2024-08-05,0,0.193,0.217,0.376,481.0,598.0,425.5,1781.95,0
ORD-102637,SUP-006,,North America,FMCG,Rail,2023-11-18,2023-11-24,2023-11-24,0,0.299,0.0,0.059,437.3,603.4,664.9,7653.49,0
ORD-102638,SUP-035,0.443,North America,Pharma,Sea,2024-04-24,2024-05-15,2024-05-22,7,0.353,0.299,0.054,492.3,498.8,467.4,1701.06,1
ORD-102639,SUP-032,0.702,Europe,Electronics,Road,2024-08-27,2024-08-31,2024-09-01,1,0.602,0.288,0.009,723.9,313.1,327.5,3118.41,0
ORD-102640,SUP-019,0.75,Europe,Pharma,Rail,2024-02-10,2024-02-16,2024-02-24,8,0.275,0.0,0.096,713.1,303.8,331.6,11366.15,1
ORD-102641,SUP-014,0.805,Europe,FMCG,Road,2024-08-02,2024-08-05,2024-08-05,0,0.464,0.661,0.094,525.9,689.4,885.3,6932.1,0
ORD-102642,SUP-029,0.765,North America,Pharma,Sea,2023-01-13,2023-02-02,2023-02-11,9,0.099,0.084,0.303,504.9,315.4,260.0,2071.75,1
ORD-102643,SUP-028,0.644,North America,Pharma,Air,2023-05-02,2023-05-05,2023-05-05,0,0.418,0.471,0.015,496.0,736.6,777.7,4742.53,0
ORD-102644,SUP-022,0.872,North America,Pharma,Rail,2023-08-30,2023-09-08,2023-09-08,0,0.693,0.404,0.025,515.3,425.6,407.7,1611.48,0
ORD-102645,SUP-029,0.765,North America,FMCG,Air,2023-12-07,2023-12-10,2023-12-11,1,0.321,0.14,0.02,300.3,236.6,183.1,2329.75,0
ORD-102646,SUP-021,0.656,Latin America,Automotive Parts,Air,2023-09-08,2023-09-10,2023-09-13,3,,0.391,0.064,641.0,444.3,533.2,8279.92,1
ORD-102647,SUP-026,0.782,Middle East/Africa,FMCG,Road,2024-04-15,2024-04-21,2024-04-21,0,0.317,0.261,0.093,552.8,496.2,440.3,2501.51,0
ORD-102648,SUP-012,0.612,Asia Pacific,Machinery,Road,2023-06-08,2023-06-14,2023-06-14,0,0.193,0.201,0.082,465.8,307.0,338.0,5519.77,0
ORD-102649,SUP-008,0.711,North America,Machinery,Road,2024-02-09,2024-02-15,2024-02-15,0,0.425,0.194,0.003,274.9,427.8,307.6,6625.64,0
ORD-102650,SUP-007,,Middle East/Africa,Textiles,Road,2024-03-01,2024-03-07,2024-03-07,0,0.479,0.624,0.03,449.2,353.4,419.6,2777.67,0
ORD-102651,SUP-016,0.842,North America,Electronics,Road,2023-03-15,2023-03-18,2023-03-18,0,0.265,0.27,0.06,404.3,424.0,377.3,2449.79,0
ORD-102652,SUP-025,0.704,Europe,Electronics,Sea,2024-03-29,2024-04-21,2024-04-21,0,0.412,0.402,0.134,492.1,563.8,484.2,4547.91,0
ORD-102653,SUP-025,0.704,Europe,Electronics,Road,2023-02-25,2023-03-01,2023-03-01,0,0.539,0.108,0.006,318.7,530.3,463.2,4119.27,0
ORD-102654,SUP-013,0.8,Middle East/Africa,Pharma,Road,2023-03-16,2023-03-19,2023-03-19,0,0.109,0.03,0.053,552.9,439.6,520.9,3386.29,0
ORD-102655,SUP-008,0.711,North America,Automotive Parts,Sea,2023-04-17,2023-05-10,2023-05-10,0,0.0,0.188,0.467,715.4,245.0,262.2,3061.7,0
ORD-102656,SUP-023,0.548,Latin America,Pharma,Road,2024-09-28,2024-10-02,2024-10-04,2,0.548,0.075,0.062,423.0,473.1,619.9,11992.09,0
ORD-102657,SUP-015,0.574,Europe,Textiles,Rail,2023-11-19,2023-11-25,2023-11-25,0,0.463,0.269,0.041,625.4,288.5,275.3,5726.52,0
ORD-102658,SUP-004,0.652,North America,Textiles,Sea,2023-09-07,2023-09-30,2023-10-27,27,0.384,0.263,0.233,468.0,461.0,509.9,6299.04,1
ORD-102659,SUP-020,0.762,North America,Electronics,Air,2024-06-22,2024-06-24,2024-06-30,6,0.368,0.229,0.037,530.6,344.7,373.2,6744.32,1
ORD-102660,SUP-027,0.793,Asia Pacific,Automotive Parts,Road,2023-02-05,2023-02-10,2023-02-10,0,0.0,0.408,0.06,297.9,507.7,426.4,2523.67,0
ORD-102661,SUP-029,0.765,Middle East/Africa,Electronics,Road,2023-03-25,2023-03-31,2023-03-31,0,0.112,0.102,0.087,233.7,313.7,288.6,8901.57,0
ORD-102662,SUP-022,0.872,Asia Pacific,Textiles,Road,2024-06-25,2024-06-28,2024-07-05,7,0.83,0.242,0.063,711.4,242.4,229.2,10169.56,1
ORD-102663,SUP-017,0.619,Asia Pacific,Automotive Parts,Road,2023-02-13,2023-02-19,2023-02-19,0,0.653,0.501,0.064,504.7,391.8,422.2,3688.47,0
ORD-102664,SUP-015,0.574,North America,Machinery,Rail,2023-09-18,2023-09-27,2023-09-28,1,0.0,0.253,0.003,427.6,478.8,414.0,2912.79,0
ORD-102665,SUP-034,0.576,Europe,Electronics,Road,2023-10-12,2023-10-15,2023-10-15,0,0.548,0.275,0.063,514.3,341.6,338.9,2249.48,0
ORD-102666,SUP-015,0.574,Latin America,Machinery,Sea,2023-04-28,2023-05-18,2023-05-20,2,0.197,0.315,0.0,487.6,614.5,644.7,3833.74,0
ORD-102667,SUP-033,0.8,Latin America,Automotive Parts,Road,2024-02-18,2024-02-23,2024-02-23,0,0.549,0.481,0.045,608.2,256.7,301.5,3718.5,0
ORD-102668,SUP-034,0.576,Latin America,Automotive Parts,Road,2023-05-19,2023-05-24,2023-05-29,5,0.518,0.282,0.052,612.4,282.3,301.7,4191.74,1
ORD-102669,SUP-035,0.443,Latin America,Machinery,Road,2023-07-20,2023-07-26,2023-07-26,0,0.09,0.078,0.047,409.7,639.1,724.4,6347.24,0
ORD-102670,SUP-011,0.936,Asia Pacific,Electronics,Air,2023-08-26,2023-08-30,2023-08-30,0,0.168,0.143,0.036,871.8,394.8,453.3,8190.4,0
ORD-102671,SUP-004,0.652,Asia Pacific,Automotive Parts,Road,2023-09-01,2023-09-05,2023-09-15,10,0.344,0.197,0.064,530.9,506.8,529.0,10235.97,1
ORD-102672,SUP-020,0.762,Latin America,Automotive Parts,Air,2023-12-28,2024-01-01,2024-01-04,3,0.166,0.003,0.079,679.5,450.5,546.6,4637.21,1
ORD-102673,SUP-020,0.762,Latin America,Machinery,Road,2023-05-19,2023-05-24,2023-05-24,0,0.232,0.051,0.052,785.9,494.8,501.3,3292.76,0
ORD-102674,SUP-014,0.805,North America,Pharma,Rail,2023-03-15,2023-03-22,2023-03-22,0,0.342,0.113,0.095,312.8,363.9,348.0,9522.0,0
ORD-102675,SUP-013,0.8,Europe,Automotive Parts,Sea,2023-04-18,2023-05-08,2023-05-08,0,0.111,0.237,0.824,434.0,506.8,497.7,1616.03,0
ORD-102676,SUP-026,0.782,North America,Automotive Parts,Rail,2023-08-07,2023-08-15,2023-08-22,7,0.293,0.213,0.038,582.3,392.3,404.2,2210.5,1
ORD-102677,SUP-003,0.783,Asia Pacific,Machinery,Road,2024-04-01,2024-04-06,2024-04-06,0,0.058,0.154,0.022,495.6,410.9,425.0,10256.48,0
ORD-102678,SUP-014,0.805,Latin America,Pharma,Sea,2023-02-06,2023-02-27,2023-02-27,0,0.42,0.426,0.0,262.0,206.8,168.5,3347.15,0
ORD-102679,SUP-036,0.714,Latin America,Electronics,Sea,2023-12-07,2023-12-29,2024-01-01,3,0.0,0.0,0.317,442.2,331.0,331.0,7565.79,1
ORD-102680,SUP-021,0.656,Latin America,Automotive Parts,Rail,2024-04-30,2024-05-09,2024-05-09,0,0.261,0.042,0.043,504.9,315.7,224.1,4047.01,0
ORD-102681,SUP-036,0.714,Middle East/Africa,Electronics,Road,2024-04-12,2024-04-16,2024-04-16,0,0.139,0.211,0.09,792.8,494.2,319.6,1760.13,0
ORD-102682,SUP-012,0.612,North America,Pharma,Road,2023-08-27,2023-08-30,2023-09-11,12,0.208,0.244,0.025,707.3,586.5,650.7,3951.88,1
ORD-102683,SUP-001,0.823,North America,Automotive Parts,Rail,2024-04-02,2024-04-08,2024-04-09,1,0.389,0.256,0.035,423.1,473.8,466.7,7796.68,0
ORD-102684,SUP-019,0.75,North America,Electronics,Road,2024-07-29,2024-08-04,2024-08-04,0,0.0,0.158,0.05,296.7,439.1,392.9,3651.89,0
ORD-102685,SUP-008,0.711,Asia Pacific,FMCG,Road,2023-05-25,2023-05-30,2023-05-30,0,0.041,0.28,0.056,703.3,517.4,368.6,11788.42,0
ORD-102686,SUP-023,0.548,North America,Electronics,Road,2023-03-19,2023-03-22,2023-04-02,11,0.171,0.186,0.051,646.5,446.0,506.3,4235.93,1
ORD-102687,SUP-033,0.8,Asia Pacific,Machinery,Road,2024-08-28,2024-09-02,2024-09-02,0,0.578,0.237,0.045,746.5,470.2,495.9,4301.17,0
ORD-102688,SUP-010,0.898,North America,Machinery,Road,2024-08-14,2024-08-19,2024-08-19,0,0.279,0.24,0.051,137.4,232.0,204.8,7470.91,0
ORD-102689,SUP-004,0.652,Europe,FMCG,Road,2023-06-10,2023-06-16,2023-06-16,0,0.127,0.184,0.009,497.3,565.3,607.9,3709.57,0
ORD-102690,SUP-026,0.782,Latin America,Automotive Parts,Rail,2023-09-22,2023-09-29,2023-09-29,0,0.45,0.302,0.043,493.0,470.3,371.1,3940.91,0
ORD-102691,SUP-006,,Latin America,Automotive Parts,Road,2023-04-14,2023-04-17,2023-04-24,7,0.523,0.204,0.048,527.8,337.5,368.5,12081.46,1
ORD-102692,SUP-002,0.788,North America,Machinery,Rail,2024-01-05,2024-01-11,2024-01-11,0,0.387,0.132,0.06,598.0,626.0,616.7,7990.66,0
ORD-102693,SUP-038,0.957,Asia Pacific,Machinery,Rail,2024-04-17,2024-04-23,2024-04-23,0,0.613,0.25,0.022,554.9,558.3,556.7,8650.01,0
ORD-102694,SUP-005,0.967,North America,Electronics,Road,2023-02-02,2023-02-06,2023-02-14,8,0.269,0.0,0.048,604.4,585.0,453.7,8057.47,1
ORD-102695,SUP-023,0.548,Middle East/Africa,Textiles,Rail,2024-01-18,2024-01-25,2024-02-08,14,0.405,0.127,0.042,567.7,477.4,598.1,3703.88,1
ORD-102696,SUP-021,0.656,Europe,Pharma,Sea,2024-08-03,2024-08-24,2024-08-24,0,0.223,0.23,0.632,559.1,377.4,335.2,14503.91,0
ORD-102697,SUP-001,0.823,Asia Pacific,Pharma,Sea,2023-05-07,2023-05-30,2023-05-31,1,0.209,0.181,0.188,374.7,384.6,423.3,1474.12,0
ORD-102698,SUP-003,0.783,North America,Pharma,Air,2023-04-06,2023-04-09,2023-04-09,0,0.322,0.0,0.034,477.7,427.3,396.1,8978.39,0
ORD-102699,SUP-030,0.76,North America,Textiles,Rail,2023-03-22,2023-03-31,2023-04-01,1,0.414,0.186,0.057,604.7,557.0,555.6,3773.06,0
ORD-102700,SUP-001,0.823,Europe,FMCG,Air,2024-05-18,2024-05-23,2024-05-23,0,0.108,0.227,0.024,703.9,414.7,298.9,6703.65,0
ORD-102701,SUP-012,0.612,Latin America,Electronics,Sea,2024-02-06,2024-02-27,2024-03-02,4,0.307,0.252,0.499,428.1,379.1,406.7,6179.23,1
ORD-102702,SUP-013,0.8,Europe,Machinery,Road,2023-07-21,2023-07-26,2023-08-05,10,0.283,0.002,0.013,543.9,496.3,622.7,2341.97,1
ORD-102703,SUP-009,0.768,Asia Pacific,Pharma,Sea,2023-10-12,2023-11-02,2023-11-02,0,0.0,0.302,0.14,385.8,248.5,254.2,2478.85,0
ORD-102704,SUP-010,0.898,Latin America,FMCG,Road,2023-12-20,2023-12-25,2023-12-25,0,0.297,0.071,0.089,788.0,478.4,588.1,3487.03,0
ORD-102705,SUP-034,0.576,North America,Textiles,Sea,2024-05-29,2024-06-21,2024-07-03,12,0.279,0.112,0.294,362.4,280.3,169.8,5141.88,1
ORD-102706,SUP-007,0.877,Latin America,FMCG,Rail,2024-03-09,2024-03-18,2024-03-18,0,0.148,0.333,0.06,90.6,553.4,534.8,5559.85,0
ORD-102707,SUP-028,0.644,Asia Pacific,Textiles,Rail,2023-11-25,2023-12-04,2023-12-05,1,0.408,0.278,0.015,424.9,350.6,418.2,2741.85,0
ORD-102708,SUP-036,0.714,Asia Pacific,Machinery,Sea,2023-02-13,2023-03-06,2023-03-06,0,0.555,0.125,0.481,717.9,499.6,521.6,4605.28,0
ORD-102709,SUP-003,0.783,Asia Pacific,Machinery,Rail,2023-02-03,2023-02-10,2023-02-11,1,0.182,0.16,0.097,447.7,415.9,441.8,6328.41,0
ORD-102710,SUP-003,0.783,Europe,Machinery,Rail,2024-03-20,2024-03-26,2024-03-26,0,0.429,0.296,0.082,497.9,526.9,475.7,4867.28,0
ORD-102711,SUP-012,0.612,North America,Textiles,Road,2023-09-04,2023-09-07,2023-09-07,0,0.395,0.173,0.051,448.7,576.2,517.4,2770.16,0
ORD-102712,SUP-035,0.443,Europe,Electronics,Road,2024-03-15,2024-03-19,2024-03-29,10,0.041,0.162,0.093,496.9,650.0,729.1,3571.57,1
ORD-102713,SUP-005,0.967,North America,Electronics,Sea,2024-06-28,2024-07-21,2024-07-21,0,0.35,0.162,0.376,615.1,441.6,437.9,1510.56,0
ORD-102714,SUP-016,0.842,Europe,Machinery,Road,2024-09-07,2024-09-13,2024-09-13,0,0.296,0.19,0.048,514.3,716.9,573.2,15887.94,0
ORD-102715,SUP-003,0.783,Middle East/Africa,Pharma,Air,2023-03-05,2023-03-10,2023-03-10,0,0.399,0.305,0.026,426.3,657.1,515.8,4560.32,0
ORD-102716,SUP-003,0.783,Asia Pacific,Automotive Parts,Air,2024-05-21,2024-05-25,2024-05-25,0,0.0,0.227,0.0,733.7,408.5,499.3,7656.6,0
ORD-102717,SUP-030,0.76,North America,Textiles,Road,2023-08-18,2023-08-21,2023-08-29,8,0.336,0.226,0.071,437.5,405.4,393.6,2305.72,1
ORD-102718,SUP-028,0.644,Middle East/Africa,Textiles,Road,2024-08-08,2024-08-13,2024-08-13,0,0.788,0.211,0.027,558.5,406.6,380.0,4391.74,0
ORD-102719,SUP-026,0.782,Latin America,Pharma,Road,2024-07-02,2024-07-08,2024-07-08,0,0.733,0.154,0.054,482.9,371.4,311.2,7596.26,0
ORD-102720,SUP-004,0.652,North America,Pharma,Sea,2024-06-04,2024-06-24,2024-06-24,0,0.0,0.188,0.27,439.4,575.9,618.5,10846.36,0
ORD-102721,SUP-024,0.818,Europe,Textiles,Sea,2023-05-03,2023-05-23,2023-05-23,0,,0.232,0.09,196.4,402.6,434.2,1640.15,0
ORD-102722,SUP-014,0.805,Europe,Textiles,Road,2024-06-10,2024-06-13,2024-06-13,0,0.0,0.152,0.015,664.0,380.8,353.0,8139.16,0
ORD-102723,SUP-037,0.757,North America,Pharma,Sea,2023-03-31,2023-04-21,2023-04-21,0,0.335,0.087,0.0,495.2,336.3,364.4,5514.04,0
ORD-102724,SUP-031,0.712,North America,Automotive Parts,Sea,2023-01-12,2023-02-03,2023-02-03,0,0.384,0.242,0.41,547.3,658.0,607.1,10377.82,0
ORD-102725,SUP-009,0.768,Europe,Electronics,Road,2024-02-04,2024-02-07,2024-02-08,1,0.228,0.065,0.005,283.0,586.3,600.5,3552.39,0
ORD-102726,SUP-026,0.782,North America,Electronics,Road,2023-12-11,2023-12-15,2023-12-15,0,0.319,0.359,0.035,758.4,473.7,465.0,5271.39,0
ORD-102727,SUP-008,0.711,Middle East/Africa,Textiles,Road,2023-10-25,2023-10-28,2023-10-29,1,0.268,0.121,0.021,631.6,572.5,612.3,2413.01,0
ORD-102728,SUP-003,0.783,Latin America,Pharma,Road,2024-06-24,2024-06-27,2024-07-01,4,0.793,0.332,0.078,104.7,356.0,319.4,7462.07,1
ORD-102729,SUP-025,0.704,Asia Pacific,FMCG,Rail,2024-05-02,2024-05-11,2024-05-11,0,0.418,0.173,0.001,281.7,370.6,271.9,10813.38,0
ORD-102730,SUP-038,0.957,Europe,Automotive Parts,Road,2024-01-13,2024-01-19,2024-01-20,1,0.417,0.157,0.012,387.8,426.5,423.8,4657.32,0
ORD-102731,SUP-032,0.702,Europe,Machinery,Sea,2024-08-08,2024-08-31,2024-09-02,2,0.14,0.366,0.324,240.7,417.2,452.6,5014.66,1
ORD-102732,SUP-015,0.574,North America,Electronics,Rail,2024-06-04,2024-06-13,2024-06-13,0,0.356,0.183,0.068,611.7,488.1,487.0,2488.2,0
ORD-102733,SUP-028,0.644,Europe,Pharma,Sea,2024-06-16,2024-07-07,2024-07-07,0,0.243,0.386,0.0,736.9,482.0,511.6,5119.96,0
ORD-102734,SUP-017,0.619,North America,Automotive Parts,Air,2023-09-01,2023-09-04,2023-09-05,1,0.213,0.176,0.096,761.8,458.8,566.6,9770.38,0
ORD-102735,SUP-038,0.957,Asia Pacific,Electronics,Sea,2023-07-11,2023-07-31,2023-07-31,0,0.332,0.048,0.537,501.8,498.9,439.5,7770.79,0
ORD-102736,SUP-026,0.782,North America,Textiles,Sea,2023-10-28,2023-11-17,2023-11-17,0,0.322,0.279,0.633,188.8,444.0,571.2,3129.03,0
ORD-102737,SUP-023,0.548,Europe,Automotive Parts,Road,2023-01-27,2023-01-31,2023-01-31,0,0.279,0.219,0.038,438.6,573.6,425.8,7136.74,0
ORD-102738,SUP-025,0.704,Europe,Pharma,Road,2024-03-06,2024-03-10,2024-03-28,18,0.501,0.298,0.093,474.0,463.9,463.9,10018.27,1
ORD-102739,SUP-023,0.548,Latin America,Machinery,Sea,2024-05-06,2024-05-26,2024-05-26,0,0.0,0.162,0.514,510.2,414.6,363.9,13389.34,0
ORD-102740,SUP-001,0.823,Middle East/Africa,FMCG,Road,2024-05-29,2024-06-01,2024-06-01,0,0.097,0.236,0.016,453.6,727.5,799.5,4036.82,0
ORD-102741,SUP-031,0.712,Latin America,Electronics,Air,2024-02-15,2024-02-20,2024-02-20,0,0.405,0.297,0.005,335.5,447.1,488.9,4378.79,0
ORD-102742,SUP-004,0.652,Middle East/Africa,FMCG,Rail,2023-01-16,2023-01-24,2023-01-24,0,0.48,0.209,0.024,446.3,236.9,246.3,2897.22,0
ORD-102743,SUP-028,0.644,Asia Pacific,Electronics,Rail,2023-02-22,2023-03-02,2023-03-02,0,0.253,0.0,0.015,536.7,724.3,743.1,4322.32,0
ORD-102744,SUP-024,0.818,Asia Pacific,Electronics,Road,2023-02-18,2023-02-24,2023-03-22,26,0.064,0.236,0.01,539.9,656.9,747.1,2071.66,1
ORD-102745,SUP-024,0.818,Latin America,Automotive Parts,Sea,2023-09-19,2023-10-10,2023-10-10,0,0.16,0.0,0.369,460.2,670.4,830.9,10858.75,0
ORD-102746,SUP-013,0.8,North America,Automotive Parts,Sea,2023-07-08,2023-07-31,2023-07-31,0,0.29,0.125,0.193,425.2,315.6,328.5,4086.09,0
ORD-102747,SUP-006,0.63,Europe,Pharma,Road,2024-05-23,2024-05-27,2024-05-27,0,0.0,0.199,0.032,406.6,356.3,308.9,11277.01,0
ORD-102748,SUP-008,0.711,Asia Pacific,Textiles,Road,2023-07-27,2023-08-01,2023-08-09,8,0.494,0.129,0.017,662.0,64.6,56.9,5205.62,1
ORD-102749,SUP-027,0.793,Europe,Pharma,Road,2023-02-26,2023-03-02,2023-03-13,11,0.277,0.22,0.024,631.1,467.4,359.2,11200.59,1
ORD-102750,SUP-013,0.8,Asia Pacific,FMCG,Sea,2023-08-12,2023-09-02,2023-09-02,0,0.665,0.358,0.161,225.3,424.4,484.0,2471.75,0
ORD-102751,SUP-029,0.765,Latin America,FMCG,Sea,2024-03-26,2024-04-15,2024-04-15,0,0.0,0.415,0.231,432.4,614.9,704.1,1808.17,0
ORD-102752,SUP-011,0.936,Middle East/Africa,Machinery,Sea,2023-11-14,2023-12-05,2023-12-14,9,0.229,0.096,0.368,499.6,333.2,402.6,7546.05,1
ORD-102753,SUP-027,0.793,Asia Pacific,Pharma,Sea,2023-04-06,2023-04-28,2023-05-06,8,0.512,0.321,0.461,659.7,403.6,402.8,7423.17,1
ORD-102754,SUP-007,0.877,Asia Pacific,Pharma,Road,2023-06-28,2023-07-02,2023-07-02,0,0.208,0.336,0.004,433.1,289.9,289.8,5757.32,0
ORD-102755,SUP-039,0.777,Middle East/Africa,Electronics,Rail,2024-09-21,2024-09-27,2024-09-28,1,0.378,0.0,0.082,828.8,551.1,522.2,5060.34,0
ORD-102756,SUP-005,0.967,Middle East/Africa,Automotive Parts,Air,2024-06-06,2024-06-08,2024-06-08,0,0.394,0.095,0.085,538.4,408.3,338.6,3295.1,0
ORD-102757,SUP-039,0.777,Europe,Machinery,Air,2024-04-25,2024-04-28,2024-04-29,1,0.272,0.0,0.095,568.3,257.4,283.8,6139.7,0
ORD-102758,SUP-039,0.777,Middle East/Africa,Electronics,Road,2023-06-14,2023-06-19,2023-06-19,0,0.652,0.232,0.055,337.0,542.6,413.2,5007.53,0
ORD-102759,SUP-006,0.63,Latin America,Machinery,Sea,2023-12-29,2024-01-21,2024-01-22,1,0.45,0.139,0.19,542.4,595.7,548.0,6064.81,0
ORD-102760,SUP-014,0.805,Latin America,Electronics,Sea,2024-06-24,2024-07-16,2024-07-24,8,0.205,0.409,0.384,444.6,470.2,548.9,6294.43,1
ORD-102761,SUP-031,0.712,Latin America,Electronics,Sea,2023-08-04,2023-08-24,2023-08-24,0,0.305,0.0,0.304,441.8,518.6,422.7,2193.63,0
ORD-102762,SUP-034,0.576,North America,Automotive Parts,Sea,2024-05-19,2024-06-08,2024-06-08,0,0.14,0.0,0.0,424.2,517.8,595.6,6154.55,0
ORD-102763,SUP-028,0.644,North America,Automotive Parts,Road,2023-09-29,2023-10-02,2023-10-11,9,0.279,0.26,0.019,619.5,476.6,633.2,4642.95,1
ORD-102764,SUP-019,,Middle East/Africa,Pharma,Air,2024-07-10,2024-07-12,2024-07-13,1,0.31,0.186,0.037,365.3,599.6,578.8,1200.89,0
ORD-102765,SUP-023,0.548,Latin America,Textiles,Air,2023-01-03,2023-01-05,2023-01-11,6,0.096,0.406,0.08,682.4,495.9,587.5,2956.69,1
ORD-102766,SUP-024,0.818,Middle East/Africa,Electronics,Road,2023-05-25,2023-05-29,2023-05-30,1,0.0,0.245,0.041,466.1,504.0,620.3,4300.82,0
ORD-102767,SUP-017,0.619,Asia Pacific,FMCG,Road,2023-07-27,2023-07-31,2023-08-08,8,0.333,0.125,0.027,731.1,567.0,608.1,3573.87,1
ORD-102768,SUP-035,0.443,Asia Pacific,Pharma,Road,2023-02-21,2023-02-25,2023-03-02,5,0.136,0.2,0.02,417.6,436.2,509.1,6734.41,1
ORD-102769,SUP-017,0.619,Asia Pacific,Textiles,Rail,2023-02-09,2023-02-15,2023-02-15,0,0.3,0.066,0.086,677.3,552.1,625.9,4452.35,0
ORD-102770,SUP-015,0.574,Asia Pacific,Textiles,Sea,2024-01-21,2024-02-10,2024-02-22,12,0.51,0.112,0.384,582.5,444.8,456.6,9181.59,1
ORD-102771,SUP-017,0.619,Europe,FMCG,Rail,2023-09-24,2023-10-02,2023-10-17,15,0.708,0.12,0.049,685.3,503.8,530.8,5173.62,1
ORD-102772,SUP-021,0.656,Middle East/Africa,FMCG,Sea,2023-12-04,2023-12-24,2023-12-24,0,0.272,0.02,0.496,380.2,544.4,472.9,2726.99,0
ORD-102773,SUP-034,0.576,Latin America,Automotive Parts,Road,2023-07-31,2023-08-06,2023-08-06,0,0.404,0.069,0.034,505.8,354.2,444.8,2943.26,0
ORD-102774,SUP-023,0.548,Middle East/Africa,Pharma,Sea,2024-08-03,2024-08-24,2024-08-24,0,0.091,0.009,0.352,608.7,302.6,329.7,5478.12,0
ORD-102775,SUP-024,0.818,Asia Pacific,Textiles,Sea,2023-12-11,2023-12-31,2023-12-31,0,0.384,0.0,0.0,525.2,258.1,165.3,5175.69,0
ORD-102776,SUP-016,0.842,Europe,FMCG,Road,2024-02-18,2024-02-23,2024-02-23,0,0.5,0.37,0.058,699.1,394.2,480.5,3787.62,0
ORD-102777,SUP-014,0.805,Asia Pacific,Machinery,Road,2024-07-23,2024-07-26,2024-08-01,6,0.191,0.15,0.045,355.6,423.8,385.3,8262.34,1
ORD-102778,SUP-018,0.727,North America,Pharma,Road,2023-03-16,2023-03-22,2023-03-22,0,0.443,0.221,0.008,312.2,442.5,535.7,4624.48,0
ORD-102779,SUP-030,0.76,Middle East/Africa,Textiles,Rail,2024-08-29,2024-09-05,2024-09-05,0,0.099,0.145,0.007,376.9,573.5,600.8,6159.66,0
ORD-102780,SUP-024,0.818,Asia Pacific,Pharma,Sea,2024-03-27,2024-04-19,2024-04-20,1,0.325,0.16,0.473,330.6,385.6,440.8,6656.83,1
ORD-102781,SUP-033,0.8,Asia Pacific,Automotive Parts,Air,2024-05-26,2024-05-31,2024-05-31,0,0.253,0.243,0.007,470.0,376.9,325.2,4861.2,0
ORD-102782,SUP-011,0.936,Asia Pacific,FMCG,Rail,2024-02-10,2024-02-19,2024-02-20,1,0.267,0.444,0.048,439.8,465.3,449.1,3183.19,0
ORD-102783,SUP-021,0.656,Middle East/Africa,FMCG,Sea,2024-03-25,2024-04-14,2024-04-19,5,0.227,0.0,0.057,506.8,484.2,472.2,10637.31,1
ORD-102784,SUP-015,0.574,Middle East/Africa,Automotive Parts,Air,2023-03-19,2023-03-22,2023-03-31,9,0.343,0.016,0.084,640.3,574.1,600.2,5075.63,1
ORD-102785,SUP-009,0.768,Middle East/Africa,Electronics,Rail,2023-01-26,2023-02-03,2023-02-07,4,0.252,0.186,0.082,711.1,705.5,651.9,7124.12,1
ORD-102786,SUP-040,0.607,Middle East/Africa,Electronics,Sea,2024-06-04,2024-06-25,2024-06-25,0,0.129,0.12,0.075,700.8,568.9,632.5,4235.77,0
ORD-102787,SUP-035,0.443,North America,FMCG,Sea,2023-11-15,2023-12-08,2023-12-08,0,0.0,0.226,0.371,356.9,418.2,361.6,11978.31,0
ORD-102788,SUP-038,0.957,Europe,Automotive Parts,Sea,2023-04-14,2023-05-06,2023-05-07,1,0.077,0.246,0.055,755.4,381.6,402.7,2631.78,0
ORD-102789,SUP-040,0.607,Latin America,Automotive Parts,Rail,2024-01-08,2024-01-15,2024-01-31,16,0.368,0.093,0.077,547.7,547.8,449.4,4755.42,1
ORD-102790,SUP-037,0.757,Asia Pacific,Pharma,Road,2023-10-21,2023-10-24,2023-10-24,0,0.303,0.079,0.039,203.6,493.0,433.8,1963.27,0
ORD-102791,SUP-024,0.818,Europe,Automotive Parts,Sea,2023-05-31,2023-06-20,2023-06-20,0,0.392,0.212,0.135,266.4,555.2,512.9,4388.32,0
ORD-102792,SUP-034,0.576,Asia Pacific,Electronics,Sea,2023-06-02,2023-06-23,2023-06-23,0,0.277,0.153,0.441,428.5,679.3,804.6,2443.48,0
ORD-102793,SUP-004,0.652,Europe,FMCG,Road,2024-09-14,2024-09-20,2024-09-20,0,0.477,0.099,0.074,388.1,317.7,289.8,3824.11,0
ORD-102794,SUP-001,0.823,Latin America,Machinery,Road,2023-08-07,2023-08-13,2023-08-14,1,0.233,0.147,0.004,498.8,409.8,312.8,3715.63,0
ORD-102795,SUP-033,0.8,North America,Automotive Parts,Rail,2023-01-03,2023-01-11,2023-01-11,0,0.349,0.313,0.02,438.3,478.5,535.3,8116.25,0
ORD-102796,SUP-033,0.8,Middle East/Africa,FMCG,Road,2024-09-27,2024-10-02,2024-10-02,0,0.468,0.226,0.094,612.5,369.5,384.6,5440.83,0
ORD-102797,SUP-031,0.712,North America,Automotive Parts,Road,2023-09-25,2023-09-28,2023-10-01,3,0.542,0.171,0.063,359.7,558.7,402.6,7850.83,1
ORD-102798,SUP-039,0.777,North America,Automotive Parts,Road,2023-08-05,2023-08-09,2023-08-10,1,0.268,0.324,0.062,230.3,470.1,495.9,2688.53,0
ORD-102799,SUP-037,0.757,Middle East/Africa,FMCG,Road,2024-08-09,2024-08-14,2024-08-14,0,0.351,0.189,0.071,362.8,204.2,172.3,3709.46,0
ORD-102800,SUP-032,0.702,Europe,Textiles,Sea,2023-07-09,2023-07-31,2023-07-31,0,0.431,0.213,0.358,643.9,500.6,565.8,1965.68,0
ORD-102801,SUP-016,0.842,Europe,Electronics,Road,2024-01-11,2024-01-14,2024-01-14,0,0.352,0.103,0.095,561.8,498.3,433.3,3826.17,0
ORD-102802,SUP-012,0.612,Europe,Machinery,Rail,2023-11-01,2023-11-09,2023-11-09,0,0.136,0.34,0.097,381.2,196.0,201.7,3732.88,0
ORD-102803,SUP-011,0.936,Asia Pacific,Pharma,Air,2023-09-09,2023-09-11,2023-10-17,36,0.958,0.192,0.075,684.5,374.4,384.5,2457.33,1
ORD-102804,SUP-028,0.644,Europe,Pharma,Sea,2023-05-27,2023-06-18,2023-06-18,0,0.24,0.102,0.34,348.7,408.9,395.7,2784.63,0
ORD-102805,SUP-039,0.777,North America,FMCG,Sea,2024-04-09,2024-04-29,2024-04-29,0,0.0,0.0,0.059,304.5,460.1,476.8,5961.68,0
ORD-102806,SUP-039,0.777,Europe,Machinery,Road,2023-10-15,2023-10-19,2023-10-19,0,0.07,0.079,0.016,698.5,490.0,477.9,4339.44,0
ORD-102807,SUP-035,0.443,North America,FMCG,Rail,2024-07-22,2024-07-30,2024-07-30,0,0.264,0.357,0.096,633.2,363.5,248.7,3792.56,0
ORD-102808,SUP-003,0.783,North America,Automotive Parts,Rail,2023-05-04,2023-05-10,2023-05-10,0,0.086,0.319,0.005,471.1,476.5,569.8,3731.97,0
ORD-102809,SUP-013,0.8,Latin America,Textiles,Road,2023-11-17,2023-11-20,2023-11-20,0,0.379,0.173,0.091,278.9,383.4,507.2,4145.42,0
ORD-102810,SUP-031,0.712,North America,FMCG,Air,2023-11-14,2023-11-16,2023-11-16,0,0.597,0.211,0.082,453.0,452.4,459.7,11434.11,0
ORD-102811,SUP-040,0.607,Asia Pacific,Textiles,Sea,2024-02-18,2024-03-09,2024-03-09,0,0.368,0.176,0.009,623.3,250.2,209.0,945.86,0
ORD-102812,SUP-024,0.818,Middle East/Africa,Textiles,Road,2024-03-04,2024-03-10,2024-03-10,0,0.052,0.128,0.093,584.0,486.2,520.2,6391.82,0
ORD-102813,SUP-010,0.898,Latin America,FMCG,Sea,2023-01-10,2023-02-02,2023-02-02,0,0.188,0.171,0.387,571.9,340.1,337.4,6887.36,0
ORD-102814,SUP-003,0.783,Europe,Machinery,Road,2023-08-10,2023-08-16,2023-08-25,9,0.356,0.371,0.054,508.7,487.7,606.5,10945.14,1
ORD-102815,SUP-005,0.967,North America,Machinery,Road,2023-11-11,2023-11-15,2023-11-15,0,0.249,0.486,0.028,637.3,487.9,443.0,8516.88,0
ORD-102816,SUP-014,0.805,Europe,FMCG,Road,2024-08-23,2024-08-26,2024-08-27,1,0.39,0.05,0.024,492.3,584.5,581.9,6391.05,0
ORD-102817,SUP-027,0.793,North America,Textiles,Road,2023-01-05,2023-01-09,2023-01-09,0,0.594,0.42,0.008,453.3,379.9,474.8,2611.4,0
ORD-102818,SUP-029,0.765,Latin America,Textiles,Rail,2024-09-24,2024-10-03,2024-10-15,12,0.316,0.183,0.014,286.6,554.4,591.0,6674.11,1
ORD-102819,SUP-020,0.762,Europe,Textiles,Road,2024-01-11,2024-01-16,2024-01-18,2,0.325,0.048,0.036,520.0,456.1,437.9,5381.83,1
ORD-102820,SUP-026,0.782,Middle East/Africa,Electronics,Road,2023-08-04,2023-08-10,2023-08-10,0,,0.0,0.007,769.6,439.3,395.8,2013.97,0
ORD-102821,SUP-009,0.768,Europe,Machinery,Road,2024-08-07,2024-08-13,2024-08-13,0,0.0,0.145,0.075,584.8,637.5,607.4,3011.59,0
ORD-102822,SUP-025,0.704,Asia Pacific,Textiles,Rail,2023-11-19,2023-11-25,2023-11-25,0,0.079,0.438,0.07,382.0,346.4,336.6,7666.54,0
ORD-102823,SUP-003,0.783,Middle East/Africa,Textiles,Road,2023-12-15,2023-12-19,2023-12-19,0,0.65,0.084,0.06,869.4,412.6,459.6,3551.03,0
ORD-102824,SUP-016,0.842,Middle East/Africa,Automotive Parts,Road,2023-09-30,2023-10-06,2023-10-06,0,0.43,0.139,0.077,376.6,412.3,424.1,7851.97,0
ORD-102825,SUP-024,0.818,Middle East/Africa,Electronics,Road,2024-07-01,2024-07-05,2024-07-05,0,0.308,0.204,0.033,431.9,301.5,267.3,1898.88,0
ORD-102826,SUP-025,0.704,North America,Electronics,Road,2023-07-27,2023-08-02,2023-08-07,5,0.003,0.0,0.083,645.0,420.9,425.2,11771.7,1
ORD-102827,SUP-037,0.757,Middle East/Africa,Electronics,Road,2023-06-26,2023-06-29,2023-06-29,0,0.0,0.088,0.026,577.9,504.0,460.2,27840.85,0
ORD-102828,SUP-026,0.782,Europe,Pharma,Sea,2023-11-22,2023-12-13,2023-12-16,3,0.817,0.261,0.824,606.2,484.7,572.3,6044.81,1
ORD-102829,SUP-019,0.75,Middle East/Africa,Textiles,Road,2024-01-04,2024-01-09,2024-01-16,7,0.298,0.0,0.076,205.6,592.1,701.8,4701.14,1
ORD-102830,SUP-017,0.619,Asia Pacific,Pharma,Road,2023-02-20,2023-02-25,2023-02-25,0,0.289,0.301,0.005,343.0,552.7,467.3,10203.92,0
ORD-102831,SUP-029,0.765,Asia Pacific,Electronics,Road,2023-12-03,2023-12-07,2023-12-07,0,0.422,0.349,0.069,472.4,536.2,624.8,2718.53,0
ORD-102832,SUP-027,0.793,North America,Pharma,Road,2023-03-21,2023-03-27,2023-03-27,0,0.219,0.254,0.019,596.9,368.3,376.7,13350.53,0
ORD-102833,SUP-018,0.727,Middle East/Africa,Electronics,Sea,2023-08-25,2023-09-14,2023-09-21,7,0.426,0.168,0.0,888.8,470.8,559.0,5382.6,1
ORD-102834,SUP-033,0.8,Middle East/Africa,FMCG,Road,2024-01-17,2024-01-22,2024-01-22,0,0.245,0.378,0.002,529.7,462.2,362.5,1016.42,0
ORD-102835,SUP-040,0.607,Latin America,Pharma,Rail,2023-09-30,2023-10-06,2023-10-06,0,0.435,0.149,0.091,588.9,374.9,465.7,1605.38,0
ORD-102836,SUP-003,,Latin America,Pharma,Air,2024-04-13,2024-04-17,2024-04-17,0,0.297,0.0,0.036,435.5,349.7,318.7,7535.01,0
ORD-102837,SUP-021,0.656,Latin America,Pharma,Rail,2023-03-24,2023-04-02,2023-04-02,0,0.107,0.305,0.046,579.6,681.9,447.3,5027.47,0
ORD-102838,SUP-031,0.712,Latin America,Machinery,Road,2024-08-26,2024-08-31,2024-09-17,17,0.481,0.321,0.009,549.1,377.6,392.6,4754.55,1
ORD-102839,SUP-019,0.75,Middle East/Africa,Machinery,Road,2023-02-24,2023-03-02,2023-03-05,3,0.061,0.315,0.06,281.4,414.4,476.4,6157.23,1
ORD-102840,SUP-032,0.702,Europe,Electronics,Rail,2023-11-15,2023-11-24,2023-11-24,0,0.358,0.066,0.0,442.2,266.2,232.9,4460.08,0
ORD-102841,SUP-017,0.619,Middle East/Africa,Automotive Parts,Sea,2024-02-25,2024-03-19,2024-03-20,1,0.168,0.096,0.352,382.6,354.8,259.8,2332.12,0
ORD-102842,SUP-028,0.644,Asia Pacific,Textiles,Rail,2024-01-06,2024-01-13,2024-01-13,0,0.053,0.131,0.06,186.3,605.7,554.7,2398.69,0
ORD-102843,SUP-034,0.576,Asia Pacific,Machinery,Rail,2023-09-04,2023-09-11,2023-09-11,0,0.479,0.05,0.008,426.4,692.5,558.5,7707.12,0
ORD-102844,SUP-005,0.967,Latin America,Machinery,Sea,2023-04-05,2023-04-25,2023-05-02,7,0.432,0.314,0.249,896.5,464.0,514.5,4968.14,1
ORD-102845,SUP-023,0.548,Middle East/Africa,FMCG,Air,2023-10-07,2023-10-10,2023-10-28,18,0.593,0.038,0.046,381.6,370.8,396.9,11427.77,1
ORD-102846,SUP-011,0.936,Europe,Automotive Parts,Rail,2024-06-17,2024-06-23,2024-06-24,1,0.595,0.0,0.08,948.3,400.4,345.2,3357.14,0
ORD-102847,SUP-032,0.702,North America,FMCG,Sea,2023-07-18,2023-08-08,2023-08-08,0,0.015,0.463,0.242,410.8,693.2,776.7,2691.16,0
ORD-102848,SUP-004,0.652,Middle East/Africa,Pharma,Sea,2023-06-11,2023-07-04,2023-07-15,11,0.291,0.294,0.3,483.6,228.4,230.1,11523.19,1
ORD-102849,SUP-019,0.75,Europe,Automotive Parts,Sea,2023-01-30,2023-02-21,2023-02-21,0,0.0,0.327,0.383,413.7,402.0,314.3,7413.44,0
ORD-102850,SUP-024,0.818,Latin America,Textiles,Road,2023-05-17,2023-05-23,2023-05-23,0,0.051,0.271,0.014,786.4,486.8,430.9,12078.33,0
ORD-102851,SUP-030,0.76,Middle East/Africa,Textiles,Rail,2023-08-12,2023-08-18,2023-08-18,0,0.496,0.169,0.072,604.2,461.9,502.3,4689.85,0
ORD-102852,SUP-008,0.711,Middle East/Africa,FMCG,Road,2024-09-14,2024-09-20,2024-09-20,0,0.295,0.314,0.003,233.9,548.9,535.4,7607.34,0
ORD-102853,SUP-006,0.63,Asia Pacific,Textiles,Road,2023-05-17,2023-05-23,2023-05-23,0,,0.353,0.033,518.7,577.2,605.5,2950.98,0
ORD-102854,SUP-014,0.805,Asia Pacific,Pharma,Rail,2024-03-19,2024-03-25,2024-03-25,0,0.592,0.199,0.033,637.0,437.6,402.2,2926.91,0
ORD-102855,SUP-037,0.757,Latin America,Automotive Parts,Road,2024-03-28,2024-04-03,2024-04-11,8,0.149,0.144,0.015,191.5,292.3,290.4,3836.72,1
ORD-102856,SUP-015,0.574,Latin America,Pharma,Road,2023-11-07,2023-11-13,2023-11-13,0,0.26,0.35,0.076,535.6,527.7,640.9,14578.81,0
ORD-102857,SUP-025,0.704,North America,Pharma,Road,2024-07-24,2024-07-30,2024-07-30,0,0.045,0.255,0.025,550.3,620.5,721.7,1345.99,0
ORD-102858,SUP-039,0.777,North America,Pharma,Road,2023-01-23,2023-01-28,2023-01-29,1,0.096,0.032,0.094,535.7,596.3,537.9,1905.0,0
ORD-102859,SUP-031,0.712,North America,Textiles,Road,2023-04-25,2023-05-01,2023-05-01,0,0.416,0.026,0.055,441.0,482.4,563.1,4665.83,0
ORD-102860,SUP-002,0.788,Asia Pacific,Pharma,Road,2024-09-02,2024-09-05,2024-09-06,1,0.296,0.199,0.062,385.8,637.8,583.3,4796.69,0
ORD-102861,SUP-003,0.783,Middle East/Africa,Electronics,Sea,2023-12-18,2024-01-09,2024-01-09,0,0.607,0.289,0.057,605.8,562.9,654.2,9887.08,0
ORD-102862,SUP-011,0.936,Middle East/Africa,Machinery,Road,2023-01-23,2023-01-26,2023-01-27,1,0.181,0.548,0.042,534.6,371.8,436.0,2528.14,0
ORD-102863,SUP-012,0.612,Asia Pacific,Automotive Parts,Rail,2023-09-15,2023-09-22,2023-09-22,0,0.319,0.109,0.06,686.5,344.8,336.5,6209.86,0
ORD-102864,SUP-006,0.63,North America,Textiles,Road,2023-09-05,2023-09-08,2023-09-11,3,0.337,0.268,0.029,410.8,701.6,818.1,5215.09,1
ORD-102865,SUP-027,0.793,North America,Textiles,Road,2023-06-24,2023-06-28,2023-06-28,0,0.0,0.373,0.051,489.3,459.1,430.3,2714.39,0
ORD-102866,SUP-018,0.727,Europe,Textiles,Air,2024-06-08,2024-06-10,2024-06-10,0,0.298,0.311,0.081,723.7,710.0,785.6,10238.53,0
ORD-102867,SUP-018,0.727,Latin America,Machinery,Rail,2024-01-27,2024-02-02,2024-02-02,0,0.289,0.168,0.017,730.3,495.4,524.9,3049.72,0
ORD-102868,SUP-009,0.768,Europe,FMCG,Sea,2023-02-10,2023-03-02,2023-03-17,15,0.369,0.067,0.136,542.6,549.0,425.9,6214.28,1
ORD-102869,SUP-022,0.872,Europe,Textiles,Air,2023-02-28,2023-03-03,2023-03-03,0,0.336,0.099,0.074,415.4,365.0,408.7,4185.42,0
ORD-102870,SUP-032,0.702,Middle East/Africa,Electronics,Road,2024-05-04,2024-05-09,2024-05-09,0,0.549,0.352,0.003,556.1,469.8,475.9,3029.17,0
ORD-102871,SUP-032,0.702,Asia Pacific,Automotive Parts,Road,2023-11-22,2023-11-28,2023-12-05,7,0.151,0.121,0.091,659.3,424.5,454.4,3069.96,1
ORD-102872,SUP-035,0.443,Latin America,Electronics,Air,2024-03-22,2024-03-24,2024-03-24,0,0.118,0.0,0.027,387.5,296.0,284.9,6071.55,0
ORD-102873,SUP-020,0.762,Asia Pacific,Automotive Parts,Air,2023-01-23,2023-01-25,2023-01-25,0,0.519,0.028,0.053,617.9,499.5,407.2,8075.88,0
ORD-102874,SUP-035,0.443,Middle East/Africa,Automotive Parts,Road,2023-05-19,2023-05-23,2023-05-23,0,0.012,0.091,0.081,576.7,496.4,453.1,11811.32,0
ORD-102875,SUP-006,0.63,North America,Pharma,Road,2023-11-09,2023-11-12,2023-11-15,3,0.264,0.107,0.094,591.7,383.8,448.7,4087.66,1
ORD-102876,SUP-003,0.783,Middle East/Africa,Textiles,Road,2023-09-09,2023-09-14,2023-09-18,4,0.43,0.202,0.082,467.2,328.0,417.1,5124.97,1
ORD-102877,SUP-015,0.574,Latin America,Electronics,Air,2024-09-13,2024-09-17,2024-09-23,6,0.558,0.078,0.034,578.7,459.1,577.0,3174.31,1
ORD-102878,SUP-038,0.957,Asia Pacific,Pharma,Rail,2024-06-30,2024-07-08,2024-07-09,1,0.381,0.17,0.053,457.5,683.1,712.6,2580.58,0
ORD-102879,SUP-031,0.712,Europe,Pharma,Sea,2024-01-18,2024-02-09,2024-02-09,0,0.051,0.199,0.335,310.3,272.2,320.7,5445.59,0
ORD-102880,SUP-038,0.957,Middle East/Africa,Textiles,Road,2023-04-16,2023-04-22,2023-04-22,0,0.068,0.107,0.045,520.8,504.2,418.9,3497.3,0
ORD-102881,SUP-036,0.714,Europe,Automotive Parts,Rail,2023-08-13,2023-08-20,2023-08-20,0,0.157,0.119,0.031,528.8,546.4,557.0,2121.01,0
ORD-102882,SUP-006,0.63,Asia Pacific,Textiles,Sea,2023-06-10,2023-07-03,2023-07-03,0,0.297,0.078,0.374,541.8,367.7,374.5,5061.85,0
ORD-102883,SUP-007,0.877,Asia Pacific,Automotive Parts,Air,2023-04-30,2023-05-05,2023-05-05,0,0.203,0.37,0.04,524.8,511.5,555.9,7011.05,0
ORD-102884,SUP-020,0.762,Latin America,Pharma,Rail,2023-06-06,2023-06-13,2023-06-20,7,0.203,0.372,0.018,590.2,206.9,225.4,7996.01,1
ORD-102885,SUP-035,0.443,Latin America,FMCG,Sea,2023-04-27,2023-05-19,2023-05-19,0,0.0,0.062,0.018,578.1,454.0,513.0,7289.23,0
ORD-102886,SUP-025,0.704,Latin America,Textiles,Rail,2023-01-11,2023-01-19,2023-01-31,12,0.259,0.31,0.044,645.9,538.8,455.5,3603.24,1
ORD-102887,SUP-007,0.877,North America,Textiles,Road,2024-04-21,2024-04-27,2024-04-27,0,0.132,0.146,0.007,410.4,343.2,344.3,1691.04,0
ORD-102888,SUP-034,0.576,Asia Pacific,FMCG,Sea,2024-04-09,2024-04-29,2024-04-29,0,0.571,0.0,0.253,534.1,500.2,442.2,2480.92,0
ORD-102889,SUP-019,0.75,Asia Pacific,Textiles,Road,2023-07-14,2023-07-19,2023-07-19,0,0.193,0.221,0.072,375.3,601.4,657.1,4597.18,0
ORD-102890,SUP-025,0.704,Asia Pacific,FMCG,Road,2023-08-19,2023-08-23,2023-08-24,1,0.269,0.0,0.051,404.1,566.5,421.9,16315.87,0
ORD-102891,SUP-028,0.644,Middle East/Africa,Electronics,Rail,2024-07-07,2024-07-13,2024-07-25,12,0.316,0.079,0.071,600.2,367.9,287.1,3055.07,1
ORD-102892,SUP-039,0.777,Asia Pacific,Textiles,Sea,2023-12-10,2024-01-02,2024-01-02,0,0.425,0.079,0.607,269.6,483.1,423.5,14798.74,0
ORD-102893,SUP-036,0.714,Asia Pacific,Textiles,Rail,2024-04-14,2024-04-20,2024-05-01,11,0.161,0.268,0.032,690.1,608.9,533.8,9048.67,1
ORD-102894,SUP-036,0.714,Europe,Electronics,Road,2024-07-17,2024-07-23,2024-07-23,0,0.0,0.497,0.073,436.5,550.2,572.9,3029.18,0
ORD-102895,SUP-001,0.823,North America,Textiles,Road,2023-09-27,2023-10-03,2023-10-04,1,0.614,0.31,0.013,502.6,451.7,429.8,6902.52,0
ORD-102896,SUP-007,0.877,North America,FMCG,Rail,2023-08-21,2023-08-29,2023-08-30,1,0.115,0.197,0.099,513.6,489.9,398.0,8527.71,0
ORD-102897,SUP-001,0.823,Middle East/Africa,Machinery,Road,2024-01-23,2024-01-29,2024-01-29,0,0.225,0.361,0.076,563.7,503.1,427.1,4798.09,0
ORD-102898,SUP-036,0.714,Europe,Electronics,Road,2024-07-18,2024-07-22,2024-07-30,8,0.178,0.205,0.042,315.8,251.9,224.5,3824.58,1
ORD-102899,SUP-029,0.765,Asia Pacific,Pharma,Road,2024-02-07,2024-02-12,2024-02-12,0,0.332,0.349,0.095,434.5,716.9,857.1,3616.87,0
ORD-102900,SUP-034,0.576,North America,Automotive Parts,Sea,2024-03-17,2024-04-08,2024-04-08,0,0.207,0.0,0.0,249.4,594.2,640.1,1690.69,0
ORD-102901,SUP-036,0.714,North America,Automotive Parts,Sea,2023-12-16,2024-01-08,2024-01-08,0,0.064,0.306,0.021,532.9,605.3,693.8,3754.06,0
ORD-102902,SUP-014,0.805,Europe,Electronics,Road,2024-02-23,2024-02-29,2024-02-29,0,0.239,0.176,0.035,595.0,254.7,242.2,3138.5,0
ORD-102903,SUP-018,0.727,Middle East/Africa,Electronics,Road,2023-01-21,2023-01-24,2023-01-30,6,0.229,0.345,0.079,299.2,598.9,504.0,6211.12,1
ORD-102904,SUP-031,0.712,Europe,Textiles,Air,2023-11-18,2023-11-21,2023-11-22,1,0.159,0.232,0.019,536.6,474.1,461.7,3224.79,0
ORD-102905,SUP-027,0.793,Asia Pacific,FMCG,Sea,2023-07-03,2023-07-25,2023-07-25,0,0.27,0.191,0.231,438.8,549.2,529.2,4186.81,0
ORD-102906,SUP-014,0.805,North America,FMCG,Rail,2024-03-14,2024-03-21,2024-03-23,2,0.495,0.289,0.081,472.2,374.0,437.8,3417.04,0
ORD-102907,SUP-006,0.63,Asia Pacific,Pharma,Road,2023-12-29,2024-01-03,2024-01-03,0,0.449,0.321,0.027,654.3,603.8,699.7,3964.5,0
ORD-102908,SUP-021,0.656,Asia Pacific,FMCG,Road,2024-04-14,2024-04-20,2024-04-20,0,0.296,0.318,0.099,388.0,131.6,111.7,5746.0,0
ORD-102909,SUP-024,0.818,Middle East/Africa,Pharma,Sea,2023-07-29,2023-08-21,2023-08-24,3,0.169,0.108,0.228,360.4,562.5,488.1,3649.19,1
ORD-102910,SUP-012,0.612,Asia Pacific,Electronics,Road,2023-04-07,2023-04-11,2023-04-26,15,0.536,0.05,0.042,389.5,457.3,568.5,5829.8,1
ORD-102911,SUP-014,0.805,Europe,Machinery,Air,2023-07-28,2023-07-30,2023-07-30,0,0.0,0.203,0.092,557.6,377.2,375.8,4300.12,0
ORD-102912,SUP-032,0.702,Asia Pacific,Electronics,Road,2023-03-09,2023-03-15,2023-03-15,0,0.165,0.443,0.033,515.1,424.2,425.1,11019.18,0
ORD-102913,SUP-002,0.788,Europe,Textiles,Road,2024-06-14,2024-06-18,2024-06-25,7,0.212,0.156,0.035,162.8,537.4,473.3,3674.47,1
ORD-102914,SUP-012,0.612,Europe,Pharma,Rail,2024-08-06,2024-08-13,2024-08-13,0,0.399,0.312,0.063,525.9,460.5,431.2,5023.97,0
ORD-102915,SUP-007,0.877,Europe,Electronics,Road,2024-01-28,2024-01-31,2024-01-31,0,0.0,0.123,0.075,542.5,647.7,774.4,1460.63,0
ORD-102916,SUP-030,0.76,North America,Electronics,Road,2023-09-28,2023-10-04,2023-10-05,1,0.268,0.251,0.052,397.0,619.2,544.6,2899.06,1
ORD-102917,SUP-031,0.712,North America,Pharma,Sea,2023-04-18,2023-05-11,2023-05-11,0,0.187,0.165,0.231,506.6,462.7,422.0,2614.29,0
ORD-102918,SUP-002,0.788,North America,Automotive Parts,Road,2023-03-08,2023-03-11,2023-03-11,0,0.358,0.089,0.09,392.9,417.6,413.1,7987.78,0
ORD-102919,SUP-035,0.443,Middle East/Africa,FMCG,Air,2023-10-12,2023-10-16,2023-10-16,0,0.365,0.404,0.045,463.9,460.1,531.3,9703.84,0
ORD-102920,SUP-030,0.76,North America,Automotive Parts,Sea,2023-01-07,2023-01-27,2023-01-27,0,0.408,0.388,0.101,421.0,450.6,451.0,10821.83,0
ORD-102921,SUP-016,0.842,Latin America,Electronics,Road,2024-03-13,2024-03-16,2024-03-16,0,0.68,0.232,0.033,638.0,396.2,433.4,4102.59,0
ORD-102922,SUP-038,0.957,Middle East/Africa,Electronics,Road,2024-06-24,2024-06-27,2024-06-27,0,0.646,0.027,0.027,779.5,422.1,360.2,5402.92,0
ORD-102923,SUP-030,0.76,Latin America,Machinery,Rail,2024-07-31,2024-08-06,2024-08-17,11,0.414,0.261,0.08,323.1,360.4,369.6,3954.31,1
ORD-102924,SUP-015,0.574,Europe,FMCG,Road,2023-02-14,2023-02-17,2023-03-12,23,0.286,0.394,0.0,667.5,539.0,518.9,8582.62,1
ORD-102925,SUP-004,0.652,Asia Pacific,Pharma,Road,2023-04-25,2023-04-30,2023-04-30,0,0.326,0.084,0.053,694.5,308.7,350.1,8247.74,0
ORD-102926,SUP-008,0.711,Asia Pacific,Pharma,Sea,2024-07-16,2024-08-08,2024-08-08,0,0.431,0.257,0.54,484.4,446.9,509.6,8797.92,0
ORD-102927,SUP-013,0.8,Europe,Textiles,Road,2023-09-12,2023-09-18,2023-09-22,4,0.258,0.185,0.025,433.6,552.6,514.9,9665.43,1
ORD-102928,SUP-027,0.793,North America,Automotive Parts,Air,2024-09-08,2024-09-10,2024-09-10,0,0.432,0.251,0.091,556.7,560.3,721.2,1983.33,0
ORD-102929,SUP-024,0.818,North America,Machinery,Road,2024-07-12,2024-07-15,2024-07-15,0,0.567,0.107,0.022,400.0,515.8,437.3,7464.31,0
ORD-102930,SUP-004,,Latin America,Electronics,Air,2023-10-06,2023-10-09,2023-10-09,0,0.424,0.0,0.017,659.0,621.6,643.7,3286.78,0
ORD-102931,SUP-021,0.656,Latin America,Textiles,Road,2023-12-20,2023-12-24,2023-12-27,3,0.286,0.274,0.062,441.6,510.4,504.3,6849.35,0
ORD-102932,SUP-004,0.652,North America,Automotive Parts,Road,2023-12-25,2023-12-28,2023-12-29,1,0.379,0.393,0.023,604.1,415.3,390.1,4787.82,0
ORD-102933,SUP-017,0.619,Middle East/Africa,Textiles,Rail,2024-05-30,2024-06-06,2024-06-06,0,0.384,0.0,0.024,457.4,306.6,326.5,7122.77,0
ORD-102934,SUP-015,0.574,Europe,Textiles,Road,2024-06-28,2024-07-01,2024-07-02,1,0.145,0.0,0.012,659.0,317.2,194.3,6742.42,0
ORD-102935,SUP-012,0.612,Asia Pacific,FMCG,Sea,2023-10-05,2023-10-26,2023-11-09,14,0.093,0.353,0.213,520.7,653.9,680.8,3479.34,1
ORD-102936,SUP-014,0.805,Middle East/Africa,Machinery,Rail,2023-01-25,2023-02-02,2023-02-02,0,0.389,0.031,0.097,287.6,553.0,615.1,5699.5,0
ORD-102937,SUP-021,0.656,Latin America,Automotive Parts,Road,2023-06-05,2023-06-08,2023-06-08,0,0.0,0.153,0.069,698.7,759.0,681.3,4656.27,0
ORD-102938,SUP-028,0.644,Latin America,FMCG,Road,2023-04-23,2023-04-28,2023-04-29,1,0.279,0.482,0.014,215.0,339.9,363.4,3821.29,0
ORD-102939,SUP-004,0.652,Middle East/Africa,Machinery,Road,2024-06-19,2024-06-24,2024-06-24,0,0.076,0.242,0.094,596.2,358.8,292.4,1594.07,0
ORD-102940,SUP-032,0.702,Asia Pacific,Machinery,Rail,2023-01-16,2023-01-25,2023-01-31,6,0.618,0.268,0.037,283.7,448.1,456.9,5792.94,1
ORD-102941,SUP-029,0.765,Middle East/Africa,Textiles,Sea,2023-10-27,2023-11-19,2023-11-19,0,0.518,0.328,0.448,605.4,483.0,473.6,5452.41,0
ORD-102942,SUP-005,0.967,Middle East/Africa,Automotive Parts,Sea,2024-07-25,2024-08-17,2024-08-17,0,0.21,0.217,0.51,554.5,625.1,460.6,4287.5,0
ORD-102943,SUP-035,0.443,Middle East/Africa,FMCG,Sea,2023-12-23,2024-01-15,2024-02-02,18,0.539,0.445,0.192,906.6,542.7,691.7,7924.98,1
ORD-102944,SUP-027,0.793,North America,Textiles,Air,2024-03-08,2024-03-12,2024-03-12,0,,0.146,0.027,674.7,562.1,580.3,1685.09,0
ORD-102945,SUP-027,0.793,North America,Pharma,Road,2023-11-21,2023-11-24,2023-11-24,0,0.037,0.116,0.064,567.6,425.2,431.2,21017.83,0
ORD-102946,SUP-038,0.957,Latin America,Electronics,Sea,2024-01-03,2024-01-24,2024-01-30,6,0.33,0.296,0.438,381.7,355.0,402.3,2089.12,1
ORD-102947,SUP-028,0.644,Asia Pacific,Textiles,Road,2023-03-27,2023-04-01,2023-04-02,1,0.134,0.262,0.066,601.6,366.3,274.3,6155.24,0
ORD-102948,SUP-023,0.548,Asia Pacific,Automotive Parts,Sea,2023-01-29,2023-02-20,2023-02-20,0,0.681,0.261,0.0,478.6,606.7,388.3,2252.57,0
ORD-102949,SUP-019,0.75,Asia Pacific,Textiles,Road,2023-03-09,2023-03-13,2023-03-13,0,0.303,0.422,0.021,683.3,449.5,463.1,4645.15,0
ORD-102950,SUP-007,0.877,Middle East/Africa,Textiles,Road,2023-12-23,2023-12-28,2024-01-03,6,0.206,0.332,0.055,342.5,528.1,540.9,11206.31,1
ORD-102951,SUP-010,0.898,Middle East/Africa,Pharma,Road,2023-10-09,2023-10-15,2023-10-15,0,0.171,0.159,0.03,540.8,277.7,346.1,3439.74,0
ORD-102952,SUP-019,0.75,Latin America,Machinery,Road,2023-05-15,2023-05-18,2023-05-18,0,0.322,0.135,0.03,330.8,568.0,610.8,10865.72,0
ORD-102953,SUP-034,0.576,North America,Machinery,Air,2023-03-02,2023-03-06,2023-03-23,17,0.215,0.348,0.099,444.8,261.5,249.2,8694.16,1
ORD-102954,SUP-018,0.727,North America,Electronics,Rail,2023-04-09,2023-04-17,2023-04-17,0,0.0,0.139,0.087,303.0,464.3,440.2,12802.47,0
ORD-102955,SUP-019,0.75,North America,Machinery,Road,2023-01-15,2023-01-21,2023-01-21,0,0.301,0.12,0.065,473.6,386.9,449.8,2885.8,0
ORD-102956,SUP-019,0.75,Latin America,Pharma,Rail,2023-05-18,2023-05-27,2023-05-27,0,0.0,0.545,0.026,681.7,444.3,464.1,2366.63,0
ORD-102957,SUP-010,0.898,North America,Machinery,Sea,2023-09-13,2023-10-03,2023-10-03,0,0.518,0.0,0.702,686.4,501.5,475.4,12834.1,0
ORD-102958,SUP-008,0.711,Latin America,Electronics,Road,2024-05-31,2024-06-04,2024-06-04,0,0.067,0.353,0.056,644.6,566.1,684.4,4930.24,0
ORD-102959,SUP-002,0.788,Middle East/Africa,Electronics,Road,2023-01-05,2023-01-09,2023-01-10,1,0.468,0.494,0.009,197.4,469.8,373.9,6961.32,0
ORD-102960,SUP-039,0.777,Latin America,Textiles,Road,2023-10-23,2023-10-29,2023-10-29,0,0.275,0.322,0.0,638.5,388.4,414.3,4082.84,0
ORD-102961,SUP-014,0.805,Europe,FMCG,Road,2024-02-27,2024-03-02,2024-03-02,0,0.174,0.0,0.053,392.4,467.3,373.3,5510.23,0
ORD-102962,SUP-039,0.777,Middle East/Africa,Machinery,Rail,2023-01-11,2023-01-18,2023-01-24,6,0.403,0.077,0.022,420.9,546.2,572.3,3159.76,1
ORD-102963,SUP-004,0.652,Middle East/Africa,FMCG,Sea,2023-12-02,2023-12-25,2023-12-26,1,,0.276,0.116,535.7,294.6,252.2,3228.47,0
ORD-102964,SUP-035,0.443,Latin America,Pharma,Sea,2023-05-15,2023-06-07,2023-06-11,4,0.395,0.265,0.244,537.8,623.2,536.8,8173.1,1
ORD-102965,SUP-017,,Europe,Pharma,Road,2023-05-21,2023-05-26,2023-05-27,1,0.042,0.329,0.027,747.3,458.7,497.4,8647.55,0
ORD-102966,SUP-008,0.711,Latin America,Automotive Parts,Rail,2023-10-30,2023-11-05,2023-11-05,0,0.13,0.253,0.066,450.4,686.8,492.3,3826.99,0
ORD-102967,SUP-009,0.768,Middle East/Africa,Automotive Parts,Rail,2024-05-02,2024-05-11,2024-05-11,0,0.234,0.069,0.082,583.2,513.5,548.2,3288.11,0
ORD-102968,SUP-032,0.702,Asia Pacific,Pharma,Road,2023-01-04,2023-01-07,2023-01-08,1,,0.341,0.061,260.1,484.3,437.0,9978.59,0
ORD-102969,SUP-032,0.702,Europe,Electronics,Sea,2024-04-07,2024-04-28,2024-04-28,0,0.501,0.075,0.378,441.9,419.5,304.1,2187.7,0
ORD-102970,SUP-017,0.619,Latin America,FMCG,Sea,2023-03-18,2023-04-08,2023-04-08,0,0.454,0.139,0.466,194.4,468.3,499.8,7863.16,0
ORD-102971,SUP-001,0.823,Asia Pacific,Electronics,Sea,2023-05-23,2023-06-15,2023-06-15,0,0.26,0.094,0.31,538.8,439.4,450.6,4421.76,0
ORD-102972,SUP-027,0.793,Latin America,FMCG,Road,2023-12-01,2023-12-06,2023-12-06,0,0.181,0.125,0.075,636.4,489.5,419.2,1756.7,0
ORD-102973,SUP-002,0.788,Asia Pacific,Textiles,Air,2023-06-25,2023-06-28,2023-06-28,0,0.316,0.247,0.049,559.6,531.3,533.0,6747.92,0
ORD-102974,SUP-016,0.842,North America,FMCG,Sea,2023-08-03,2023-08-25,2023-09-07,13,0.281,0.319,0.0,597.5,533.9,601.4,7485.9,1
ORD-102975,SUP-008,0.711,Europe,FMCG,Sea,2023-03-09,2023-03-30,2023-03-30,0,0.0,0.186,0.04,547.5,462.7,398.9,7531.82,0
ORD-102976,SUP-024,0.818,Asia Pacific,Machinery,Road,2024-09-14,2024-09-18,2024-09-25,7,0.269,0.284,0.082,513.9,360.9,345.0,1638.57,1
ORD-102977,SUP-015,0.574,Middle East/Africa,FMCG,Sea,2024-01-05,2024-01-26,2024-01-26,0,0.247,0.0,0.538,633.0,483.2,587.1,8542.08,0
ORD-102978,SUP-016,0.842,Middle East/Africa,Electronics,Rail,2024-01-21,2024-01-30,2024-01-30,0,0.591,0.46,0.093,206.2,550.9,486.5,3358.85,0
ORD-102979,SUP-013,0.8,Latin America,Electronics,Road,2023-09-24,2023-09-29,2023-09-29,0,0.356,0.264,0.088,293.7,458.9,542.6,4855.84,0
ORD-102980,SUP-018,0.727,Europe,Textiles,Air,2024-08-15,2024-08-19,2024-08-21,2,0.16,0.285,0.08,540.5,477.6,481.8,11243.34,1
ORD-102981,SUP-030,0.76,North America,Electronics,Road,2024-08-31,2024-09-05,2024-09-06,1,0.341,0.096,0.008,365.8,525.6,641.6,1614.19,0
ORD-102982,SUP-008,0.711,Latin America,FMCG,Air,2023-11-06,2023-11-08,2023-11-15,7,0.519,0.284,0.045,449.6,506.9,429.9,1637.8,1
ORD-102983,SUP-005,0.967,Europe,Electronics,Road,2024-01-06,2024-01-11,2024-01-11,0,0.314,0.308,0.009,625.3,506.7,388.7,5564.2,0
ORD-102984,SUP-034,0.576,Asia Pacific,FMCG,Road,2024-07-26,2024-07-31,2024-08-16,16,0.209,0.171,0.089,485.5,456.6,399.5,6187.0,1
ORD-102985,SUP-040,,North America,Pharma,Rail,2023-04-07,2023-04-13,2023-04-16,3,0.264,0.043,0.007,485.7,251.7,264.7,10755.06,1
ORD-102986,SUP-004,0.652,Middle East/Africa,Pharma,Road,2023-02-15,2023-02-18,2023-02-18,0,0.219,0.297,0.018,545.2,526.5,588.6,1629.76,0
ORD-102987,SUP-005,0.967,Middle East/Africa,Pharma,Rail,2023-01-01,2023-01-07,2023-01-07,0,0.606,0.108,0.067,603.5,590.4,570.3,1968.65,0
ORD-102988,SUP-018,0.727,Latin America,Machinery,Road,2024-03-28,2024-04-02,2024-04-02,0,0.309,0.361,0.065,656.0,425.0,382.8,7753.54,0
ORD-102989,SUP-040,0.607,Middle East/Africa,Pharma,Road,2023-02-02,2023-02-07,2023-02-07,0,,0.27,0.056,756.5,580.1,685.7,5076.45,0
ORD-102990,SUP-006,0.63,Asia Pacific,Electronics,Air,2024-02-11,2024-02-14,2024-02-14,0,0.079,0.25,0.011,485.5,517.0,572.7,26056.32,0
ORD-102991,SUP-022,0.872,Middle East/Africa,FMCG,Rail,2023-01-15,2023-01-24,2023-01-24,0,0.283,0.091,0.031,448.7,600.6,632.5,3788.61,0
ORD-102992,SUP-017,0.619,North America,Automotive Parts,Rail,2023-08-17,2023-08-26,2023-08-26,0,0.418,0.201,0.052,286.8,497.1,504.6,9648.14,0
ORD-102993,SUP-027,0.793,Latin America,Pharma,Road,2024-06-21,2024-06-25,2024-06-26,1,0.725,0.265,0.052,233.0,328.2,364.0,3458.04,0
ORD-102994,SUP-034,0.576,Middle East/Africa,Textiles,Sea,2024-04-13,2024-05-04,2024-05-04,0,,0.241,0.442,613.7,371.3,386.3,3424.66,0
ORD-102995,SUP-011,0.936,Latin America,FMCG,Sea,2024-04-24,2024-05-15,2024-05-15,0,0.631,0.254,0.091,462.7,618.9,478.1,3227.93,0
ORD-102996,SUP-031,0.712,North America,Textiles,Road,2023-07-20,2023-07-25,2023-07-25,0,0.218,0.08,0.083,574.2,230.8,235.7,4205.56,0
ORD-102997,SUP-025,0.704,Europe,Textiles,Sea,2023-01-23,2023-02-14,2023-02-14,0,0.333,0.223,0.18,589.4,285.6,202.6,3251.9,0
ORD-102998,SUP-034,0.576,Europe,Textiles,Sea,2024-09-06,2024-09-29,2024-09-29,0,0.472,0.326,0.436,576.5,369.4,297.7,10352.26,0
ORD-102999,SUP-001,0.823,Middle East/Africa,Electronics,Rail,2024-08-12,2024-08-18,2024-08-19,1,0.216,0.157,0.06,532.1,274.3,330.0,3757.95,0
ORD-103000,SUP-020,0.762,North America,Automotive Parts,Road,2024-01-06,2024-01-10,2024-01-10,0,0.0,0.249,0.046,435.2,225.8,256.0,4112.84,0
ORD-103001,SUP-034,0.576,Europe,Automotive Parts,Road,2023-04-06,2023-04-10,2023-04-10,0,0.118,0.0,0.04,394.3,478.4,577.0,5486.85,0
ORD-103002,SUP-023,0.548,Europe,Pharma,Road,2023-12-28,2024-01-01,2024-01-01,0,0.334,0.25,0.042,379.6,436.9,529.1,1469.04,0
ORD-103003,SUP-039,0.777,Latin America,Electronics,Road,2024-03-29,2024-04-04,2024-04-04,0,0.219,0.247,0.086,331.1,443.8,433.0,8517.6,0
ORD-103004,SUP-019,0.75,Europe,Textiles,Air,2024-01-01,2024-01-06,2024-01-06,0,0.32,0.219,0.095,349.9,403.0,402.1,6149.87,0
ORD-103005,SUP-004,0.652,Middle East/Africa,Electronics,Air,2023-08-20,2023-08-25,2023-09-08,14,0.665,0.24,0.072,680.9,358.4,377.2,5933.81,1
ORD-103006,SUP-029,0.765,North America,Automotive Parts,Road,2023-06-14,2023-06-18,2023-06-19,1,0.618,0.0,0.068,318.5,383.1,360.2,1927.24,0
ORD-103007,SUP-002,0.788,Asia Pacific,Automotive Parts,Road,2024-07-16,2024-07-20,2024-07-20,0,0.66,0.177,0.055,371.3,561.8,509.6,6565.99,0
ORD-103008,SUP-020,0.762,North America,Pharma,Rail,2023-08-16,2023-08-22,2023-08-22,0,0.456,0.0,0.082,407.4,453.0,443.1,10500.79,0
ORD-103009,SUP-030,0.76,Asia Pacific,FMCG,Sea,2024-06-21,2024-07-14,2024-07-14,0,0.739,0.282,0.202,476.0,392.4,354.0,4593.46,0
ORD-103010,SUP-039,0.777,Middle East/Africa,Automotive Parts,Rail,2024-08-25,2024-09-03,2024-09-05,2,0.303,0.295,0.021,849.8,100.9,90.9,13385.53,1
ORD-103011,SUP-026,0.782,Asia Pacific,Pharma,Rail,2023-06-14,2023-06-20,2023-06-22,2,0.381,0.269,0.068,333.5,358.8,299.1,10809.56,1
ORD-103012,SUP-005,0.967,Asia Pacific,Textiles,Road,2024-04-13,2024-04-17,2024-04-17,0,0.089,0.0,0.051,570.3,498.3,452.8,3167.72,0
ORD-103013,SUP-005,0.967,Middle East/Africa,Pharma,Air,2024-04-20,2024-04-25,2024-04-26,1,0.354,0.225,0.01,330.0,403.7,523.0,1887.43,0
ORD-103014,SUP-002,0.788,Europe,Textiles,Sea,2023-03-23,2023-04-14,2023-04-14,0,0.046,0.106,0.468,319.2,472.3,420.6,3391.27,0
ORD-103015,SUP-011,0.936,Asia Pacific,Automotive Parts,Road,2024-02-04,2024-02-07,2024-02-07,0,0.494,0.111,0.021,619.2,511.8,339.7,11266.85,0
ORD-103016,SUP-004,0.652,Asia Pacific,Automotive Parts,Sea,2024-01-18,2024-02-09,2024-02-10,1,0.0,0.25,0.0,299.2,319.5,324.0,7150.51,0
ORD-103017,SUP-010,0.898,Middle East/Africa,Textiles,Road,2023-08-30,2023-09-04,2023-09-04,0,0.024,0.421,0.011,770.8,216.2,216.4,6875.29,0
ORD-103018,SUP-031,0.712,North America,Electronics,Road,2024-05-06,2024-05-12,2024-05-12,0,0.189,0.133,0.084,369.4,468.3,413.1,1202.5,0
ORD-103019,SUP-033,0.8,North America,Automotive Parts,Road,2023-06-27,2023-06-30,2023-07-04,4,0.364,0.312,0.009,656.8,409.6,431.8,8733.87,1
ORD-103020,SUP-028,0.644,Latin America,Machinery,Road,2024-04-02,2024-04-08,2024-04-09,1,0.207,0.18,0.022,401.5,517.1,601.9,7639.13,0
ORD-103021,SUP-029,0.765,Middle East/Africa,Automotive Parts,Road,2023-11-20,2023-11-23,2023-11-23,0,0.071,0.217,0.089,567.7,349.8,270.7,5604.52,0
ORD-103022,SUP-031,0.712,North America,Automotive Parts,Sea,2023-09-17,2023-10-07,2023-10-26,19,0.244,0.111,0.533,565.8,589.7,547.0,9502.75,1
ORD-103023,SUP-018,,North America,Automotive Parts,Road,2023-01-07,2023-01-12,2023-01-22,10,0.302,0.109,0.085,525.6,747.1,941.7,15152.64,1
ORD-103024,SUP-036,0.714,North America,Electronics,Air,2024-04-25,2024-04-28,2024-04-28,0,0.0,0.062,0.074,686.5,617.0,439.3,2458.35,0
ORD-103025,SUP-028,0.644,Latin America,Pharma,Sea,2023-10-30,2023-11-19,2023-11-19,0,0.154,0.029,0.147,492.3,373.6,358.8,3066.7,0
ORD-103026,SUP-030,0.76,Middle East/Africa,FMCG,Air,2024-03-17,2024-03-21,2024-03-26,5,0.285,0.313,0.089,356.7,469.4,584.6,2667.29,1
ORD-103027,SUP-031,0.712,Europe,Pharma,Road,2023-02-23,2023-02-27,2023-02-27,0,0.022,0.054,0.058,496.6,382.3,431.6,3686.37,0
ORD-103028,SUP-010,0.898,North America,Textiles,Road,2024-03-27,2024-04-02,2024-04-03,1,0.404,0.32,0.057,548.6,432.6,382.0,3393.82,0
ORD-103029,SUP-014,0.805,Middle East/Africa,Machinery,Road,2024-06-10,2024-06-14,2024-06-14,0,0.049,0.17,0.09,543.9,372.3,468.9,14100.28,0
ORD-103030,SUP-028,0.644,Latin America,Electronics,Sea,2024-08-11,2024-08-31,2024-09-01,1,0.0,0.152,0.336,310.7,421.6,418.4,5818.58,0
ORD-103031,SUP-010,0.898,North America,Automotive Parts,Road,2023-07-06,2023-07-10,2023-07-10,0,0.245,0.445,0.003,314.6,545.0,401.5,10680.89,0
ORD-103032,SUP-023,0.548,Asia Pacific,Electronics,Rail,2023-08-17,2023-08-26,2023-08-27,1,0.202,0.098,0.01,612.2,434.7,425.3,3356.68,0
ORD-103033,SUP-028,0.644,Middle East/Africa,Machinery,Road,2023-09-12,2023-09-15,2023-09-15,0,0.094,0.384,0.013,368.4,594.9,528.6,8450.64,0
ORD-103034,SUP-013,0.8,Europe,Textiles,Sea,2023-05-21,2023-06-11,2023-06-11,0,0.349,0.056,0.291,421.1,335.2,279.2,4224.36,0
ORD-103035,SUP-031,0.712,Asia Pacific,Machinery,Road,2024-03-02,2024-03-05,2024-03-08,3,0.225,0.53,0.019,693.0,698.2,767.4,7112.11,1
ORD-103036,SUP-033,0.8,Middle East/Africa,Automotive Parts,Road,2024-02-28,2024-03-03,2024-03-03,0,0.444,0.237,0.093,519.9,225.3,263.3,3041.01,0
ORD-103037,SUP-026,0.782,Europe,Textiles,Sea,2023-03-28,2023-04-18,2023-04-18,0,0.206,0.23,0.0,257.7,480.0,476.3,1910.08,0
ORD-103038,SUP-019,0.75,Asia Pacific,Electronics,Road,2023-08-15,2023-08-19,2023-08-19,0,0.246,0.173,0.044,685.5,628.5,610.9,5020.79,0
ORD-103039,SUP-026,0.782,Europe,Textiles,Road,2024-03-31,2024-04-05,2024-04-05,0,0.387,0.528,0.003,280.5,501.8,404.9,3845.62,0
ORD-103040,SUP-034,0.576,Asia Pacific,Machinery,Road,2023-12-01,2023-12-05,2023-12-05,0,0.266,0.196,0.067,354.6,482.3,487.6,3725.02,0
ORD-103041,SUP-013,0.8,Middle East/Africa,Electronics,Rail,2024-09-30,2024-10-06,2024-10-30,24,0.13,0.245,0.07,572.8,458.1,400.2,4362.6,1
ORD-103042,SUP-002,0.788,Europe,FMCG,Road,2024-03-27,2024-03-30,2024-03-30,0,0.154,0.2,0.045,307.1,526.7,444.1,12215.94,0
ORD-103043,SUP-016,0.842,Asia Pacific,FMCG,Road,2023-05-30,2023-06-04,2023-06-04,0,0.0,0.531,0.096,437.4,421.0,336.8,4487.94,0
ORD-103044,SUP-021,0.656,North America,Pharma,Road,2024-08-24,2024-08-30,2024-08-30,0,0.061,0.184,0.079,633.3,484.7,446.9,12925.48,0
ORD-103045,SUP-022,0.872,Asia Pacific,Textiles,Road,2024-01-13,2024-01-16,2024-01-17,1,0.409,0.079,0.004,460.2,202.5,219.2,2660.27,0
ORD-103046,SUP-037,0.757,North America,Electronics,Sea,2023-09-28,2023-10-20,2023-10-20,0,0.048,0.035,0.536,364.3,535.8,411.8,2121.78,0
ORD-103047,SUP-031,0.712,Asia Pacific,FMCG,Road,2023-12-11,2023-12-14,2023-12-14,0,0.265,0.241,0.079,642.5,372.0,305.6,2749.89,0
ORD-103048,SUP-040,0.607,North America,Electronics,Road,2024-04-27,2024-05-02,2024-05-02,0,0.689,0.134,0.042,354.0,572.9,641.8,10788.45,0
ORD-103049,SUP-026,0.782,North America,Automotive Parts,Road,2023-08-30,2023-09-04,2023-09-05,1,0.334,0.203,0.081,378.9,550.4,510.7,11183.65,0
ORD-103050,SUP-027,0.793,Europe,Machinery,Rail,2024-04-07,2024-04-16,2024-04-16,0,0.39,0.413,0.061,547.1,324.6,334.7,8151.5,0
ORD-103051,SUP-002,0.788,North America,Textiles,Road,2024-06-29,2024-07-03,2024-07-04,1,0.35,0.388,0.055,296.6,476.4,484.1,12009.29,0
ORD-103052,SUP-033,0.8,North America,Automotive Parts,Road,2023-02-02,2023-02-08,2023-02-08,0,0.246,0.228,0.049,639.4,599.8,614.1,3804.8,0
ORD-103053,SUP-037,0.757,Middle East/Africa,Electronics,Sea,2023-06-17,2023-07-09,2023-07-09,0,0.264,0.332,0.0,640.5,431.0,420.9,4896.49,0
ORD-103054,SUP-038,0.957,Latin America,Electronics,Road,2024-07-02,2024-07-06,2024-07-06,0,,0.013,0.085,458.7,445.9,439.9,6098.89,0
ORD-103055,SUP-001,0.823,Middle East/Africa,Textiles,Sea,2023-01-14,2023-02-04,2023-02-08,4,0.429,0.4,0.501,365.0,360.6,322.6,7868.66,1
ORD-103056,SUP-026,0.782,Asia Pacific,Machinery,Air,2024-04-17,2024-04-19,2024-04-19,0,0.11,0.0,0.068,630.5,500.3,495.7,3738.34,0
ORD-103057,SUP-022,0.872,Middle East/Africa,Pharma,Sea,2023-12-13,2024-01-05,2024-01-05,0,0.41,0.0,0.0,823.8,591.5,539.8,1724.53,0
ORD-103058,SUP-035,0.443,Latin America,Textiles,Road,2023-12-28,2024-01-02,2024-01-02,0,0.369,0.096,0.029,464.8,443.1,452.2,8082.6,0
ORD-103059,SUP-036,0.714,North America,Automotive Parts,Sea,2024-04-14,2024-05-04,2024-05-15,11,0.075,0.247,0.311,313.2,695.1,590.6,5335.31,1
ORD-103060,SUP-020,0.762,Europe,FMCG,Sea,2023-02-17,2023-03-12,2023-03-12,0,0.29,0.404,0.047,646.9,345.8,414.0,8034.41,0
ORD-103061,SUP-008,0.711,Asia Pacific,Textiles,Sea,2024-09-23,2024-10-14,2024-10-14,0,0.513,0.015,0.243,414.7,551.1,472.8,3309.7,0
ORD-103062,SUP-012,0.612,Middle East/Africa,Pharma,Rail,2024-01-06,2024-01-15,2024-01-15,0,0.173,0.138,0.058,713.5,728.1,856.8,4627.66,0
ORD-103063,SUP-026,0.782,Asia Pacific,Electronics,Road,2023-08-28,2023-08-31,2023-08-31,0,0.107,0.205,0.072,539.8,238.8,208.6,2371.37,0
ORD-103064,SUP-032,0.702,Latin America,FMCG,Sea,2024-07-17,2024-08-07,2024-08-07,0,0.136,0.139,0.249,580.6,415.4,504.9,6654.13,0
ORD-103065,SUP-036,0.714,North America,Electronics,Road,2023-10-24,2023-10-29,2023-10-31,2,0.914,0.243,0.09,362.3,517.5,452.7,1845.44,1
ORD-103066,SUP-019,0.75,Asia Pacific,Pharma,Rail,2023-01-09,2023-01-15,2023-01-17,2,0.383,0.232,0.035,488.9,461.8,508.3,4279.71,1
ORD-103067,SUP-028,0.644,North America,Automotive Parts,Rail,2024-03-17,2024-03-24,2024-03-24,0,0.233,0.183,0.059,454.5,343.6,349.4,5295.55,0
ORD-103068,SUP-007,0.877,Asia Pacific,Electronics,Rail,2024-04-05,2024-04-11,2024-04-12,1,0.283,0.338,0.05,500.5,544.5,358.6,1721.38,0
ORD-103069,SUP-027,0.793,Middle East/Africa,FMCG,Sea,2023-09-22,2023-10-14,2023-10-14,0,0.591,0.096,0.068,839.7,431.7,440.2,1379.6,0
ORD-103070,SUP-010,0.898,Europe,Textiles,Road,2024-09-08,2024-09-12,2024-09-22,10,,0.404,0.02,698.1,439.2,328.8,23875.65,1
ORD-103071,SUP-023,0.548,Asia Pacific,FMCG,Rail,2023-07-08,2023-07-17,2023-07-31,14,0.339,0.432,0.015,511.0,466.0,532.2,3333.64,1
ORD-103072,SUP-020,0.762,Europe,Textiles,Rail,2023-07-18,2023-07-26,2023-07-29,3,0.821,0.236,0.017,230.6,297.4,286.8,4903.44,1
ORD-103073,SUP-028,0.644,Europe,Machinery,Road,2024-08-20,2024-08-23,2024-08-23,0,0.187,0.22,0.066,695.7,236.3,230.2,1848.97,0
ORD-103074,SUP-002,0.788,Asia Pacific,Automotive Parts,Road,2024-05-01,2024-05-07,2024-05-07,0,0.343,0.326,0.094,448.7,409.1,447.1,3813.69,0
ORD-103075,SUP-005,0.967,Asia Pacific,Automotive Parts,Road,2023-08-10,2023-08-16,2023-08-16,0,0.159,0.03,0.067,800.4,512.0,424.7,3047.58,0
ORD-103076,SUP-008,0.711,North America,FMCG,Sea,2023-02-01,2023-02-22,2023-02-23,1,0.434,0.0,0.583,653.6,454.5,438.3,7655.46,0
ORD-103077,SUP-030,0.76,Middle East/Africa,Automotive Parts,Sea,2023-04-07,2023-04-29,2023-04-29,0,0.394,0.324,0.412,592.0,554.3,483.1,2804.68,0
ORD-103078,SUP-012,0.612,Asia Pacific,FMCG,Sea,2023-01-01,2023-01-23,2023-01-23,0,0.302,0.156,0.319,750.6,633.1,691.8,4004.97,0
ORD-103079,SUP-018,0.727,Middle East/Africa,Pharma,Road,2024-05-28,2024-06-02,2024-06-19,17,0.578,0.226,0.049,387.1,392.2,275.9,2438.75,1
ORD-103080,SUP-009,0.768,Asia Pacific,Automotive Parts,Rail,2023-09-16,2023-09-22,2023-09-22,0,0.134,0.2,0.034,51.4,431.3,498.4,2280.75,0
ORD-103081,SUP-033,0.8,Middle East/Africa,Machinery,Rail,2023-08-03,2023-08-11,2023-08-12,1,0.384,0.104,0.09,643.2,501.9,501.9,3063.14,0
ORD-103082,SUP-021,0.656,Latin America,FMCG,Road,2023-01-16,2023-01-19,2023-01-19,0,0.302,0.0,0.005,798.5,573.3,560.3,41273.92,0
ORD-103083,SUP-013,0.8,Middle East/Africa,Pharma,Sea,2023-07-23,2023-08-14,2023-08-17,3,0.224,0.449,0.595,348.6,482.7,493.1,4532.86,1
ORD-103084,SUP-012,0.612,Middle East/Africa,Textiles,Rail,2023-04-13,2023-04-19,2023-04-20,1,0.073,0.193,0.009,799.1,566.6,541.3,10212.15,0
ORD-103085,SUP-014,0.805,Europe,FMCG,Road,2023-12-07,2023-12-12,2023-12-25,13,0.215,0.556,0.06,236.2,252.4,161.4,6638.27,1
ORD-103086,SUP-038,0.957,North America,Textiles,Road,2024-05-18,2024-05-21,2024-05-21,0,0.155,0.224,0.052,632.3,427.2,416.4,3421.21,0
ORD-103087,SUP-028,0.644,Middle East/Africa,Electronics,Road,2023-12-18,2023-12-24,2023-12-24,0,0.419,0.123,0.021,609.4,419.7,505.9,3621.69,0
ORD-103088,SUP-008,0.711,North America,Automotive Parts,Rail,2023-04-12,2023-04-18,2023-04-18,0,0.316,0.102,0.04,477.0,360.3,331.5,2063.24,0
ORD-103089,SUP-023,0.548,Latin America,FMCG,Road,2024-02-22,2024-02-25,2024-02-25,0,0.646,0.38,0.043,408.7,517.6,612.2,3870.62,0
ORD-103090,SUP-004,0.652,North America,Machinery,Road,2024-04-15,2024-04-20,2024-04-20,0,0.05,0.143,0.057,686.8,339.2,340.2,10864.7,0
ORD-103091,SUP-005,0.967,Latin America,Pharma,Sea,2023-09-14,2023-10-06,2023-10-09,3,0.121,0.245,0.0,241.0,355.8,377.5,3169.93,1
ORD-103092,SUP-009,0.768,Europe,Textiles,Sea,2023-09-18,2023-10-08,2023-10-17,9,0.537,0.043,0.54,786.6,244.2,269.4,9919.06,1
ORD-103093,SUP-035,0.443,Europe,Textiles,Road,2024-09-23,2024-09-26,2024-09-26,0,0.34,0.465,0.073,584.8,541.8,658.8,7472.81,0
ORD-103094,SUP-023,0.548,Europe,Automotive Parts,Road,2023-05-15,2023-05-18,2023-05-18,0,0.231,0.441,0.038,543.9,418.5,341.2,6782.73,0
ORD-103095,SUP-033,0.8,Asia Pacific,Electronics,Rail,2023-09-18,2023-09-27,2023-09-27,0,0.278,0.0,0.092,748.5,536.4,537.2,3716.81,0
ORD-103096,SUP-010,0.898,Europe,Automotive Parts,Air,2024-05-12,2024-05-16,2024-05-17,1,0.261,0.173,0.023,492.1,528.3,620.6,1811.73,0
ORD-103097,SUP-031,0.712,Middle East/Africa,Machinery,Air,2024-08-19,2024-08-24,2024-08-25,1,0.493,0.339,0.096,832.6,517.8,500.5,5988.84,0
ORD-103098,SUP-029,0.765,Middle East/Africa,Machinery,Sea,2024-03-24,2024-04-14,2024-04-27,13,0.0,0.14,0.0,474.1,550.4,443.2,7487.11,1
ORD-103099,SUP-015,0.574,Latin America,Electronics,Sea,2024-01-09,2024-02-01,2024-02-01,0,0.535,0.204,0.128,697.9,421.4,410.8,2981.05,0
ORD-103100,SUP-030,0.76,Latin America,Automotive Parts,Road,2023-08-13,2023-08-16,2023-08-17,1,0.427,0.162,0.028,357.0,458.0,453.0,6827.63,0
ORD-103101,SUP-006,0.63,North America,Machinery,Air,2023-11-11,2023-11-13,2023-11-21,8,0.426,0.24,0.087,709.0,585.8,589.7,2193.98,1
ORD-103102,SUP-014,0.805,Latin America,Electronics,Sea,2024-08-22,2024-09-13,2024-09-13,0,0.385,0.33,0.465,572.2,242.4,181.9,10139.6,0
ORD-103103,SUP-021,0.656,Asia Pacific,Pharma,Road,2023-05-13,2023-05-17,2023-05-17,0,0.27,0.187,0.076,440.3,319.4,362.3,5920.42,0
ORD-103104,SUP-029,0.765,Europe,Pharma,Sea,2023-09-24,2023-10-16,2023-10-19,3,0.0,0.518,0.422,679.3,388.6,384.0,6440.4,1
ORD-103105,SUP-003,0.783,Middle East/Africa,Pharma,Road,2023-08-04,2023-08-09,2023-08-09,0,0.379,0.1,0.016,534.6,329.1,429.2,1723.0,0
ORD-103106,SUP-012,0.612,Middle East/Africa,Machinery,Rail,2023-05-04,2023-05-10,2023-05-17,7,0.565,0.484,0.038,606.8,442.1,263.2,4829.1,1
ORD-103107,SUP-004,0.652,Middle East/Africa,Machinery,Sea,2024-01-07,2024-01-27,2024-01-27,0,0.133,0.308,0.46,248.5,419.0,385.2,3576.48,0
ORD-103108,SUP-018,0.727,Middle East/Africa,Pharma,Rail,2024-07-29,2024-08-04,2024-08-09,5,0.021,0.233,0.057,390.1,416.8,455.8,1999.31,1
ORD-103109,SUP-032,0.702,North America,Textiles,Road,2023-04-28,2023-05-01,2023-05-01,0,0.4,0.056,0.001,531.5,614.0,738.0,2891.47,0
ORD-103110,SUP-025,0.704,North America,Textiles,Sea,2023-03-02,2023-03-22,2023-03-23,1,0.389,0.0,0.03,419.6,549.6,560.4,4344.4,0
ORD-103111,SUP-010,0.898,Europe,FMCG,Rail,2024-03-21,2024-03-30,2024-03-30,0,0.274,0.137,0.098,467.2,325.8,280.0,5440.97,0
ORD-103112,SUP-034,0.576,Europe,FMCG,Road,2023-01-06,2023-01-12,2023-01-12,0,0.39,0.004,0.055,687.0,490.4,607.4,7495.78,0
ORD-103113,SUP-014,0.805,Asia Pacific,Machinery,Sea,2024-02-03,2024-02-25,2024-02-25,0,0.101,0.352,0.26,725.8,434.7,340.5,2191.04,0
ORD-103114,SUP-036,0.714,Latin America,Machinery,Sea,2024-09-20,2024-10-13,2024-10-13,0,0.515,0.103,0.555,524.9,586.5,560.9,2968.44,0
ORD-103115,SUP-030,0.76,Latin America,Textiles,Road,2023-08-21,2023-08-26,2023-08-26,0,0.459,0.186,0.082,313.2,397.1,436.8,9857.22,0
ORD-103116,SUP-024,0.818,Middle East/Africa,Pharma,Road,2023-10-08,2023-10-14,2023-10-25,11,0.254,0.074,0.058,623.1,263.1,222.7,4030.12,1
ORD-103117,SUP-015,0.574,Latin America,Machinery,Rail,2024-01-26,2024-02-04,2024-02-10,6,0.592,0.282,0.031,495.3,626.2,584.3,1949.95,1
ORD-103118,SUP-009,0.768,Latin America,Automotive Parts,Road,2024-08-26,2024-09-01,2024-09-03,2,0.404,0.0,0.067,640.2,240.7,258.6,8053.58,1
ORD-103119,SUP-036,0.714,Middle East/Africa,FMCG,Road,2024-05-22,2024-05-26,2024-05-29,3,0.217,0.376,0.091,461.9,562.1,502.9,4231.89,1
ORD-103120,SUP-020,0.762,North America,Machinery,Road,2023-10-18,2023-10-22,2023-10-22,0,0.0,0.319,0.004,525.0,371.4,413.8,10109.1,0
ORD-103121,SUP-024,0.818,Asia Pacific,Pharma,Road,2023-12-11,2023-12-16,2023-12-16,0,0.306,0.08,0.032,621.7,455.9,427.4,7097.1,0
ORD-103122,SUP-017,0.619,Middle East/Africa,FMCG,Rail,2023-12-17,2023-12-25,2024-01-02,8,0.313,0.189,0.097,709.1,312.6,284.8,5081.43,1
ORD-103123,SUP-002,0.788,North America,Textiles,Air,2024-05-18,2024-05-22,2024-05-22,0,0.0,0.15,0.001,666.4,254.6,208.0,7609.76,0
ORD-103124,SUP-039,0.777,Europe,Pharma,Road,2024-01-30,2024-02-03,2024-02-03,0,0.146,0.335,0.09,684.1,339.0,290.3,6675.74,0
ORD-103125,SUP-009,0.768,Europe,Automotive Parts,Sea,2023-12-25,2024-01-15,2024-01-26,11,0.284,0.591,0.636,501.4,427.2,472.1,5717.07,1
ORD-103126,SUP-001,0.823,Asia Pacific,FMCG,Road,2024-04-28,2024-05-03,2024-05-03,0,0.125,0.008,0.068,522.4,541.1,536.3,7527.42,0
ORD-103127,SUP-019,0.75,Middle East/Africa,Machinery,Sea,2024-07-07,2024-07-29,2024-07-29,0,0.411,0.0,0.078,141.7,481.1,594.7,5162.96,0
ORD-103128,SUP-006,0.63,Asia Pacific,Pharma,Air,2024-07-06,2024-07-10,2024-07-17,7,0.69,0.223,0.025,485.8,159.4,201.0,3530.42,1
ORD-103129,SUP-021,0.656,Europe,Machinery,Air,2024-02-29,2024-03-03,2024-03-03,0,0.411,0.439,0.027,408.7,381.8,430.5,3882.67,0
ORD-103130,SUP-010,0.898,Asia Pacific,Textiles,Air,2023-05-18,2023-05-23,2023-05-23,0,0.118,0.272,0.045,618.7,401.8,332.0,1793.32,0
ORD-103131,SUP-020,0.762,Middle East/Africa,Pharma,Road,2023-01-01,2023-01-06,2023-01-14,8,0.224,0.274,0.04,560.9,597.7,559.0,9756.27,1
ORD-103132,SUP-030,0.76,Latin America,Machinery,Sea,2023-07-01,2023-07-24,2023-07-24,0,0.413,0.44,0.172,488.1,474.9,416.0,1393.88,0
ORD-103133,SUP-039,0.777,Europe,Textiles,Sea,2024-05-29,2024-06-19,2024-06-22,3,0.604,0.389,0.416,547.6,588.2,410.8,2842.29,1
ORD-103134,SUP-025,0.704,Asia Pacific,Automotive Parts,Road,2024-05-01,2024-05-04,2024-05-04,0,0.439,0.194,0.066,388.5,420.3,429.8,7090.12,0
ORD-103135,SUP-040,0.607,Europe,Machinery,Rail,2024-02-08,2024-02-14,2024-02-14,0,0.54,0.382,0.012,608.9,406.2,347.5,2732.63,0
ORD-103136,SUP-027,0.793,North America,Electronics,Road,2023-06-07,2023-06-11,2023-06-11,0,0.299,0.0,0.003,551.0,445.2,492.5,7273.95,0
ORD-103137,SUP-005,0.967,Asia Pacific,Machinery,Sea,2024-09-24,2024-10-17,2024-10-17,0,0.089,0.052,0.071,296.2,194.5,130.0,4766.13,0
ORD-103138,SUP-007,0.877,Europe,FMCG,Sea,2023-09-16,2023-10-08,2023-10-08,0,0.184,0.057,0.67,560.0,388.8,496.9,5233.89,0
ORD-103139,SUP-016,0.842,Latin America,Automotive Parts,Sea,2023-09-05,2023-09-25,2023-10-06,11,0.468,0.166,0.362,546.6,480.6,624.5,2088.13,1
ORD-103140,SUP-034,0.576,Asia Pacific,Textiles,Rail,2023-03-12,2023-03-20,2023-03-20,0,0.372,0.34,0.001,398.3,248.4,206.5,10781.05,0
ORD-103141,SUP-003,0.783,Asia Pacific,Pharma,Rail,2023-12-06,2023-12-14,2023-12-30,16,0.547,0.395,0.057,469.2,592.7,644.1,4435.32,1
ORD-103142,SUP-017,0.619,Latin America,Textiles,Sea,2023-11-01,2023-11-24,2023-11-26,2,0.124,0.069,0.154,300.7,380.0,420.7,2183.95,0
ORD-103143,SUP-036,0.714,Europe,Machinery,Road,2024-06-09,2024-06-13,2024-06-13,0,0.196,0.146,0.026,455.3,593.9,525.8,3295.97,0
ORD-103144,SUP-018,0.727,Middle East/Africa,Pharma,Road,2023-02-16,2023-02-21,2023-02-21,0,0.4,0.004,0.018,348.6,438.3,357.5,8257.87,0
ORD-103145,SUP-005,0.967,Middle East/Africa,Automotive Parts,Road,2023-06-11,2023-06-17,2023-06-17,0,0.405,0.323,0.011,579.3,489.2,424.5,8407.5,0
ORD-103146,SUP-015,0.574,Middle East/Africa,Machinery,Road,2023-01-28,2023-02-03,2023-02-03,0,0.31,0.16,0.07,511.0,514.3,545.3,14978.15,0
ORD-103147,SUP-007,0.877,Latin America,Textiles,Sea,2023-02-13,2023-03-05,2023-03-05,0,0.812,0.352,0.166,562.4,252.8,255.9,2214.34,0
ORD-103148,SUP-035,0.443,Middle East/Africa,Machinery,Road,2023-08-29,2023-09-01,2023-09-02,1,0.263,0.366,0.0,588.7,493.5,279.2,1753.12,0
ORD-103149,SUP-015,0.574,Middle East/Africa,Textiles,Road,2023-11-22,2023-11-25,2023-11-25,0,0.0,0.414,0.088,393.1,324.8,327.5,7118.08,0
ORD-103150,SUP-017,0.619,Asia Pacific,Textiles,Road,2024-06-02,2024-06-07,2024-06-07,0,0.163,0.0,0.04,796.1,358.7,399.0,4071.49,0
ORD-103151,SUP-031,0.712,North America,Pharma,Sea,2024-08-06,2024-08-27,2024-08-27,0,0.011,0.195,0.53,638.0,280.1,304.3,8463.16,0
ORD-103152,SUP-023,0.548,Latin America,Machinery,Rail,2023-07-06,2023-07-12,2023-07-12,0,0.396,0.374,0.076,713.0,329.3,363.7,6387.45,0
ORD-103153,SUP-004,0.652,Europe,Electronics,Road,2024-08-21,2024-08-24,2024-08-24,0,0.304,0.086,0.01,354.9,517.6,563.1,11782.84,0
ORD-103154,SUP-039,0.777,Middle East/Africa,Machinery,Road,2023-07-07,2023-07-13,2023-07-13,0,0.84,0.233,0.034,634.6,426.5,501.8,1540.83,0
ORD-103155,SUP-026,0.782,Asia Pacific,Machinery,Road,2024-07-07,2024-07-11,2024-07-11,0,0.367,0.397,0.085,422.0,518.1,396.5,6933.18,0
ORD-103156,SUP-037,0.757,Europe,Machinery,Sea,2023-09-11,2023-10-03,2023-10-03,0,0.042,0.567,0.058,451.7,485.8,446.5,5298.94,0
ORD-103157,SUP-006,0.63,Asia Pacific,Machinery,Sea,2023-11-04,2023-11-27,2023-11-27,0,0.539,0.176,0.364,496.0,406.3,482.5,5986.66,0
ORD-103158,SUP-029,0.765,Middle East/Africa,Textiles,Sea,2023-02-11,2023-03-04,2023-03-04,0,0.655,0.601,0.078,321.0,515.4,495.1,6629.29,0
ORD-103159,SUP-015,0.574,Middle East/Africa,Pharma,Road,2024-05-07,2024-05-11,2024-05-14,3,0.177,0.422,0.078,448.2,455.6,469.7,17579.78,1
ORD-103160,SUP-005,0.967,Middle East/Africa,Textiles,Sea,2023-01-13,2023-02-03,2023-02-04,1,0.23,0.22,0.015,296.2,177.4,176.9,4486.2,1
ORD-103161,SUP-015,0.574,North America,Textiles,Road,2024-09-13,2024-09-17,2024-09-17,0,0.551,0.0,0.048,536.8,426.9,414.3,5077.44,0
ORD-103162,SUP-031,0.712,Latin America,Electronics,Road,2023-07-22,2023-07-26,2023-07-27,1,0.417,0.068,0.07,593.4,483.8,507.6,1076.64,0
ORD-103163,SUP-007,0.877,Middle East/Africa,Electronics,Road,2023-11-27,2023-11-30,2023-12-16,16,0.218,0.541,0.066,530.4,405.7,360.0,3561.92,1
ORD-103164,SUP-021,0.656,Asia Pacific,Automotive Parts,Road,2024-05-23,2024-05-28,2024-05-29,1,0.343,0.25,0.071,686.0,481.0,445.5,9809.55,0
ORD-103165,SUP-004,0.652,North America,Pharma,Sea,2023-05-12,2023-06-01,2023-06-01,0,0.637,0.147,0.013,720.9,346.8,320.4,5903.02,0
ORD-103166,SUP-012,0.612,Middle East/Africa,FMCG,Rail,2024-02-08,2024-02-14,2024-02-15,1,0.107,0.092,0.096,593.2,566.5,588.0,8025.0,0
ORD-103167,SUP-015,0.574,Latin America,Automotive Parts,Road,2023-08-12,2023-08-16,2023-08-16,0,0.426,0.108,0.081,348.2,494.1,422.3,10292.67,0
ORD-103168,SUP-009,0.768,North America,FMCG,Road,2023-06-13,2023-06-18,2023-06-18,0,0.329,0.219,0.073,315.1,369.9,356.4,11948.22,0
ORD-103169,SUP-032,0.702,Latin America,Machinery,Road,2023-11-06,2023-11-09,2023-11-09,0,0.003,0.046,0.024,451.3,620.6,682.3,2304.41,0
ORD-103170,SUP-016,0.842,Europe,Textiles,Rail,2023-02-05,2023-02-14,2023-02-14,0,0.617,0.408,0.057,674.8,549.1,653.7,6228.43,0
ORD-103171,SUP-007,0.877,Latin America,Pharma,Road,2024-05-30,2024-06-02,2024-06-02,0,0.31,0.27,0.096,565.5,490.7,410.7,4880.83,0
ORD-103172,SUP-009,0.768,Europe,Automotive Parts,Road,2023-01-01,2023-01-04,2023-01-04,0,0.42,0.125,0.055,626.6,464.8,472.8,7245.47,0
ORD-103173,SUP-010,0.898,North America,Automotive Parts,Rail,2023-08-26,2023-09-04,2023-09-04,0,0.277,0.297,0.014,637.9,451.4,362.5,6705.49,0
ORD-103174,SUP-026,0.782,Latin America,Electronics,Road,2023-04-15,2023-04-19,2023-04-19,0,0.28,0.405,0.086,800.2,406.7,379.3,13817.5,0
ORD-103175,SUP-018,0.727,Asia Pacific,Automotive Parts,Road,2023-04-13,2023-04-18,2023-04-18,0,0.0,0.349,0.037,498.8,575.3,547.5,8401.59,0
ORD-103176,SUP-030,0.76,North America,Textiles,Road,2024-06-22,2024-06-27,2024-06-29,2,0.519,0.175,0.049,659.8,138.6,144.9,4669.85,1
ORD-103177,SUP-038,0.957,Asia Pacific,Electronics,Sea,2024-06-22,2024-07-15,2024-07-16,1,0.309,0.104,0.268,481.9,421.3,393.0,5056.31,0
ORD-103178,SUP-003,0.783,Middle East/Africa,Textiles,Sea,2024-06-13,2024-07-05,2024-07-05,0,0.23,0.372,0.371,677.8,568.9,469.0,6186.3,0
ORD-103179,SUP-037,0.757,Asia Pacific,Pharma,Rail,2024-02-22,2024-03-02,2024-03-08,6,0.498,0.173,0.07,508.1,467.3,521.7,2087.34,1
ORD-103180,SUP-023,0.548,North America,Machinery,Road,2023-11-05,2023-11-10,2023-11-12,2,0.479,0.078,0.058,382.5,285.3,219.9,3882.72,1
ORD-103181,SUP-021,0.656,Middle East/Africa,Automotive Parts,Road,2023-07-02,2023-07-08,2023-07-17,9,0.387,0.607,0.012,384.7,433.4,464.7,3706.22,1
ORD-103182,SUP-010,0.898,Middle East/Africa,Machinery,Road,2024-05-04,2024-05-08,2024-05-08,0,0.129,0.378,0.064,593.3,428.3,354.5,3184.89,0
ORD-103183,SUP-024,0.818,Europe,Automotive Parts,Air,2023-08-31,2023-09-02,2023-09-02,0,0.245,0.0,0.034,265.3,519.1,535.8,6899.95,0
ORD-103184,SUP-016,0.842,Middle East/Africa,Machinery,Air,2024-07-15,2024-07-17,2024-07-17,0,0.159,0.122,0.08,463.3,290.5,295.8,1293.2,0
ORD-103185,SUP-003,0.783,Latin America,Textiles,Rail,2024-05-20,2024-05-26,2024-05-26,0,0.306,0.503,0.043,578.9,507.2,500.8,6682.17,0
ORD-103186,SUP-033,0.8,Latin America,Machinery,Sea,2024-09-14,2024-10-04,2024-10-13,9,0.358,0.39,0.206,351.5,534.5,504.1,10496.11,1
ORD-103187,SUP-032,0.702,North America,Electronics,Sea,2024-04-08,2024-04-29,2024-04-29,0,0.295,0.0,0.559,446.2,507.3,423.1,1918.93,0
ORD-103188,SUP-025,0.704,Latin America,Automotive Parts,Road,2023-11-13,2023-11-18,2023-11-22,4,0.55,0.285,0.079,328.1,444.1,404.1,6877.21,1
ORD-103189,SUP-010,0.898,Asia Pacific,Textiles,Road,2023-01-15,2023-01-21,2023-01-21,0,0.607,0.221,0.074,588.7,186.4,186.8,6136.19,0
ORD-103190,SUP-014,0.805,Middle East/Africa,Electronics,Rail,2023-10-24,2023-11-01,2023-11-12,11,0.585,0.061,0.099,614.4,429.3,495.6,6616.93,1
ORD-103191,SUP-015,0.574,Asia Pacific,Automotive Parts,Road,2024-02-07,2024-02-12,2024-02-12,0,0.041,0.047,0.028,655.5,610.1,669.0,3082.25,0
ORD-103192,SUP-007,0.877,Middle East/Africa,Automotive Parts,Sea,2023-07-06,2023-07-28,2023-07-28,0,0.195,0.131,0.506,424.8,440.6,411.6,4393.0,0
ORD-103193,SUP-001,0.823,Europe,Pharma,Sea,2023-08-26,2023-09-16,2023-09-16,0,0.025,0.068,0.335,347.5,306.7,281.1,4267.67,0
ORD-103194,SUP-033,0.8,Latin America,Automotive Parts,Rail,2023-03-14,2023-03-22,2023-03-23,1,0.118,0.438,0.012,494.7,365.7,430.8,2131.16,0
ORD-103195,SUP-034,0.576,Europe,Electronics,Rail,2024-08-13,2024-08-21,2024-08-21,0,0.175,0.29,0.056,637.1,447.6,429.9,3935.84,0
ORD-103196,SUP-028,0.644,Asia Pacific,FMCG,Rail,2023-11-24,2023-12-03,2023-12-10,7,0.253,0.127,0.001,769.2,340.9,302.4,2248.88,1
ORD-103197,SUP-014,0.805,Asia Pacific,Electronics,Air,2023-12-12,2023-12-16,2023-12-16,0,0.142,0.178,0.023,403.1,603.6,655.6,3147.59,0
ORD-103198,SUP-037,0.757,Middle East/Africa,FMCG,Rail,2024-02-12,2024-02-19,2024-02-19,0,0.432,0.0,0.086,432.5,364.0,411.3,11559.12,0
ORD-103199,SUP-012,,Latin America,FMCG,Rail,2023-09-25,2023-10-01,2023-10-07,6,0.168,0.159,0.082,508.7,296.0,355.0,13663.05,1
ORD-103200,SUP-012,0.612,Middle East/Africa,Textiles,Rail,2024-01-22,2024-01-28,2024-01-28,0,0.432,0.385,0.067,652.0,633.3,414.1,8615.68,0
ORD-103201,SUP-038,0.957,Latin America,Automotive Parts,Road,2023-12-04,2023-12-08,2023-12-08,0,0.162,0.469,0.039,576.9,368.7,355.5,2725.48,0
ORD-103202,SUP-038,0.957,Latin America,Pharma,Rail,2023-04-10,2023-04-18,2023-04-18,0,0.121,0.208,0.007,503.2,486.4,541.7,4744.64,0
ORD-103203,SUP-011,0.936,Latin America,Pharma,Road,2024-08-12,2024-08-15,2024-08-15,0,0.308,0.221,0.056,425.1,745.3,760.3,1324.79,0
ORD-103204,SUP-039,0.777,Middle East/Africa,Textiles,Road,2024-07-15,2024-07-19,2024-07-19,0,0.59,0.0,0.086,774.0,466.2,490.1,5308.74,0
ORD-103205,SUP-036,0.714,Europe,FMCG,Road,2023-07-21,2023-07-26,2023-07-26,0,0.243,0.221,0.005,761.2,502.4,579.2,11811.85,0
ORD-103206,SUP-026,0.782,Europe,Electronics,Sea,2023-10-21,2023-11-13,2023-11-13,0,0.401,0.265,0.243,515.5,405.7,491.1,1224.18,0
ORD-103207,SUP-015,0.574,Asia Pacific,Machinery,Road,2023-09-28,2023-10-02,2023-10-02,0,0.28,0.22,0.067,426.1,487.2,465.4,4999.98,0
ORD-103208,SUP-038,0.957,Latin America,Machinery,Sea,2024-03-10,2024-04-01,2024-04-01,0,0.641,0.244,0.373,448.0,427.0,318.9,3346.94,0
ORD-103209,SUP-003,0.783,North America,Pharma,Rail,2023-01-17,2023-01-25,2023-02-03,9,0.041,0.291,0.097,502.4,576.2,617.1,15244.16,1
ORD-103210,SUP-033,0.8,Latin America,Pharma,Road,2023-09-10,2023-09-14,2023-09-14,0,0.107,0.196,0.009,468.9,362.1,315.8,3587.65,0
ORD-103211,SUP-038,0.957,Latin America,Electronics,Rail,2023-12-15,2023-12-24,2023-12-24,0,0.58,0.368,0.099,746.5,298.4,294.7,3587.93,0
ORD-103212,SUP-016,0.842,Middle East/Africa,Automotive Parts,Rail,2023-08-18,2023-08-24,2023-08-24,0,0.34,0.238,0.051,618.7,568.3,574.4,5241.52,0
ORD-103213,SUP-010,0.898,Middle East/Africa,Pharma,Rail,2024-06-15,2024-06-23,2024-06-25,2,,0.241,0.064,334.3,453.6,496.1,5322.51,1
ORD-103214,SUP-024,0.818,Asia Pacific,Machinery,Road,2024-07-18,2024-07-21,2024-07-21,0,0.18,0.155,0.011,649.0,436.5,430.9,12289.11,0
ORD-103215,SUP-039,0.777,Asia Pacific,Machinery,Rail,2023-10-31,2023-11-09,2023-11-11,2,0.509,0.217,0.03,520.2,325.6,225.0,7589.63,1
ORD-103216,SUP-027,0.793,Middle East/Africa,FMCG,Sea,2024-05-31,2024-06-22,2024-06-22,0,0.222,0.386,0.574,123.2,212.4,177.7,16278.46,0
ORD-103217,SUP-039,0.777,Middle East/Africa,Machinery,Road,2024-03-11,2024-03-17,2024-03-19,2,0.0,0.264,0.082,466.3,362.6,444.8,2291.06,0
ORD-103218,SUP-009,0.768,Middle East/Africa,Pharma,Road,2023-03-06,2023-03-11,2023-03-11,0,0.548,0.04,0.041,581.9,467.4,166.2,13071.25,0
ORD-103219,SUP-012,0.612,Middle East/Africa,Automotive Parts,Rail,2024-02-26,2024-03-05,2024-03-05,0,0.226,0.322,0.031,361.3,597.9,734.3,5640.65,0
ORD-103220,SUP-040,0.607,Asia Pacific,Automotive Parts,Sea,2024-07-25,2024-08-16,2024-08-16,0,0.234,0.321,0.264,718.4,337.5,382.7,5709.45,0
ORD-103221,SUP-009,0.768,Europe,Automotive Parts,Road,2024-06-13,2024-06-16,2024-06-16,0,0.214,0.305,0.093,631.5,398.7,315.2,4544.9,0
ORD-103222,SUP-034,0.576,Latin America,FMCG,Sea,2024-03-09,2024-03-30,2024-03-31,1,0.051,0.211,0.24,740.0,320.6,306.1,5041.67,0
ORD-103223,SUP-029,0.765,North America,Pharma,Road,2023-05-04,2023-05-10,2023-05-11,1,0.33,0.253,0.015,157.9,204.2,199.6,10130.05,0
ORD-103224,SUP-028,0.644,Middle East/Africa,Pharma,Sea,2024-02-06,2024-02-28,2024-02-28,0,0.0,0.296,0.102,464.9,458.1,456.4,1304.74,0
ORD-103225,SUP-022,0.872,Middle East/Africa,Textiles,Road,2023-01-22,2023-01-28,2023-01-28,0,0.252,0.239,0.096,618.7,221.6,169.1,4934.26,0
ORD-103226,SUP-015,0.574,Asia Pacific,Automotive Parts,Air,2023-03-24,2023-03-28,2023-03-28,0,0.231,0.183,0.041,701.0,502.3,470.0,2700.83,0
ORD-103227,SUP-017,0.619,North America,Machinery,Road,2023-06-05,2023-06-10,2023-06-10,0,0.344,0.095,0.094,452.6,479.4,526.6,5445.27,0
ORD-103228,SUP-036,0.714,Asia Pacific,Pharma,Road,2024-06-13,2024-06-19,2024-06-20,1,0.359,0.174,0.063,624.1,586.6,595.4,4701.51,0
ORD-103229,SUP-006,0.63,Europe,Electronics,Road,2024-02-27,2024-03-02,2024-03-02,0,0.224,0.261,0.046,568.2,421.5,510.1,4166.71,0
ORD-103230,SUP-019,0.75,Europe,Electronics,Road,2023-05-19,2023-05-23,2023-05-23,0,0.492,0.387,0.032,237.0,308.1,333.2,2973.37,0
ORD-103231,SUP-019,0.75,Middle East/Africa,Electronics,Road,2023-04-14,2023-04-20,2023-04-20,0,0.631,0.19,0.022,270.1,389.6,390.2,10577.72,0
ORD-103232,SUP-006,0.63,Latin America,Textiles,Rail,2024-08-15,2024-08-24,2024-08-24,0,0.235,0.234,0.063,667.0,406.2,423.1,5990.9,0
ORD-103233,SUP-040,0.607,Latin America,Machinery,Road,2023-07-17,2023-07-21,2023-07-21,0,0.017,0.112,0.028,405.9,355.0,340.5,3856.75,0
ORD-103234,SUP-039,0.777,Latin America,Electronics,Sea,2023-06-28,2023-07-18,2023-07-18,0,0.447,0.076,0.034,587.7,533.9,445.3,11043.71,0
ORD-103235,SUP-029,0.765,Latin America,Electronics,Road,2024-04-21,2024-04-26,2024-04-26,0,0.141,0.081,0.0,643.4,431.9,468.5,10331.16,0
ORD-103236,SUP-008,0.711,Europe,FMCG,Sea,2024-06-09,2024-06-30,2024-07-04,4,0.543,0.066,0.034,425.2,472.2,480.4,4648.53,1
ORD-103237,SUP-010,0.898,Latin America,Textiles,Road,2024-01-21,2024-01-24,2024-01-24,0,0.151,0.066,0.022,515.4,624.5,622.8,2410.13,0
ORD-103238,SUP-022,0.872,Europe,FMCG,Rail,2023-06-15,2023-06-22,2023-06-23,1,0.44,0.3,0.076,437.7,344.1,366.2,8673.32,0
ORD-103239,SUP-022,0.872,Asia Pacific,Electronics,Sea,2024-01-18,2024-02-10,2024-02-10,0,0.397,0.333,0.256,684.4,436.9,566.8,2388.7,0
ORD-103240,SUP-010,0.898,Latin America,Textiles,Road,2023-06-22,2023-06-28,2023-06-28,0,0.137,0.243,0.082,301.3,469.6,433.2,7675.88,0
ORD-103241,SUP-011,0.936,Middle East/Africa,Machinery,Sea,2023-08-15,2023-09-04,2023-09-04,0,0.327,0.263,0.483,592.1,388.3,388.9,13687.77,0
ORD-103242,SUP-011,0.936,Asia Pacific,Machinery,Road,2023-10-14,2023-10-19,2023-10-19,0,0.11,0.173,0.017,637.0,610.7,624.1,1659.95,0
ORD-103243,SUP-018,0.727,Middle East/Africa,Machinery,Sea,2024-05-16,2024-06-05,2024-06-05,0,0.301,0.349,0.412,409.7,730.4,708.0,8222.01,0
ORD-103244,SUP-024,0.818,Asia Pacific,Automotive Parts,Road,2024-03-04,2024-03-10,2024-03-20,10,0.382,0.475,0.041,524.4,460.7,584.7,7636.56,1
ORD-103245,SUP-019,0.75,North America,Textiles,Sea,2023-03-18,2023-04-09,2023-04-25,16,0.359,0.379,0.186,621.5,652.2,825.6,6283.38,1
ORD-103246,SUP-003,0.783,Middle East/Africa,Machinery,Road,2024-03-01,2024-03-06,2024-03-08,2,0.387,0.071,0.059,563.1,379.1,402.1,2673.87,1
ORD-103247,SUP-033,0.8,Latin America,FMCG,Road,2023-10-14,2023-10-20,2023-10-20,0,0.076,0.311,0.052,465.2,210.3,214.9,7789.51,0
ORD-103248,SUP-007,0.877,Middle East/Africa,Textiles,Road,2023-08-22,2023-08-27,2023-09-03,7,0.094,0.37,0.081,546.1,467.9,447.4,5655.88,1
ORD-103249,SUP-028,0.644,North America,Textiles,Road,2024-03-16,2024-03-20,2024-03-20,0,0.411,0.15,0.033,605.5,340.4,357.3,5373.5,0
ORD-103250,SUP-005,0.967,Europe,Electronics,Road,2024-04-18,2024-04-24,2024-04-24,0,0.536,0.049,0.058,593.4,383.3,422.7,6647.86,0
ORD-103251,SUP-030,0.76,Middle East/Africa,Automotive Parts,Road,2024-04-13,2024-04-18,2024-04-23,5,0.537,0.186,0.005,746.1,377.5,325.0,5015.54,1
ORD-103252,SUP-035,0.443,Middle East/Africa,Machinery,Sea,2024-09-22,2024-10-13,2024-10-13,0,0.152,0.125,0.096,271.6,578.1,753.9,7565.55,0
ORD-103253,SUP-005,0.967,Asia Pacific,Automotive Parts,Road,2024-09-23,2024-09-26,2024-09-26,0,0.071,0.231,0.059,625.0,506.6,579.0,2721.63,0
ORD-103254,SUP-018,0.727,Asia Pacific,Pharma,Rail,2024-04-12,2024-04-19,2024-04-19,0,0.282,0.243,0.004,533.5,401.5,319.1,3286.78,0
ORD-103255,SUP-024,0.818,Europe,Automotive Parts,Sea,2024-08-11,2024-08-31,2024-08-31,0,0.456,0.422,0.313,283.6,219.6,220.1,2644.96,0
ORD-103256,SUP-031,0.712,Asia Pacific,Pharma,Sea,2023-07-28,2023-08-19,2023-08-26,7,0.343,0.176,0.13,557.2,329.1,379.3,3613.06,1
ORD-103257,SUP-001,0.823,Latin America,Electronics,Road,2023-02-19,2023-02-23,2023-02-28,5,0.426,0.217,0.006,617.8,384.3,365.6,9364.54,1
ORD-103258,SUP-032,0.702,Asia Pacific,Automotive Parts,Road,2023-11-10,2023-11-14,2023-11-14,0,0.31,0.204,0.075,431.5,377.3,364.4,5250.74,0
ORD-103259,SUP-023,0.548,Europe,Pharma,Sea,2023-02-21,2023-03-15,2023-03-15,0,,0.38,0.091,784.1,354.4,376.1,3261.18,0
ORD-103260,SUP-021,0.656,Asia Pacific,Automotive Parts,Road,2023-02-26,2023-03-01,2023-03-01,0,0.231,0.0,0.006,509.6,510.0,553.2,5472.0,0
ORD-103261,SUP-030,0.76,Asia Pacific,Machinery,Air,2023-01-13,2023-01-18,2023-01-18,0,0.286,0.286,0.03,480.8,399.1,292.8,2499.56,0
ORD-103262,SUP-037,0.757,Latin America,Textiles,Road,2023-05-15,2023-05-18,2023-05-18,0,0.27,0.155,0.03,474.8,459.7,402.9,3913.09,0
ORD-103263,SUP-023,0.548,North America,Machinery,Rail,2023-06-29,2023-07-07,2023-07-09,2,0.405,0.413,0.046,180.8,358.4,301.6,3926.84,0
ORD-103264,SUP-018,0.727,North America,Machinery,Sea,2023-10-28,2023-11-20,2023-11-20,0,0.554,0.139,0.49,736.8,487.6,546.9,5383.44,0
ORD-103265,SUP-003,0.783,Asia Pacific,Textiles,Road,2023-04-10,2023-04-15,2023-04-15,0,0.464,0.106,0.0,678.6,266.0,334.1,3087.84,0
ORD-103266,SUP-018,0.727,Asia Pacific,Electronics,Rail,2024-06-13,2024-06-20,2024-06-21,1,0.0,0.268,0.074,436.6,426.0,415.4,8106.51,1
ORD-103267,SUP-033,0.8,North America,Automotive Parts,Air,2023-01-02,2023-01-06,2023-01-06,0,0.308,0.134,0.049,194.0,452.9,423.6,8175.72,0
ORD-103268,SUP-032,0.702,Asia Pacific,Pharma,Sea,2023-12-22,2024-01-12,2024-01-12,0,0.181,0.134,0.09,253.0,404.9,491.5,14174.54,0
ORD-103269,SUP-037,0.757,Europe,Automotive Parts,Road,2023-02-23,2023-03-01,2023-03-04,3,0.0,0.41,0.09,487.4,382.4,423.4,4255.1,1
ORD-103270,SUP-033,0.8,Europe,Pharma,Road,2024-07-09,2024-07-12,2024-07-12,0,0.541,0.056,0.044,483.2,471.9,440.7,9072.52,0
ORD-103271,SUP-038,0.957,Asia Pacific,Machinery,Rail,2023-10-19,2023-10-28,2023-10-28,0,0.459,0.131,0.008,533.1,578.6,668.3,3270.16,0
ORD-103272,SUP-031,0.712,Asia Pacific,FMCG,Rail,2023-06-12,2023-06-21,2023-06-22,1,0.457,0.498,0.061,540.9,317.3,235.0,5098.45,0
ORD-103273,SUP-011,0.936,Asia Pacific,Automotive Parts,Sea,2024-08-06,2024-08-27,2024-08-27,0,0.043,0.082,0.255,202.0,668.1,804.3,5336.79,0
ORD-103274,SUP-010,0.898,Asia Pacific,FMCG,Rail,2024-01-17,2024-01-23,2024-01-23,0,0.379,0.0,0.099,368.5,364.5,399.9,2666.61,0
ORD-103275,SUP-020,0.762,Europe,Automotive Parts,Rail,2024-05-04,2024-05-13,2024-05-13,0,0.016,0.088,0.029,586.0,405.8,417.6,5565.75,0
ORD-103276,SUP-030,0.76,Asia Pacific,Textiles,Sea,2023-09-03,2023-09-24,2023-09-25,1,0.65,0.211,0.218,635.6,450.9,468.1,2227.46,0
ORD-103277,SUP-032,0.702,Europe,Automotive Parts,Road,2024-09-30,2024-10-05,2024-10-05,0,0.435,0.224,0.03,548.3,450.2,495.5,7214.41,0
ORD-103278,SUP-003,0.783,Latin America,FMCG,Road,2023-03-04,2023-03-07,2023-03-08,1,0.384,0.405,0.065,723.0,480.3,460.1,8536.27,0
ORD-103279,SUP-003,0.783,Middle East/Africa,Electronics,Road,2023-01-07,2023-01-10,2023-01-10,0,0.197,0.427,0.057,615.4,346.4,340.0,2197.14,0
ORD-103280,SUP-034,0.576,Middle East/Africa,FMCG,Sea,2023-02-01,2023-02-23,2023-02-24,1,0.715,0.218,0.394,575.7,159.4,149.8,3212.5,0
ORD-103281,SUP-032,0.702,Latin America,Textiles,Rail,2024-02-01,2024-02-07,2024-02-10,3,0.223,0.311,0.075,539.5,583.5,439.1,3342.79,1
ORD-103282,SUP-027,0.793,Europe,Pharma,Road,2023-04-23,2023-04-27,2023-04-28,1,0.324,0.058,0.014,744.7,336.4,270.5,4327.02,1
ORD-103283,SUP-005,0.967,Middle East/Africa,Automotive Parts,Road,2023-03-13,2023-03-17,2023-03-17,0,0.071,0.33,0.023,594.8,450.3,441.6,8397.35,0
ORD-103284,SUP-026,0.782,Europe,FMCG,Air,2023-09-09,2023-09-11,2023-09-12,1,0.202,0.028,0.023,514.5,641.7,586.5,16701.72,0
ORD-103285,SUP-005,,North America,Automotive Parts,Road,2024-04-05,2024-04-10,2024-04-22,12,0.0,0.263,0.003,586.5,671.1,725.4,10882.67,1
ORD-103286,SUP-028,0.644,Latin America,Textiles,Air,2024-05-05,2024-05-09,2024-05-12,3,0.373,0.092,0.038,752.9,498.7,464.7,5752.07,1
ORD-103287,SUP-039,0.777,Asia Pacific,Machinery,Air,2024-09-29,2024-10-03,2024-10-03,0,0.134,0.092,0.025,514.7,464.8,469.0,2917.73,0
ORD-103288,SUP-026,0.782,North America,Textiles,Road,2024-08-26,2024-08-31,2024-09-19,19,0.358,0.279,0.084,506.0,396.5,418.0,6160.09,1
ORD-103289,SUP-022,0.872,Asia Pacific,Machinery,Air,2023-10-05,2023-10-07,2023-10-07,0,0.042,0.0,0.051,425.7,378.7,462.6,3448.66,0
ORD-103290,SUP-006,0.63,Middle East/Africa,FMCG,Sea,2024-01-05,2024-01-28,2024-02-08,11,0.248,0.046,0.658,636.0,498.0,485.6,4817.29,1
ORD-103291,SUP-017,0.619,Europe,Automotive Parts,Rail,2024-05-31,2024-06-09,2024-06-09,0,0.184,0.154,0.001,393.6,489.8,463.0,9843.55,0
ORD-103292,SUP-028,0.644,North America,Machinery,Road,2023-07-16,2023-07-22,2023-07-22,0,0.029,0.17,0.016,737.0,466.9,429.0,2308.77,0
ORD-103293,SUP-031,0.712,Europe,FMCG,Sea,2024-05-26,2024-06-15,2024-06-15,0,0.354,0.096,0.039,637.4,573.4,591.2,2280.14,0
ORD-103294,SUP-036,0.714,Europe,Textiles,Sea,2024-06-30,2024-07-20,2024-07-20,0,0.645,0.151,0.136,385.9,339.0,364.0,10506.88,0
ORD-103295,SUP-036,0.714,Asia Pacific,Automotive Parts,Air,2023-01-04,2023-01-08,2023-01-08,0,0.392,0.375,0.081,445.2,400.5,352.4,2951.06,0
ORD-103296,SUP-016,0.842,North America,Machinery,Air,2024-09-10,2024-09-12,2024-09-12,0,0.241,0.22,0.05,331.0,412.1,396.9,5499.18,0
ORD-103297,SUP-010,0.898,Latin America,FMCG,Road,2024-04-13,2024-04-18,2024-05-09,21,0.583,0.427,0.079,476.0,372.6,420.5,5919.29,1
ORD-103298,SUP-002,0.788,Latin America,Pharma,Road,2023-09-29,2023-10-04,2023-10-10,6,0.302,0.106,0.073,598.0,257.2,251.6,2136.47,1
ORD-103299,SUP-020,0.762,Middle East/Africa,Textiles,Rail,2024-01-14,2024-01-21,2024-02-06,16,0.444,0.299,0.062,475.3,560.3,454.3,12201.57,1
ORD-103300,SUP-020,0.762,Middle East/Africa,Machinery,Road,2023-09-28,2023-10-04,2023-10-04,0,0.298,0.112,0.018,412.5,442.4,449.3,5900.0,0
ORD-103301,SUP-017,0.619,Middle East/Africa,Automotive Parts,Road,2023-11-16,2023-11-21,2023-11-21,0,0.581,0.252,0.099,723.7,541.1,578.7,4456.9,0
ORD-103302,SUP-005,0.967,Asia Pacific,Automotive Parts,Rail,2024-06-16,2024-06-22,2024-06-22,0,0.174,0.339,0.087,381.9,483.5,314.5,7556.73,0
ORD-103303,SUP-015,0.574,Latin America,FMCG,Sea,2023-11-27,2023-12-20,2023-12-20,0,0.227,0.438,0.228,365.1,567.2,505.8,12104.39,0
ORD-103304,SUP-026,0.782,Europe,Machinery,Road,2024-05-04,2024-05-09,2024-05-09,0,0.184,0.028,0.094,257.2,268.9,309.6,7046.44,0
ORD-103305,SUP-017,0.619,North America,Textiles,Road,2023-05-01,2023-05-05,2023-05-05,0,0.217,0.518,0.026,600.0,279.3,289.7,3567.97,0
ORD-103306,SUP-019,0.75,Asia Pacific,Pharma,Sea,2023-08-06,2023-08-27,2023-09-10,14,0.003,0.244,0.295,709.1,399.1,405.6,8848.37,1
ORD-103307,SUP-001,0.823,Asia Pacific,Automotive Parts,Rail,2023-10-27,2023-11-05,2023-11-05,0,0.179,0.02,0.025,709.4,606.0,668.1,10832.34,0
ORD-103308,SUP-006,0.63,Latin America,Automotive Parts,Road,2024-03-22,2024-03-28,2024-04-02,5,0.301,0.315,0.007,499.3,467.1,457.5,12978.64,1
ORD-103309,SUP-017,0.619,Latin America,Pharma,Air,2024-06-15,2024-06-18,2024-06-18,0,0.285,0.329,0.057,395.9,318.6,281.2,7921.67,0
ORD-103310,SUP-006,0.63,Latin America,Machinery,Road,2023-08-11,2023-08-17,2023-08-17,0,0.412,0.046,0.039,620.8,493.1,522.6,2023.68,0
ORD-103311,SUP-024,0.818,Asia Pacific,Automotive Parts,Air,2024-03-01,2024-03-04,2024-03-05,1,0.157,0.185,0.074,441.1,548.0,492.9,2756.71,0
ORD-103312,SUP-001,0.823,Latin America,Pharma,Rail,2023-04-26,2023-05-05,2023-05-14,9,0.257,0.053,0.056,388.4,241.4,212.7,4449.89,1
ORD-103313,SUP-002,0.788,North America,Automotive Parts,Road,2024-02-19,2024-02-24,2024-02-24,0,0.147,0.126,0.005,431.2,491.2,499.5,3025.76,0
ORD-103314,SUP-011,0.936,Asia Pacific,Automotive Parts,Road,2024-03-19,2024-03-25,2024-03-26,1,0.153,0.12,0.076,479.2,553.8,529.9,4735.56,0
ORD-103315,SUP-015,0.574,Asia Pacific,Machinery,Rail,2024-06-21,2024-06-28,2024-06-28,0,0.055,0.292,0.019,402.1,436.1,342.6,2955.4,0
ORD-103316,SUP-003,0.783,Middle East/Africa,Machinery,Road,2023-06-25,2023-06-30,2023-07-03,3,0.303,0.152,0.0,500.3,546.6,523.2,5174.63,1
ORD-103317,SUP-019,0.75,Latin America,Electronics,Rail,2024-06-26,2024-07-05,2024-07-12,7,0.213,0.225,0.027,599.6,480.2,509.6,6925.12,1
ORD-103318,SUP-038,0.957,Europe,Machinery,Sea,2024-08-16,2024-09-07,2024-09-08,1,0.253,0.0,0.126,523.5,506.2,493.7,4222.24,0
ORD-103319,SUP-035,0.443,Europe,Textiles,Road,2023-04-08,2023-04-12,2023-04-14,2,0.349,0.721,0.007,590.8,481.2,389.8,4726.21,1
ORD-103320,SUP-010,0.898,Middle East/Africa,Electronics,Sea,2024-06-17,2024-07-07,2024-07-08,1,0.343,0.287,0.307,410.2,398.7,427.1,4364.44,0
ORD-103321,SUP-014,0.805,North America,Textiles,Road,2023-06-13,2023-06-18,2023-06-18,0,0.274,0.0,0.013,572.4,635.5,738.9,2510.53,0
ORD-103322,SUP-038,0.957,Asia Pacific,Automotive Parts,Sea,2023-10-30,2023-11-21,2023-11-21,0,0.341,0.067,0.268,687.7,425.3,343.2,9007.85,0
ORD-103323,SUP-029,,Asia Pacific,FMCG,Sea,2024-09-16,2024-10-07,2024-10-07,0,0.196,0.173,0.309,341.9,545.8,577.7,6981.56,0
ORD-103324,SUP-015,0.574,Asia Pacific,Electronics,Road,2024-05-09,2024-05-15,2024-05-16,1,,0.0,0.011,902.7,543.8,581.5,1109.96,0
ORD-103325,SUP-010,0.898,North America,Automotive Parts,Road,2024-07-08,2024-07-13,2024-07-13,0,0.102,0.386,0.086,345.7,392.5,378.1,2593.42,0
ORD-103326,SUP-011,0.936,Latin America,Machinery,Road,2024-03-11,2024-03-15,2024-03-16,1,0.65,0.292,0.054,396.1,475.9,400.2,5321.86,0
ORD-103327,SUP-039,0.777,Europe,Machinery,Road,2023-09-05,2023-09-10,2023-09-24,14,0.513,0.101,0.012,303.4,746.4,802.4,3700.91,1
ORD-103328,SUP-025,0.704,Asia Pacific,FMCG,Rail,2023-03-10,2023-03-19,2023-03-19,0,0.293,0.0,0.024,682.2,518.7,371.2,4216.09,0
ORD-103329,SUP-038,0.957,Middle East/Africa,Electronics,Sea,2023-11-17,2023-12-09,2023-12-10,1,0.317,0.248,0.241,571.2,424.0,473.2,5283.8,0
ORD-103330,SUP-027,0.793,Latin America,Electronics,Road,2023-03-18,2023-03-21,2023-03-21,0,0.354,0.347,0.075,248.5,620.2,725.0,4546.99,0
ORD-103331,SUP-026,0.782,North America,Electronics,Rail,2024-08-26,2024-09-01,2024-09-02,1,0.04,0.007,0.049,358.3,391.9,360.7,4810.6,0
ORD-103332,SUP-011,0.936,Latin America,Machinery,Road,2023-09-11,2023-09-15,2023-09-16,1,0.2,0.356,0.021,434.1,322.4,266.1,3611.54,0
ORD-103333,SUP-005,0.967,Middle East/Africa,Electronics,Sea,2024-06-26,2024-07-16,2024-07-16,0,0.627,0.202,0.207,531.6,310.1,320.4,4524.14,0
ORD-103334,SUP-021,0.656,Asia Pacific,Textiles,Road,2023-01-20,2023-01-26,2023-01-26,0,0.317,0.278,0.01,302.6,367.8,369.9,6833.67,0
ORD-103335,SUP-030,0.76,Asia Pacific,Automotive Parts,Road,2024-01-23,2024-01-26,2024-02-02,7,0.337,0.174,0.085,288.1,341.3,256.2,7160.11,1
ORD-103336,SUP-007,0.877,Middle East/Africa,Automotive Parts,Sea,2023-06-08,2023-06-30,2023-07-01,1,0.66,0.0,0.526,485.3,492.6,464.2,1762.64,0
ORD-103337,SUP-022,0.872,Middle East/Africa,FMCG,Road,2024-04-05,2024-04-10,2024-04-10,0,0.025,0.011,0.025,697.4,426.9,415.9,1651.87,0
ORD-103338,SUP-015,0.574,Middle East/Africa,FMCG,Air,2024-04-19,2024-04-23,2024-04-23,0,0.24,0.081,0.026,540.3,265.9,202.9,9588.72,0
ORD-103339,SUP-024,0.818,Asia Pacific,Machinery,Air,2023-11-18,2023-11-21,2023-11-21,0,0.707,0.216,0.029,596.7,584.5,514.1,4644.16,0
ORD-103340,SUP-002,0.788,Latin America,FMCG,Air,2024-01-29,2024-02-02,2024-02-02,0,0.173,0.241,0.077,686.0,529.4,622.3,6016.77,0
ORD-103341,SUP-033,0.8,Middle East/Africa,FMCG,Rail,2023-09-14,2023-09-22,2023-09-23,1,0.648,0.205,0.058,200.3,533.4,448.1,6748.19,0
ORD-103342,SUP-034,0.576,North America,Automotive Parts,Road,2023-11-05,2023-11-09,2023-11-15,6,0.247,0.202,0.062,375.3,519.4,340.7,2262.5,1
ORD-103343,SUP-008,0.711,Middle East/Africa,Automotive Parts,Air,2024-09-15,2024-09-20,2024-09-20,0,0.245,0.242,0.083,340.7,303.7,313.8,5445.3,0
ORD-103344,SUP-019,0.75,North America,Textiles,Road,2024-07-17,2024-07-21,2024-07-21,0,0.448,0.0,0.016,466.2,307.1,272.4,7308.77,0
ORD-103345,SUP-015,0.574,Asia Pacific,Pharma,Road,2023-02-22,2023-02-27,2023-02-27,0,0.0,0.102,0.048,412.1,390.4,463.4,6802.25,0
ORD-103346,SUP-030,,North America,Electronics,Road,2023-09-24,2023-09-30,2023-10-01,1,0.295,0.0,0.1,490.4,408.4,448.8,4031.47,0
ORD-103347,SUP-008,0.711,Middle East/Africa,Textiles,Sea,2024-06-27,2024-07-20,2024-07-20,0,0.69,0.228,0.201,0.0,234.6,200.2,4320.05,0
ORD-103348,SUP-040,0.607,Middle East/Africa,Textiles,Road,2023-01-14,2023-01-17,2023-01-17,0,0.302,0.222,0.06,658.3,361.0,348.0,2809.93,0
ORD-103349,SUP-022,0.872,Latin America,Electronics,Sea,2023-10-12,2023-11-02,2023-11-02,0,0.034,0.0,0.308,513.4,514.1,293.8,1853.92,0
ORD-103350,SUP-018,0.727,Europe,Machinery,Road,2023-11-24,2023-11-30,2023-11-30,0,0.414,0.0,0.036,425.8,531.7,535.2,11970.65,0
ORD-103351,SUP-032,0.702,Asia Pacific,Electronics,Road,2024-09-27,2024-10-02,2024-10-02,0,0.433,0.215,0.075,475.8,533.9,590.4,7003.49,0
ORD-103352,SUP-010,0.898,Asia Pacific,Electronics,Sea,2023-04-22,2023-05-14,2023-05-14,0,,0.0,0.0,476.7,350.0,325.7,5423.38,0
ORD-103353,SUP-018,0.727,Asia Pacific,FMCG,Sea,2024-05-13,2024-06-02,2024-06-02,0,0.332,0.116,0.247,557.1,521.9,512.8,3697.57,0
ORD-103354,SUP-023,0.548,Latin America,Electronics,Road,2024-07-20,2024-07-23,2024-07-23,0,0.331,0.278,0.066,323.3,474.0,439.5,2391.35,0
ORD-103355,SUP-003,0.783,Asia Pacific,Pharma,Road,2024-03-05,2024-03-11,2024-03-11,0,0.692,0.13,0.094,441.5,454.3,479.1,2319.23,0
ORD-103356,SUP-025,0.704,North America,Machinery,Air,2023-01-28,2023-02-01,2023-02-01,0,0.32,0.117,0.064,266.1,279.8,305.1,6034.05,0
ORD-103357,SUP-008,0.711,Europe,FMCG,Road,2024-03-21,2024-03-27,2024-03-28,1,0.171,0.133,0.052,434.5,229.9,244.3,9925.3,0
ORD-103358,SUP-016,0.842,Middle East/Africa,FMCG,Road,2024-05-04,2024-05-08,2024-05-22,14,0.226,0.247,0.028,294.2,472.6,403.9,20704.26,1
ORD-103359,SUP-013,0.8,Europe,Machinery,Road,2023-08-22,2023-08-26,2023-08-26,0,0.387,0.0,0.072,212.5,544.1,461.0,1825.95,0
ORD-103360,SUP-028,0.644,Latin America,Pharma,Road,2024-08-22,2024-08-28,2024-09-15,18,0.402,0.337,0.021,499.4,408.5,385.3,6371.94,1
ORD-103361,SUP-029,0.765,North America,Automotive Parts,Road,2024-09-10,2024-09-13,2024-09-13,0,0.0,0.067,0.093,474.0,485.8,504.8,5159.46,0
ORD-103362,SUP-003,0.783,Latin America,Pharma,Sea,2024-06-14,2024-07-07,2024-07-12,5,0.236,0.405,0.547,468.1,489.3,455.7,4471.76,1
ORD-103363,SUP-003,0.783,North America,Electronics,Sea,2023-03-30,2023-04-21,2023-04-21,0,0.286,0.335,0.275,411.2,371.6,341.7,10030.35,0
ORD-103364,SUP-038,0.957,Latin America,FMCG,Road,2023-05-02,2023-05-05,2023-05-07,2,0.366,0.285,0.057,648.4,301.8,327.5,3201.3,0
ORD-103365,SUP-032,0.702,Middle East/Africa,Pharma,Road,2024-04-10,2024-04-13,2024-04-14,1,0.164,0.205,0.052,505.6,406.0,221.1,4620.12,0
ORD-103366,SUP-032,0.702,Asia Pacific,Electronics,Road,2023-07-29,2023-08-03,2023-08-18,15,0.202,0.219,0.034,652.7,573.9,710.1,1828.78,1
ORD-103367,SUP-015,0.574,Middle East/Africa,Automotive Parts,Sea,2023-06-27,2023-07-18,2023-07-27,9,0.0,0.189,0.0,347.2,490.2,434.9,8351.81,1
ORD-103368,SUP-026,0.782,Asia Pacific,FMCG,Road,2024-03-24,2024-03-29,2024-03-29,0,0.061,0.227,0.047,505.8,608.1,573.4,2612.03,0
ORD-103369,SUP-020,0.762,Middle East/Africa,Electronics,Road,2024-02-10,2024-02-14,2024-02-14,0,0.623,0.0,0.081,490.0,234.2,246.0,4351.47,0
ORD-103370,SUP-012,0.612,Asia Pacific,Automotive Parts,Sea,2023-07-05,2023-07-28,2023-08-01,4,0.582,0.0,0.202,437.4,486.1,427.6,2682.2,1
ORD-103371,SUP-014,0.805,Latin America,Pharma,Sea,2023-09-25,2023-10-16,2023-10-16,0,0.255,0.18,0.461,174.0,530.8,560.4,5837.51,0
ORD-103372,SUP-036,0.714,Europe,Automotive Parts,Sea,2024-07-10,2024-07-31,2024-07-31,0,0.605,0.316,0.193,579.7,483.8,534.7,2996.86,0
ORD-103373,SUP-022,0.872,Middle East/Africa,FMCG,Air,2024-03-26,2024-03-30,2024-03-30,0,0.237,0.086,0.055,493.5,560.8,579.2,4705.32,0
ORD-103374,SUP-035,0.443,Middle East/Africa,Textiles,Road,2024-07-26,2024-07-29,2024-08-05,7,0.288,0.048,0.089,563.3,620.8,365.9,20202.89,1
ORD-103375,SUP-020,0.762,Middle East/Africa,Automotive Parts,Road,2023-11-27,2023-12-02,2023-12-09,7,0.646,0.331,0.059,430.2,510.9,505.3,4494.35,1
ORD-103376,SUP-032,0.702,Middle East/Africa,Pharma,Sea,2024-05-28,2024-06-19,2024-06-19,0,0.139,0.088,0.15,577.7,326.5,262.4,7385.93,0
ORD-103377,SUP-030,0.76,North America,Machinery,Road,2023-04-07,2023-04-13,2023-04-19,6,0.474,0.177,0.075,539.2,537.5,492.5,2153.51,1
ORD-103378,SUP-004,0.652,Europe,Pharma,Rail,2023-10-21,2023-10-29,2023-11-11,13,0.434,0.608,0.056,554.4,671.9,707.2,17092.55,1
ORD-103379,SUP-022,0.872,Europe,Electronics,Sea,2024-05-11,2024-05-31,2024-05-31,0,0.094,0.177,0.0,343.5,461.9,502.6,6112.43,0
ORD-103380,SUP-038,0.957,North America,Electronics,Sea,2023-10-16,2023-11-05,2023-11-05,0,0.244,0.0,0.225,672.9,262.9,245.8,3311.87,0
ORD-103381,SUP-035,0.443,Asia Pacific,Electronics,Road,2023-01-04,2023-01-09,2023-01-20,11,0.487,0.181,0.091,399.4,116.6,85.1,3684.38,1
ORD-103382,SUP-021,0.656,Europe,Electronics,Road,2024-05-13,2024-05-18,2024-05-18,0,0.453,0.315,0.053,420.3,351.7,258.6,4144.54,0
ORD-103383,SUP-024,0.818,Latin America,Textiles,Air,2023-09-16,2023-09-21,2023-09-22,1,0.113,0.233,0.066,259.2,615.6,563.2,8052.17,0
ORD-103384,SUP-009,0.768,North America,Pharma,Rail,2024-01-07,2024-01-14,2024-01-14,0,0.554,0.346,0.062,404.5,593.3,768.3,5603.98,0
ORD-103385,SUP-031,0.712,Middle East/Africa,Machinery,Rail,2024-01-24,2024-01-31,2024-01-31,0,0.622,0.311,0.087,421.2,495.2,424.7,3944.29,0
ORD-103386,SUP-026,0.782,Middle East/Africa,Automotive Parts,Road,2024-07-17,2024-07-21,2024-07-28,7,0.129,0.262,0.031,377.9,545.4,622.5,1529.02,1
ORD-103387,SUP-005,0.967,Latin America,Electronics,Road,2023-01-18,2023-01-24,2023-01-29,5,0.155,0.404,0.063,915.1,399.4,321.6,3877.95,1
ORD-103388,SUP-023,0.548,Latin America,Automotive Parts,Road,2023-03-27,2023-04-02,2023-04-02,0,0.301,0.364,0.054,301.2,429.3,438.1,5729.68,0
ORD-103389,SUP-030,0.76,Asia Pacific,FMCG,Road,2023-10-03,2023-10-08,2023-10-08,0,0.298,0.056,0.038,497.9,426.7,552.5,3856.79,0
ORD-103390,SUP-025,0.704,Asia Pacific,Electronics,Road,2023-11-02,2023-11-07,2023-11-07,0,0.483,0.541,0.045,419.4,609.8,663.5,1492.18,0
ORD-103391,SUP-016,0.842,Middle East/Africa,Pharma,Road,2024-04-10,2024-04-13,2024-04-13,0,0.211,0.1,0.021,476.1,462.9,466.4,7501.11,0
ORD-103392,SUP-034,0.576,Latin America,FMCG,Rail,2023-04-20,2023-04-26,2023-04-26,0,0.299,0.135,0.027,365.8,451.2,460.6,1248.96,0
ORD-103393,SUP-022,0.872,Europe,Textiles,Sea,2024-05-04,2024-05-26,2024-05-26,0,0.148,0.0,0.19,495.2,453.8,525.1,2460.49,0
ORD-103394,SUP-013,0.8,North America,Pharma,Road,2024-03-07,2024-03-10,2024-03-10,0,0.0,0.385,0.042,383.6,617.1,589.2,3337.77,0
ORD-103395,SUP-016,0.842,Europe,Electronics,Sea,2024-08-08,2024-08-30,2024-08-30,0,0.052,0.326,0.216,459.5,382.0,242.5,3500.72,0
ORD-103396,SUP-013,0.8,Middle East/Africa,Electronics,Sea,2023-08-01,2023-08-23,2023-09-04,12,0.0,0.547,0.309,508.6,340.7,356.1,3408.16,1
ORD-103397,SUP-016,0.842,North America,Machinery,Rail,2023-10-17,2023-10-26,2023-10-26,0,0.253,0.076,0.039,515.3,575.2,526.8,3836.07,0
ORD-103398,SUP-014,0.805,Latin America,Pharma,Sea,2023-12-08,2023-12-28,2023-12-28,0,0.336,0.243,0.382,255.7,400.8,370.6,8729.87,0
ORD-103399,SUP-017,0.619,North America,Pharma,Rail,2023-09-29,2023-10-07,2023-10-11,4,0.146,0.282,0.084,619.7,205.7,173.5,3741.7,1
ORD-103400,SUP-011,0.936,North America,FMCG,Sea,2024-08-15,2024-09-05,2024-09-05,0,0.0,0.464,0.138,389.7,404.2,378.3,5973.83,0
ORD-103401,SUP-007,0.877,Latin America,Automotive Parts,Road,2023-07-19,2023-07-23,2023-07-23,0,0.221,0.11,0.087,547.8,267.4,311.2,5380.84,0
ORD-103402,SUP-014,0.805,Middle East/Africa,Automotive Parts,Sea,2024-09-09,2024-09-29,2024-09-29,0,0.349,0.333,0.0,457.4,555.2,545.3,4718.41,0
ORD-103403,SUP-031,0.712,Asia Pacific,Electronics,Sea,2024-04-24,2024-05-14,2024-05-14,0,0.119,0.411,0.415,333.7,503.8,488.1,5913.39,0
ORD-103404,SUP-036,0.714,Asia Pacific,Textiles,Rail,2023-11-30,2023-12-08,2023-12-08,0,0.06,0.139,0.046,543.5,576.3,600.3,2222.86,0
ORD-103405,SUP-024,0.818,North America,Automotive Parts,Road,2023-07-30,2023-08-02,2023-08-02,0,0.335,0.305,0.076,277.4,474.2,485.6,2718.24,0
ORD-103406,SUP-013,0.8,Europe,Machinery,Road,2023-02-24,2023-02-28,2023-02-28,0,0.521,0.231,0.094,493.0,394.5,402.3,5058.84,0
ORD-103407,SUP-030,0.76,Europe,Textiles,Sea,2024-03-19,2024-04-11,2024-04-11,0,0.287,0.177,0.517,307.9,684.0,851.7,3455.4,0
ORD-103408,SUP-007,,Europe,Electronics,Sea,2023-07-03,2023-07-23,2023-07-24,1,0.281,0.0,0.388,586.6,294.6,243.1,14658.87,0
ORD-103409,SUP-001,0.823,North America,Machinery,Sea,2023-04-09,2023-05-01,2023-05-01,0,0.115,0.307,0.394,581.8,484.0,453.2,12114.93,0
ORD-103410,SUP-007,0.877,North America,Automotive Parts,Sea,2024-03-18,2024-04-08,2024-04-08,0,0.0,0.281,0.139,605.1,381.8,345.6,2232.63,0
ORD-103411,SUP-010,0.898,Latin America,Textiles,Sea,2024-07-16,2024-08-07,2024-08-07,0,0.246,0.271,0.25,385.1,274.1,241.3,4430.89,0
ORD-103412,SUP-006,0.63,Europe,Machinery,Sea,2023-04-19,2023-05-10,2023-05-10,0,0.731,0.264,0.545,304.5,485.0,522.3,3884.65,0
ORD-103413,SUP-002,0.788,Asia Pacific,Pharma,Road,2023-09-13,2023-09-19,2023-09-19,0,0.526,0.0,0.043,751.3,369.2,360.7,3072.22,0
ORD-103414,SUP-040,0.607,North America,FMCG,Road,2024-09-01,2024-09-04,2024-09-04,0,0.363,0.0,0.057,636.3,140.2,106.8,14102.28,0
ORD-103415,SUP-032,0.702,Europe,Textiles,Sea,2024-03-14,2024-04-06,2024-04-06,0,0.13,0.205,0.007,519.4,629.4,507.9,7508.16,0
ORD-103416,SUP-036,0.714,North America,Textiles,Road,2024-07-13,2024-07-18,2024-07-19,1,0.396,0.377,0.078,405.9,426.4,332.9,2461.8,0
ORD-103417,SUP-032,0.702,North America,Pharma,Sea,2023-02-13,2023-03-07,2023-03-07,0,0.29,0.0,0.018,517.9,283.2,318.7,3803.29,0
ORD-103418,SUP-005,0.967,Asia Pacific,Pharma,Road,2024-05-18,2024-05-22,2024-05-22,0,0.272,0.0,0.022,374.9,293.4,419.3,8722.15,0
ORD-103419,SUP-040,0.607,Europe,Automotive Parts,Air,2023-01-07,2023-01-12,2023-01-12,0,0.355,0.278,0.054,486.0,375.1,458.3,4862.22,0
ORD-103420,SUP-017,0.619,Middle East/Africa,Machinery,Road,2024-06-13,2024-06-16,2024-06-17,1,0.457,0.274,0.086,618.8,370.3,319.4,9287.98,1
ORD-103421,SUP-013,0.8,Asia Pacific,Pharma,Road,2023-02-22,2023-02-27,2023-02-27,0,0.573,0.407,0.04,529.6,506.6,527.8,2799.52,0
ORD-103422,SUP-038,0.957,Latin America,Pharma,Rail,2024-07-31,2024-08-09,2024-08-09,0,0.261,0.106,0.077,687.4,649.5,734.2,4743.72,0
ORD-103423,SUP-027,0.793,Latin America,Machinery,Sea,2024-03-12,2024-04-02,2024-04-02,0,0.13,0.396,0.168,494.2,472.3,636.2,7276.85,0
ORD-103424,SUP-032,0.702,North America,Textiles,Sea,2023-04-19,2023-05-12,2023-05-22,10,0.491,0.402,0.0,633.4,372.8,285.6,4738.25,1
ORD-103425,SUP-031,0.712,Latin America,Electronics,Air,2023-08-02,2023-08-04,2023-08-04,0,0.662,0.0,0.1,582.4,565.1,467.8,10263.18,0
ORD-103426,SUP-015,0.574,Middle East/Africa,Electronics,Air,2024-07-21,2024-07-24,2024-07-25,1,0.043,0.216,0.072,586.4,262.1,254.9,17049.83,0
ORD-103427,SUP-034,0.576,Asia Pacific,Pharma,Rail,2024-01-08,2024-01-14,2024-01-14,0,0.07,0.138,0.068,416.3,776.5,607.0,9658.99,0
ORD-103428,SUP-019,0.75,North America,Textiles,Road,2024-01-23,2024-01-26,2024-01-26,0,0.107,0.173,0.074,280.2,556.7,462.6,3900.52,0
ORD-103429,SUP-016,0.842,North America,Pharma,Sea,2024-04-08,2024-05-01,2024-05-02,1,0.285,0.091,0.0,544.8,549.8,671.9,4757.59,0
ORD-103430,SUP-017,0.619,Europe,Pharma,Rail,2023-12-07,2023-12-16,2023-12-16,0,0.35,0.075,0.073,555.5,222.5,205.0,3617.55,0
ORD-103431,SUP-023,0.548,Europe,Electronics,Road,2023-12-27,2024-01-02,2024-01-03,1,0.157,0.294,0.035,538.2,426.6,413.0,2636.35,0
ORD-103432,SUP-023,0.548,Europe,Automotive Parts,Sea,2024-02-12,2024-03-05,2024-03-11,6,0.616,0.372,0.375,296.3,347.2,341.0,14074.5,1
ORD-103433,SUP-018,0.727,Middle East/Africa,Textiles,Road,2024-04-04,2024-04-08,2024-04-08,0,0.095,0.012,0.04,737.9,340.7,269.6,4134.85,0
ORD-103434,SUP-025,0.704,Middle East/Africa,Pharma,Sea,2023-11-22,2023-12-13,2023-12-13,0,0.332,0.203,0.327,414.8,387.3,395.8,1077.73,0
ORD-103435,SUP-028,0.644,Middle East/Africa,Automotive Parts,Rail,2024-03-24,2024-03-31,2024-03-31,0,0.0,0.208,0.067,511.0,356.2,251.2,2638.3,0
ORD-103436,SUP-037,0.757,Asia Pacific,Machinery,Road,2024-06-19,2024-06-23,2024-07-01,8,0.39,0.449,0.061,498.0,731.8,826.6,2149.45,1
ORD-103437,SUP-040,0.607,Asia Pacific,Pharma,Rail,2024-03-11,2024-03-19,2024-03-22,3,0.094,0.0,0.08,508.1,376.3,408.0,2238.77,1
ORD-103438,SUP-033,0.8,Latin America,Textiles,Rail,2023-07-31,2023-08-06,2023-08-06,0,0.435,0.057,0.031,571.5,385.8,428.5,5948.15,0
ORD-103439,SUP-023,0.548,Asia Pacific,Automotive Parts,Sea,2024-06-10,2024-07-02,2024-07-05,3,0.635,0.406,0.094,827.6,471.9,501.0,14089.14,1
ORD-103440,SUP-017,0.619,Latin America,Pharma,Road,2023-07-15,2023-07-18,2023-07-23,5,0.368,0.078,0.035,605.5,461.0,387.6,1858.49,1
ORD-103441,SUP-014,0.805,Asia Pacific,Electronics,Sea,2023-05-15,2023-06-05,2023-06-13,8,0.495,0.329,0.305,771.3,330.6,242.7,12631.55,1
ORD-103442,SUP-018,0.727,Latin America,Automotive Parts,Road,2024-07-25,2024-07-29,2024-07-30,1,0.434,0.208,0.041,67.9,559.2,436.3,4852.11,0
ORD-103443,SUP-032,0.702,Asia Pacific,Textiles,Road,2023-12-19,2023-12-25,2023-12-25,0,0.656,0.262,0.047,649.7,388.5,395.2,2198.02,0
ORD-103444,SUP-008,0.711,Latin America,FMCG,Road,2024-08-30,2024-09-04,2024-09-04,0,0.403,0.003,0.043,357.0,435.9,389.4,7279.45,0
ORD-103445,SUP-010,0.898,Latin America,FMCG,Road,2023-08-13,2023-08-17,2023-08-17,0,0.0,0.142,0.026,497.2,266.4,300.3,7974.79,0
ORD-103446,SUP-015,0.574,Middle East/Africa,Automotive Parts,Road,2024-03-24,2024-03-27,2024-03-28,1,0.382,0.0,0.034,554.8,459.2,405.4,3004.22,0
ORD-103447,SUP-027,0.793,Middle East/Africa,FMCG,Sea,2024-09-25,2024-10-17,2024-10-17,0,0.003,0.326,0.257,419.4,433.6,501.9,10999.75,0
ORD-103448,SUP-016,0.842,Asia Pacific,Machinery,Road,2023-05-13,2023-05-19,2023-05-19,0,0.225,0.295,0.048,473.6,413.7,391.7,8757.04,0
ORD-103449,SUP-040,0.607,Latin America,FMCG,Road,2023-08-30,2023-09-02,2023-09-02,0,0.205,0.125,0.058,577.9,260.2,214.1,3584.29,0
ORD-103450,SUP-020,,North America,Machinery,Road,2023-06-22,2023-06-28,2023-06-28,0,0.573,0.157,0.018,674.2,101.5,110.1,10494.72,0
ORD-103451,SUP-005,0.967,Middle East/Africa,Machinery,Road,2024-08-28,2024-08-31,2024-08-31,0,0.16,0.512,0.081,507.4,423.0,431.3,6142.22,0
ORD-103452,SUP-033,0.8,Latin America,FMCG,Sea,2024-05-10,2024-05-30,2024-05-30,0,0.267,0.364,0.406,642.7,407.8,425.4,3413.0,0
ORD-103453,SUP-028,0.644,Asia Pacific,Pharma,Road,2023-10-03,2023-10-08,2023-10-21,13,0.496,0.215,0.047,366.8,252.6,270.2,2092.6,1
ORD-103454,SUP-036,0.714,North America,Textiles,Road,2023-05-01,2023-05-04,2023-05-04,0,0.281,0.541,0.077,386.6,525.2,720.5,1453.74,0
ORD-103455,SUP-029,0.765,Asia Pacific,Pharma,Air,2023-11-10,2023-11-12,2023-11-12,0,0.212,0.377,0.05,738.6,406.1,416.6,5930.86,0
ORD-103456,SUP-032,0.702,North America,Textiles,Air,2023-05-09,2023-05-13,2023-05-17,4,0.615,0.36,0.002,509.0,526.5,617.7,10799.16,1
ORD-103457,SUP-018,0.727,Middle East/Africa,FMCG,Sea,2024-05-24,2024-06-14,2024-06-17,3,0.288,0.219,0.133,623.8,189.3,161.1,3552.2,1
ORD-103458,SUP-003,0.783,Middle East/Africa,Pharma,Road,2024-03-09,2024-03-14,2024-03-14,0,0.296,0.0,0.029,588.4,563.1,713.9,5178.34,0
ORD-103459,SUP-024,0.818,Asia Pacific,FMCG,Road,2023-03-13,2023-03-18,2023-03-18,0,0.0,0.303,0.067,384.2,508.1,508.7,6238.8,0
ORD-103460,SUP-034,0.576,Latin America,Machinery,Road,2023-05-17,2023-05-23,2023-05-25,2,0.258,0.087,0.076,410.6,394.0,360.9,3062.36,0
ORD-103461,SUP-018,0.727,Asia Pacific,Textiles,Air,2024-09-11,2024-09-13,2024-10-03,20,0.204,0.289,0.032,394.0,638.4,604.0,4528.67,1
ORD-103462,SUP-008,0.711,North America,Textiles,Road,2024-07-23,2024-07-27,2024-07-27,0,0.363,0.276,0.046,542.5,382.9,404.1,2496.71,0
ORD-103463,SUP-027,0.793,North America,Automotive Parts,Road,2023-01-06,2023-01-10,2023-01-28,18,0.153,0.0,0.016,429.5,392.4,332.1,2994.62,1
ORD-103464,SUP-008,0.711,North America,Pharma,Road,2023-09-17,2023-09-21,2023-09-21,0,0.344,0.0,0.076,514.6,555.6,587.5,14629.71,0
ORD-103465,SUP-029,0.765,Latin America,FMCG,Road,2024-04-13,2024-04-17,2024-04-29,12,0.0,0.033,0.075,355.8,265.1,247.9,8813.38,1
ORD-103466,SUP-040,0.607,Middle East/Africa,Electronics,Road,2024-06-13,2024-06-16,2024-06-16,0,0.301,0.174,0.093,308.4,571.7,550.7,7395.08,0
ORD-103467,SUP-037,0.757,Latin America,Pharma,Sea,2024-03-01,2024-03-23,2024-03-30,7,0.556,0.084,0.173,788.7,90.5,86.0,4190.41,1
ORD-103468,SUP-006,0.63,Asia Pacific,Machinery,Road,2023-10-03,2023-10-07,2023-10-07,0,0.371,0.437,0.006,416.2,445.3,357.8,5845.05,0
ORD-103469,SUP-023,0.548,Middle East/Africa,FMCG,Rail,2023-12-22,2023-12-29,2023-12-29,0,0.062,0.053,0.077,523.5,324.2,356.5,4641.64,0
ORD-103470,SUP-026,0.782,Middle East/Africa,FMCG,Sea,2023-06-19,2023-07-11,2023-08-01,21,0.254,0.225,0.528,612.5,454.4,436.6,5189.05,1
ORD-103471,SUP-034,0.576,Asia Pacific,Textiles,Road,2024-03-19,2024-03-24,2024-03-29,5,0.477,0.253,0.054,551.5,450.4,357.7,4600.73,1
ORD-103472,SUP-001,0.823,Europe,Textiles,Road,2024-05-25,2024-05-30,2024-05-30,0,,0.0,0.049,582.7,391.8,446.8,2003.42,0
ORD-103473,SUP-032,0.702,Middle East/Africa,Pharma,Sea,2023-02-02,2023-02-24,2023-02-24,0,0.177,0.184,0.0,575.4,371.9,380.0,3394.17,0
ORD-103474,SUP-025,0.704,Europe,Automotive Parts,Road,2024-02-26,2024-02-29,2024-02-29,0,0.235,0.166,0.049,610.0,622.6,574.4,5608.87,0
ORD-103475,SUP-020,0.762,Middle East/Africa,Automotive Parts,Air,2023-04-24,2023-04-26,2023-04-26,0,0.176,0.136,0.094,379.1,482.6,402.5,3409.94,0
ORD-103476,SUP-014,0.805,Latin America,Pharma,Rail,2023-04-21,2023-04-30,2023-04-30,0,0.511,0.245,0.017,559.9,577.7,594.9,2353.26,0
ORD-103477,SUP-015,0.574,Latin America,Machinery,Rail,2024-02-28,2024-03-06,2024-03-06,0,0.0,0.106,0.02,283.9,588.6,548.0,4079.03,0
ORD-103478,SUP-040,0.607,North America,Textiles,Sea,2023-03-17,2023-04-09,2023-04-09,0,0.143,0.0,0.589,524.0,438.1,505.7,3529.16,0
ORD-103479,SUP-011,0.936,Latin America,FMCG,Road,2024-09-23,2024-09-26,2024-09-30,4,0.852,0.303,0.045,176.6,635.5,566.7,2280.75,1
ORD-103480,SUP-011,0.936,Europe,Textiles,Sea,2023-01-13,2023-02-03,2023-02-03,0,0.273,0.082,0.0,333.2,413.8,400.3,13750.67,0
ORD-103481,SUP-008,0.711,Europe,FMCG,Road,2023-12-15,2023-12-20,2023-12-20,0,0.0,0.135,0.021,329.3,363.7,344.7,7887.23,0
ORD-103482,SUP-012,0.612,North America,Textiles,Road,2024-04-27,2024-04-30,2024-04-30,0,0.318,0.037,0.088,748.5,614.2,678.7,14858.57,0
ORD-103483,SUP-026,0.782,Europe,Textiles,Road,2023-11-15,2023-11-21,2023-11-21,0,0.142,0.272,0.006,393.8,387.5,366.4,6175.42,0
ORD-103484,SUP-037,0.757,Asia Pacific,Electronics,Rail,2023-09-12,2023-09-18,2023-09-18,0,0.0,0.0,0.005,505.0,94.1,101.3,9518.39,0
ORD-103485,SUP-006,0.63,Asia Pacific,Electronics,Sea,2023-04-13,2023-05-04,2023-05-04,0,0.0,0.256,0.124,198.6,430.8,418.6,8572.48,0
ORD-103486,SUP-028,0.644,Latin America,Automotive Parts,Road,2023-06-20,2023-06-24,2023-06-24,0,0.199,0.0,0.052,470.8,537.2,730.7,3439.08,0
ORD-103487,SUP-020,0.762,Europe,Pharma,Road,2024-05-07,2024-05-13,2024-05-15,2,0.0,0.289,0.064,380.5,571.5,693.2,5423.94,1
ORD-103488,SUP-006,0.63,Middle East/Africa,Textiles,Sea,2024-01-03,2024-01-25,2024-01-25,0,0.173,0.318,0.308,543.9,530.3,335.1,2614.98,0
ORD-103489,SUP-020,0.762,Asia Pacific,Automotive Parts,Sea,2023-09-05,2023-09-27,2023-09-27,0,0.472,0.131,0.427,433.7,537.7,536.3,4015.45,0
ORD-103490,SUP-036,0.714,Latin America,Machinery,Road,2023-03-21,2023-03-24,2023-03-24,0,0.453,0.156,0.099,572.6,404.3,405.3,3831.54,0
ORD-103491,SUP-006,0.63,Middle East/Africa,Electronics,Air,2023-06-08,2023-06-10,2023-06-10,0,0.274,0.372,0.023,576.8,377.9,384.7,4707.99,0
ORD-103492,SUP-034,0.576,Europe,Automotive Parts,Road,2024-03-31,2024-04-06,2024-04-16,10,0.45,0.308,0.098,511.1,344.5,376.9,3726.46,1
ORD-103493,SUP-030,0.76,Europe,FMCG,Road,2023-12-26,2023-12-31,2023-12-31,0,0.403,0.072,0.071,419.0,552.5,418.0,7814.1,0
ORD-103494,SUP-027,0.793,Europe,Automotive Parts,Road,2024-04-20,2024-04-23,2024-04-23,0,0.222,0.457,0.048,495.1,540.3,553.7,2062.4,0
ORD-103495,SUP-019,,Europe,Machinery,Air,2023-12-27,2023-12-30,2024-01-05,6,0.132,0.472,0.051,224.3,671.2,756.5,9601.05,1
ORD-103496,SUP-033,0.8,Europe,Machinery,Sea,2024-02-24,2024-03-16,2024-03-27,11,0.45,0.105,0.026,900.3,465.1,386.3,3041.45,1
ORD-103497,SUP-029,0.765,Europe,Electronics,Road,2023-03-05,2023-03-09,2023-03-09,0,0.814,0.098,0.02,361.9,582.5,598.6,1372.41,0
ORD-103498,SUP-016,0.842,Middle East/Africa,FMCG,Road,2023-06-17,2023-06-21,2023-06-21,0,0.333,0.184,0.097,458.3,537.2,471.0,2951.94,0
ORD-103499,SUP-032,0.702,Asia Pacific,Automotive Parts,Rail,2024-05-06,2024-05-13,2024-05-14,1,0.198,0.282,0.004,488.6,364.3,295.6,5645.61,0
ORD-103500,SUP-030,0.76,Middle East/Africa,Automotive Parts,Sea,2023-07-04,2023-07-25,2023-07-25,0,0.65,0.105,0.431,708.9,574.8,497.4,6511.73,0
ORD-103501,SUP-017,0.619,Middle East/Africa,Textiles,Sea,2023-07-16,2023-08-05,2023-08-05,0,0.077,0.103,0.308,816.2,392.0,434.7,3343.3,0
ORD-103502,SUP-003,0.783,Asia Pacific,Automotive Parts,Road,2024-03-06,2024-03-10,2024-03-25,15,0.283,0.341,0.052,545.4,587.6,702.2,7433.05,1
ORD-103503,SUP-014,0.805,Latin America,Pharma,Air,2024-04-21,2024-04-23,2024-04-23,0,0.151,0.084,0.05,690.3,579.4,645.8,1729.62,0
ORD-103504,SUP-027,0.793,Middle East/Africa,FMCG,Rail,2023-08-04,2023-08-12,2023-08-26,14,0.22,0.046,0.061,912.2,390.4,300.7,5077.62,1
ORD-103505,SUP-008,0.711,North America,Electronics,Rail,2023-04-14,2023-04-21,2023-04-21,0,0.0,0.142,0.064,439.1,557.3,311.0,4749.45,0
ORD-103506,SUP-002,0.788,Europe,FMCG,Road,2024-03-12,2024-03-16,2024-03-16,0,0.0,0.361,0.064,346.1,582.2,629.2,5983.47,0
ORD-103507,SUP-006,0.63,Latin America,Textiles,Rail,2024-08-12,2024-08-20,2024-08-20,0,0.606,0.248,0.001,654.0,458.0,555.2,6843.69,0
ORD-103508,SUP-011,0.936,North America,Textiles,Rail,2023-04-30,2023-05-07,2023-05-07,0,,0.258,0.013,534.0,455.4,567.0,3885.87,0
ORD-103509,SUP-005,0.967,Europe,Machinery,Sea,2024-07-27,2024-08-18,2024-08-19,1,0.171,0.291,0.248,430.8,412.0,420.6,7721.68,0
ORD-103510,SUP-021,0.656,Latin America,Automotive Parts,Rail,2023-08-22,2023-08-28,2023-08-28,0,0.162,0.643,0.066,543.7,403.9,506.9,3877.11,0
ORD-103511,SUP-030,0.76,Latin America,Automotive Parts,Sea,2023-08-06,2023-08-26,2023-08-26,0,0.026,0.105,0.113,275.9,433.5,468.8,3918.02,0
ORD-103512,SUP-036,0.714,Europe,Automotive Parts,Sea,2023-07-19,2023-08-08,2023-08-08,0,0.128,0.018,0.319,565.3,470.6,497.2,2458.88,0
ORD-103513,SUP-029,0.765,Europe,Pharma,Sea,2023-02-21,2023-03-14,2023-03-14,0,0.263,0.175,0.181,476.2,431.5,426.5,8492.09,0
ORD-103514,SUP-003,0.783,Europe,Textiles,Sea,2023-04-21,2023-05-13,2023-05-13,0,0.185,0.216,0.5,171.1,677.1,685.3,3187.44,0
ORD-103515,SUP-015,0.574,North America,Machinery,Rail,2023-09-01,2023-09-09,2023-09-09,0,,0.339,0.066,382.4,621.7,684.0,13615.84,0
ORD-103516,SUP-009,0.768,North America,FMCG,Rail,2023-10-29,2023-11-05,2023-11-06,1,0.207,0.321,0.006,673.9,324.3,328.1,3195.31,0
ORD-103517,SUP-013,0.8,Europe,Textiles,Rail,2023-05-06,2023-05-14,2023-05-14,0,0.5,0.466,0.002,355.5,528.7,500.2,1618.91,0
ORD-103518,SUP-001,0.823,North America,Electronics,Sea,2024-03-30,2024-04-20,2024-04-26,6,0.234,0.5,0.237,407.7,645.4,628.9,3760.95,1
ORD-103519,SUP-008,0.711,Middle East/Africa,FMCG,Sea,2023-11-17,2023-12-08,2023-12-08,0,0.106,0.151,0.233,745.2,636.4,598.6,7462.64,0
ORD-103520,SUP-028,0.644,Europe,Automotive Parts,Air,2023-07-24,2023-07-28,2023-07-28,0,0.0,0.066,0.061,540.8,654.3,702.8,4198.51,0
ORD-103521,SUP-029,0.765,Middle East/Africa,FMCG,Sea,2023-08-29,2023-09-18,2023-09-19,1,0.485,0.06,0.097,487.9,502.7,530.0,5984.66,0
ORD-103522,SUP-018,0.727,Middle East/Africa,FMCG,Sea,2023-03-05,2023-03-27,2023-03-27,0,0.53,0.501,0.143,371.5,529.2,480.2,2601.99,0
ORD-103523,SUP-017,0.619,Middle East/Africa,FMCG,Road,2023-04-11,2023-04-15,2023-04-15,0,0.0,0.183,0.027,300.4,543.6,657.8,6237.97,0
ORD-103524,SUP-007,0.877,Middle East/Africa,Machinery,Road,2023-10-20,2023-10-26,2023-10-26,0,0.2,0.095,0.014,650.7,767.1,861.7,5952.85,0
ORD-103525,SUP-012,0.612,North America,Pharma,Road,2023-06-16,2023-06-21,2023-06-21,0,,0.271,0.017,541.9,370.0,394.7,4457.53,0
ORD-103526,SUP-012,0.612,Middle East/Africa,Machinery,Rail,2023-04-25,2023-05-03,2023-05-03,0,0.195,0.138,0.055,357.1,428.1,454.2,2272.96,0
ORD-103527,SUP-024,0.818,North America,FMCG,Sea,2023-05-22,2023-06-11,2023-06-11,0,0.334,0.069,0.164,717.5,415.1,462.7,6110.22,0
ORD-103528,SUP-027,0.793,Latin America,Pharma,Sea,2024-02-21,2024-03-12,2024-03-12,0,0.543,0.076,0.298,511.5,509.3,513.3,11557.82,0
ORD-103529,SUP-013,0.8,Latin America,FMCG,Road,2023-07-31,2023-08-03,2023-08-03,0,0.454,0.32,0.062,555.5,590.6,529.1,2181.13,0
ORD-103530,SUP-032,0.702,Europe,Textiles,Sea,2023-11-29,2023-12-19,2023-12-19,0,0.346,0.332,0.232,673.6,559.0,759.7,3422.75,0
ORD-103531,SUP-021,,Middle East/Africa,Electronics,Road,2024-07-16,2024-07-20,2024-07-25,5,0.498,0.087,0.045,410.2,386.4,380.3,2809.15,1
ORD-103532,SUP-038,0.957,Asia Pacific,FMCG,Road,2023-12-11,2023-12-14,2023-12-14,0,0.196,0.344,0.038,158.9,665.0,620.6,5018.33,0
ORD-103533,SUP-002,0.788,Latin America,Machinery,Road,2023-11-07,2023-11-11,2023-11-18,7,0.454,0.022,0.032,361.1,348.3,356.1,2471.1,1
ORD-103534,SUP-007,0.877,Europe,Pharma,Road,2023-06-20,2023-06-26,2023-06-26,0,0.517,0.096,0.031,570.8,419.3,319.8,3082.01,0
ORD-103535,SUP-006,0.63,North America,Pharma,Road,2023-09-15,2023-09-18,2023-09-23,5,0.0,0.131,0.035,403.8,260.5,176.8,1574.16,1
ORD-103536,SUP-020,0.762,Latin America,Textiles,Air,2023-03-04,2023-03-07,2023-03-08,1,0.049,0.17,0.089,304.3,487.5,462.3,8460.49,0
ORD-103537,SUP-015,0.574,North America,Textiles,Rail,2023-02-19,2023-02-25,2023-03-03,6,0.234,0.361,0.068,522.5,496.7,334.5,4399.12,1
ORD-103538,SUP-001,0.823,Europe,Automotive Parts,Air,2023-07-30,2023-08-01,2023-08-08,7,0.337,0.335,0.092,494.4,514.5,497.2,3082.96,1
ORD-103539,SUP-003,0.783,Latin America,Textiles,Sea,2023-05-08,2023-05-30,2023-05-30,0,0.05,0.224,0.299,671.0,538.7,636.2,3101.45,0
ORD-103540,SUP-001,0.823,North America,Textiles,Road,2023-03-23,2023-03-27,2023-03-27,0,0.336,0.0,0.064,507.2,344.9,293.7,5846.41,0
ORD-103541,SUP-040,0.607,Asia Pacific,Machinery,Sea,2024-01-23,2024-02-14,2024-02-14,0,0.113,0.099,0.589,594.8,482.3,496.9,2749.82,0
ORD-103542,SUP-006,0.63,Middle East/Africa,Electronics,Road,2023-08-21,2023-08-27,2023-08-27,0,0.229,0.31,0.093,440.3,364.1,306.6,3069.85,0
ORD-103543,SUP-004,0.652,North America,Pharma,Road,2024-03-03,2024-03-07,2024-03-07,0,0.205,0.451,0.071,625.2,284.3,324.7,8206.0,0
ORD-103544,SUP-024,0.818,Asia Pacific,Textiles,Sea,2023-05-02,2023-05-23,2023-05-23,0,0.475,0.302,0.0,610.5,468.2,311.2,4753.84,0
ORD-103545,SUP-037,0.757,Latin America,Electronics,Sea,2024-03-16,2024-04-07,2024-04-07,0,0.363,0.171,0.213,750.3,505.7,525.5,13031.16,0
ORD-103546,SUP-016,0.842,Europe,Electronics,Road,2023-06-05,2023-06-10,2023-06-10,0,0.416,0.126,0.017,814.6,474.5,564.9,5954.8,0
ORD-103547,SUP-039,0.777,Asia Pacific,Textiles,Sea,2023-03-17,2023-04-06,2023-04-06,0,0.0,0.0,0.462,637.7,654.5,664.7,3893.47,0
ORD-103548,SUP-029,0.765,Europe,Automotive Parts,Road,2023-02-18,2023-02-22,2023-02-22,0,0.423,0.251,0.047,203.0,483.1,453.1,2776.29,0
ORD-103549,SUP-009,0.768,North America,Automotive Parts,Sea,2023-08-29,2023-09-19,2023-09-24,5,0.075,0.224,0.013,309.3,395.9,446.7,4061.15,1
ORD-103550,SUP-022,0.872,Asia Pacific,Automotive Parts,Road,2023-09-09,2023-09-13,2023-09-14,1,0.269,0.054,0.008,745.5,749.0,808.9,21291.93,0
ORD-103551,SUP-028,0.644,Asia Pacific,Automotive Parts,Road,2023-08-09,2023-08-15,2023-08-15,0,0.257,0.121,0.074,600.1,404.1,375.4,4265.64,0
ORD-103552,SUP-011,0.936,North America,Automotive Parts,Sea,2023-03-29,2023-04-20,2023-04-20,0,0.388,0.101,0.43,443.4,312.3,340.6,2177.36,0
ORD-103553,SUP-003,0.783,Latin America,Textiles,Road,2024-07-18,2024-07-21,2024-08-02,12,0.416,0.057,0.042,786.7,378.7,360.1,6925.82,1
ORD-103554,SUP-038,0.957,Europe,Machinery,Air,2024-03-25,2024-03-27,2024-03-27,0,0.179,0.039,0.097,610.7,752.1,887.2,16186.1,0
ORD-103555,SUP-036,0.714,Latin America,FMCG,Sea,2023-02-02,2023-02-25,2023-02-27,2,0.474,0.487,0.436,632.3,443.1,455.7,7726.55,1
ORD-103556,SUP-003,0.783,Middle East/Africa,Pharma,Sea,2024-05-09,2024-05-30,2024-05-30,0,0.0,0.173,0.0,524.4,430.7,404.8,6956.85,0
ORD-103557,SUP-003,0.783,Middle East/Africa,Machinery,Road,2024-07-12,2024-07-16,2024-07-16,0,0.0,0.292,0.032,493.0,353.7,325.6,2834.9,0
ORD-103558,SUP-037,0.757,Latin America,FMCG,Sea,2023-08-02,2023-08-24,2023-09-04,11,0.43,0.387,0.217,431.3,540.1,423.6,3582.83,1
ORD-103559,SUP-035,0.443,Middle East/Africa,Machinery,Road,2024-01-06,2024-01-12,2024-01-20,8,0.0,0.167,0.083,421.2,422.5,515.2,13032.09,1
ORD-103560,SUP-034,0.576,North America,FMCG,Road,2024-04-12,2024-04-17,2024-04-17,0,0.23,0.149,0.083,477.6,227.3,280.0,10935.81,0
ORD-103561,SUP-021,0.656,North America,Machinery,Road,2023-10-30,2023-11-05,2023-11-05,0,0.173,0.158,0.005,387.7,433.3,419.3,3058.13,0
ORD-103562,SUP-011,0.936,North America,Pharma,Road,2023-03-01,2023-03-06,2023-03-06,0,0.04,0.0,0.036,591.1,507.1,487.9,3541.54,0
ORD-103563,SUP-011,0.936,Europe,Electronics,Sea,2024-01-24,2024-02-13,2024-02-13,0,0.242,0.13,0.339,359.6,576.4,491.7,3107.95,0
ORD-103564,SUP-040,0.607,Asia Pacific,FMCG,Rail,2023-08-08,2023-08-16,2023-08-16,0,0.351,0.0,0.061,293.7,389.3,366.1,5880.53,0
ORD-103565,SUP-036,0.714,Asia Pacific,Electronics,Road,2023-02-07,2023-02-11,2023-02-11,0,0.536,0.063,0.033,628.5,565.9,642.1,3216.1,0
ORD-103566,SUP-039,0.777,Latin America,Textiles,Rail,2024-04-05,2024-04-12,2024-04-12,0,0.401,0.299,0.051,731.9,447.5,447.2,2794.8,0
ORD-103567,SUP-014,0.805,Middle East/Africa,Machinery,Road,2024-02-19,2024-02-24,2024-02-24,0,0.297,0.185,0.082,429.9,492.7,439.0,3213.63,0
ORD-103568,SUP-004,0.652,Latin America,Machinery,Rail,2024-01-06,2024-01-12,2024-01-13,1,0.028,0.223,0.048,9.6,503.5,427.2,16727.3,0
ORD-103569,SUP-040,0.607,Latin America,Automotive Parts,Road,2024-01-02,2024-01-07,2024-01-07,0,0.0,0.222,0.009,369.8,587.5,685.7,6862.37,0
ORD-103570,SUP-035,0.443,Latin America,Textiles,Sea,2023-04-11,2023-05-04,2023-05-12,8,0.075,0.119,0.309,355.2,298.8,351.8,13984.92,1
ORD-103571,SUP-011,0.936,Europe,Textiles,Road,2023-04-29,2023-05-04,2023-05-04,0,0.399,0.213,0.03,618.8,561.7,548.1,10966.3,0
ORD-103572,SUP-009,0.768,Asia Pacific,Electronics,Road,2023-02-28,2023-03-05,2023-03-05,0,0.01,0.008,0.05,560.0,357.2,285.3,1843.15,0
ORD-103573,SUP-013,0.8,North America,Automotive Parts,Road,2024-07-06,2024-07-12,2024-07-13,1,0.093,0.331,0.029,457.2,558.9,473.6,2762.17,0
ORD-103574,SUP-011,0.936,North America,FMCG,Road,2024-05-13,2024-05-19,2024-05-19,0,0.125,0.1,0.035,698.1,406.7,362.6,4911.24,0
ORD-103575,SUP-016,0.842,North America,Automotive Parts,Road,2023-06-25,2023-06-29,2023-06-30,1,0.16,0.0,0.096,285.6,561.7,494.7,1665.87,0
ORD-103576,SUP-031,0.712,Asia Pacific,Automotive Parts,Sea,2024-08-21,2024-09-12,2024-09-18,6,0.068,0.0,0.309,487.7,525.6,589.3,5173.2,1
ORD-103577,SUP-032,0.702,Asia Pacific,Electronics,Air,2024-07-18,2024-07-20,2024-07-20,0,0.416,0.171,0.063,486.4,476.3,566.9,1687.52,0
ORD-103578,SUP-029,0.765,Asia Pacific,Machinery,Air,2023-04-10,2023-04-12,2023-04-28,16,0.443,0.198,0.023,534.3,533.3,482.9,10483.46,1
ORD-103579,SUP-007,0.877,Middle East/Africa,Machinery,Road,2023-11-25,2023-11-29,2023-11-29,0,0.158,0.303,0.076,223.7,533.5,565.2,4701.46,0
ORD-103580,SUP-014,0.805,Europe,Textiles,Sea,2023-12-11,2024-01-03,2024-01-03,0,0.377,0.125,0.455,554.9,371.9,383.9,4139.44,0
ORD-103581,SUP-012,0.612,North America,Electronics,Road,2023-02-05,2023-02-11,2023-02-11,0,0.253,0.372,0.017,529.9,443.9,496.4,7067.23,0
ORD-103582,SUP-015,0.574,North America,Textiles,Road,2023-08-23,2023-08-26,2023-08-27,1,0.435,0.082,0.004,640.8,277.2,340.6,8529.2,0
ORD-103583,SUP-021,0.656,Latin America,Automotive Parts,Rail,2023-03-06,2023-03-15,2023-03-20,5,0.183,0.366,0.094,500.1,377.6,288.2,11396.64,1
ORD-103584,SUP-032,0.702,Latin America,Automotive Parts,Sea,2023-04-15,2023-05-05,2023-05-06,1,0.203,0.275,0.15,236.6,556.2,636.5,6700.56,1
ORD-103585,SUP-033,0.8,North America,FMCG,Road,2024-04-19,2024-04-23,2024-04-23,0,0.202,0.077,0.016,475.0,467.3,435.1,2433.08,0
ORD-103586,SUP-034,0.576,Latin America,Automotive Parts,Road,2023-02-22,2023-02-26,2023-03-02,4,0.639,0.284,0.028,488.9,351.6,364.4,2418.06,1
ORD-103587,SUP-016,0.842,Asia Pacific,Machinery,Road,2024-08-30,2024-09-05,2024-09-05,0,0.14,0.175,0.013,363.1,432.2,406.9,4608.22,0
ORD-103588,SUP-034,0.576,Asia Pacific,FMCG,Road,2024-01-01,2024-01-07,2024-01-11,4,0.29,0.339,0.043,193.4,326.4,353.2,4393.84,1
ORD-103589,SUP-034,0.576,Middle East/Africa,Machinery,Road,2024-08-02,2024-08-07,2024-08-07,0,0.143,0.066,0.03,736.2,335.9,334.8,8550.63,0
ORD-103590,SUP-013,0.8,Latin America,Automotive Parts,Road,2024-03-26,2024-03-29,2024-04-04,6,0.208,0.361,0.01,362.5,413.1,340.3,5839.09,1
ORD-103591,SUP-013,0.8,Europe,Pharma,Road,2023-01-10,2023-01-16,2023-01-16,0,0.248,0.287,0.026,633.0,639.5,503.0,901.66,0
ORD-103592,SUP-001,0.823,Latin America,Electronics,Road,2024-07-11,2024-07-17,2024-07-17,0,0.104,0.141,0.033,390.4,496.8,444.8,10738.52,0
ORD-103593,SUP-009,0.768,Europe,Machinery,Sea,2024-08-05,2024-08-27,2024-08-28,1,0.499,0.061,0.128,375.8,683.9,806.5,16121.72,0
ORD-103594,SUP-037,0.757,Europe,Electronics,Rail,2023-07-11,2023-07-17,2023-07-17,0,0.156,0.306,0.079,269.8,603.1,643.7,5254.31,0
ORD-103595,SUP-034,0.576,North America,Machinery,Rail,2024-04-03,2024-04-09,2024-04-21,12,0.615,0.326,0.009,315.3,310.5,356.7,12654.86,1
ORD-103596,SUP-010,0.898,Middle East/Africa,Machinery,Road,2023-12-06,2023-12-11,2023-12-11,0,0.217,0.102,0.04,519.8,336.8,322.9,1832.29,0
ORD-103597,SUP-015,0.574,Latin America,Pharma,Sea,2023-10-09,2023-10-29,2023-11-15,17,0.636,0.233,0.17,624.8,564.9,575.4,3986.32,1
ORD-103598,SUP-035,0.443,Latin America,Automotive Parts,Sea,2023-04-02,2023-04-24,2023-04-30,6,0.378,0.091,0.167,473.7,253.8,246.5,3621.4,1
ORD-103599,SUP-038,0.957,Middle East/Africa,Textiles,Rail,2024-06-08,2024-06-16,2024-06-16,0,0.503,0.24,0.065,587.6,445.2,388.7,4216.09,0
ORD-103600,SUP-007,0.877,Middle East/Africa,FMCG,Sea,2024-09-02,2024-09-22,2024-09-25,3,0.315,0.232,0.539,456.9,618.8,737.7,2315.44,1
ORD-103601,SUP-020,0.762,Latin America,Pharma,Sea,2023-07-12,2023-08-03,2023-08-03,0,0.617,0.241,0.216,738.4,584.2,589.1,17009.52,0
ORD-103602,SUP-025,0.704,Latin America,Automotive Parts,Rail,2024-09-17,2024-09-26,2024-09-30,4,0.205,0.0,0.094,663.9,369.9,322.2,4626.1,1
ORD-103603,SUP-037,0.757,North America,Textiles,Air,2023-07-11,2023-07-16,2023-07-16,0,0.109,0.365,0.061,495.2,573.9,589.1,9828.45,0
ORD-103604,SUP-034,0.576,North America,Pharma,Sea,2023-04-26,2023-05-19,2023-05-19,0,0.392,0.255,0.0,585.9,599.9,609.2,5543.84,0
ORD-103605,SUP-027,0.793,Asia Pacific,Electronics,Rail,2023-10-01,2023-10-10,2023-10-20,10,0.489,0.281,0.05,598.0,353.4,373.1,4075.53,1
ORD-103606,SUP-015,0.574,Latin America,Automotive Parts,Sea,2023-03-07,2023-03-29,2023-04-05,7,0.199,0.233,0.288,265.3,533.6,534.6,8216.28,1
ORD-103607,SUP-040,0.607,Europe,Textiles,Sea,2023-09-05,2023-09-26,2023-09-26,0,0.119,0.312,0.116,250.4,539.2,555.4,2953.88,0
ORD-103608,SUP-009,0.768,Asia Pacific,Electronics,Sea,2023-04-04,2023-04-25,2023-04-25,0,0.024,0.17,0.086,532.3,259.1,163.2,14201.34,0
ORD-103609,SUP-003,0.783,Middle East/Africa,Textiles,Road,2023-04-03,2023-04-07,2023-04-07,0,0.171,0.089,0.025,380.6,340.8,368.6,2989.65,0
ORD-103610,SUP-015,0.574,Middle East/Africa,Automotive Parts,Rail,2024-04-15,2024-04-21,2024-05-02,11,0.252,0.151,0.08,172.3,492.6,442.2,15096.38,1
ORD-103611,SUP-031,0.712,Latin America,Automotive Parts,Sea,2024-09-17,2024-10-09,2024-10-09,0,0.489,0.469,0.145,386.0,323.3,316.8,9405.11,0
ORD-103612,SUP-002,0.788,Asia Pacific,Pharma,Sea,2023-05-04,2023-05-25,2023-05-25,0,0.012,0.444,0.217,377.5,474.9,617.4,3835.9,0
ORD-103613,SUP-033,0.8,Latin America,Pharma,Rail,2023-01-24,2023-01-31,2023-01-31,0,0.564,0.0,0.017,503.7,753.3,704.2,8260.76,0
ORD-103614,SUP-012,0.612,North America,Textiles,Road,2023-05-21,2023-05-26,2023-05-26,0,0.322,0.259,0.075,438.2,439.2,462.3,1911.15,0
ORD-103615,SUP-016,0.842,Europe,FMCG,Rail,2024-01-21,2024-01-28,2024-01-28,0,0.42,0.148,0.063,467.4,404.1,486.9,5950.73,0
ORD-103616,SUP-016,0.842,Middle East/Africa,Electronics,Sea,2024-09-16,2024-10-07,2024-10-07,0,0.287,0.186,0.182,532.8,630.5,650.8,16394.46,0
ORD-103617,SUP-005,0.967,Asia Pacific,Pharma,Air,2024-06-27,2024-06-29,2024-06-29,0,0.404,0.099,0.097,626.8,516.8,564.0,8961.97,0
ORD-103618,SUP-011,0.936,North America,Machinery,Air,2023-10-29,2023-11-02,2023-11-06,4,0.412,0.44,0.055,549.9,473.0,502.9,4767.6,1
ORD-103619,SUP-019,0.75,Middle East/Africa,Pharma,Road,2024-05-28,2024-05-31,2024-05-31,0,0.0,0.143,0.009,534.1,384.8,385.5,4208.42,0
ORD-103620,SUP-022,0.872,North America,Automotive Parts,Road,2023-03-25,2023-03-29,2023-03-29,0,0.27,0.0,0.011,694.1,406.9,399.3,14508.73,0
ORD-103621,SUP-010,0.898,Latin America,Automotive Parts,Road,2023-01-01,2023-01-06,2023-01-13,7,0.633,0.541,0.099,193.3,518.8,455.9,6132.79,1
ORD-103622,SUP-032,0.702,North America,Machinery,Sea,2023-01-23,2023-02-13,2023-02-13,0,0.242,0.14,0.395,662.2,565.3,401.5,3496.26,0
ORD-103623,SUP-038,0.957,Asia Pacific,Automotive Parts,Sea,2023-02-14,2023-03-06,2023-03-06,0,0.196,0.277,0.224,281.6,127.9,101.8,4738.69,0
ORD-103624,SUP-038,0.957,Latin America,Electronics,Sea,2024-05-04,2024-05-25,2024-05-26,1,0.251,0.171,0.229,715.0,358.0,371.9,2238.18,0
ORD-103625,SUP-011,0.936,Europe,Automotive Parts,Sea,2024-08-07,2024-08-29,2024-08-29,0,0.344,0.325,0.714,249.7,625.8,576.7,3755.53,0
ORD-103626,SUP-022,0.872,Asia Pacific,Pharma,Road,2023-02-11,2023-02-16,2023-02-24,8,0.378,0.632,0.062,578.0,530.7,616.9,5027.27,1
ORD-103627,SUP-017,0.619,Latin America,FMCG,Air,2023-12-03,2023-12-06,2023-12-06,0,0.368,0.292,0.023,595.6,441.4,522.8,3820.68,0
ORD-103628,SUP-019,0.75,Europe,Machinery,Sea,2023-06-25,2023-07-17,2023-07-17,0,0.161,0.074,0.038,736.8,559.0,663.3,9897.73,0
ORD-103629,SUP-018,0.727,North America,Automotive Parts,Rail,2024-01-20,2024-01-28,2024-01-28,0,,0.022,0.092,445.4,507.0,519.5,7038.4,0
ORD-103630,SUP-032,0.702,Asia Pacific,Electronics,Road,2024-04-07,2024-04-13,2024-04-13,0,0.263,0.14,0.065,597.0,516.2,461.4,12528.48,0
ORD-103631,SUP-016,0.842,Europe,Automotive Parts,Sea,2024-06-28,2024-07-19,2024-07-24,5,0.037,0.04,0.165,887.8,261.7,181.8,3013.59,1
ORD-103632,SUP-023,0.548,North America,Machinery,Road,2024-04-29,2024-05-05,2024-05-15,10,0.375,0.063,0.047,392.0,448.9,525.4,5084.06,1
ORD-103633,SUP-033,0.8,Middle East/Africa,Machinery,Rail,2024-03-28,2024-04-04,2024-04-04,0,0.13,0.232,0.049,514.1,495.4,490.0,3620.52,0
ORD-103634,SUP-034,0.576,Middle East/Africa,FMCG,Road,2024-02-13,2024-02-18,2024-02-18,0,,0.469,0.086,586.7,571.4,556.7,1569.06,0
ORD-103635,SUP-006,0.63,Middle East/Africa,FMCG,Road,2023-02-15,2023-02-18,2023-02-18,0,0.217,0.171,0.09,639.8,522.1,672.5,8668.25,0
ORD-103636,SUP-030,0.76,North America,Machinery,Air,2024-08-15,2024-08-20,2024-08-31,11,,0.022,0.041,580.9,352.7,279.4,16376.7,1
ORD-103637,SUP-010,0.898,North America,Machinery,Rail,2023-04-05,2023-04-12,2023-04-12,0,0.372,0.229,0.086,454.7,509.3,479.8,2677.61,0
ORD-103638,SUP-013,0.8,Europe,Automotive Parts,Sea,2023-08-07,2023-08-30,2023-08-30,0,0.0,0.181,0.295,460.5,696.4,666.1,3565.48,0
ORD-103639,SUP-025,0.704,Europe,Electronics,Rail,2023-09-05,2023-09-13,2023-09-13,0,0.284,0.034,0.028,759.8,555.5,571.1,6638.13,0
ORD-103640,SUP-029,0.765,Middle East/Africa,FMCG,Sea,2023-03-28,2023-04-20,2023-04-20,0,0.166,0.438,0.209,265.4,200.8,184.6,13837.16,0
ORD-103641,SUP-019,0.75,Middle East/Africa,FMCG,Sea,2023-07-08,2023-07-30,2023-08-30,31,0.141,0.276,0.0,512.6,374.0,472.5,4903.82,1
ORD-103642,SUP-014,0.805,North America,Pharma,Air,2024-01-17,2024-01-20,2024-01-24,4,0.22,0.072,0.072,215.4,380.6,406.4,12108.03,1
ORD-103643,SUP-009,0.768,Middle East/Africa,Textiles,Road,2024-08-25,2024-08-31,2024-09-22,22,0.355,0.162,0.059,489.4,364.0,416.8,3897.31,1
ORD-103644,SUP-007,0.877,North America,Pharma,Sea,2024-07-27,2024-08-16,2024-08-17,1,0.016,0.353,0.506,708.7,326.3,354.9,6639.44,0
ORD-103645,SUP-036,0.714,Latin America,Electronics,Sea,2024-04-29,2024-05-20,2024-05-20,0,0.602,0.0,0.123,644.2,447.4,446.9,22389.53,0
ORD-103646,SUP-020,0.762,Latin America,Machinery,Rail,2023-04-05,2023-04-14,2023-04-15,1,0.224,0.149,0.027,534.8,523.6,585.3,1460.17,0
ORD-103647,SUP-026,0.782,Middle East/Africa,Machinery,Sea,2023-06-25,2023-07-15,2023-07-17,2,0.257,0.214,0.382,269.7,208.2,247.3,4166.88,0
ORD-103648,SUP-007,0.877,Europe,Machinery,Road,2023-11-11,2023-11-14,2023-11-17,3,0.155,0.0,0.095,727.0,417.9,442.9,3197.91,1
ORD-103649,SUP-029,0.765,Middle East/Africa,Electronics,Road,2024-03-01,2024-03-07,2024-03-07,0,0.0,0.055,0.065,570.2,421.3,447.0,9551.16,0
ORD-103650,SUP-012,0.612,Middle East/Africa,Pharma,Road,2023-11-23,2023-11-29,2023-12-13,14,0.242,0.165,0.073,321.1,577.0,564.9,2845.92,1
ORD-103651,SUP-019,,Middle East/Africa,Automotive Parts,Air,2023-11-28,2023-12-03,2023-12-03,0,0.0,0.0,0.017,478.9,605.2,691.9,4723.81,0
ORD-103652,SUP-032,0.702,Asia Pacific,Textiles,Air,2024-02-07,2024-02-10,2024-02-10,0,0.386,0.032,0.062,571.7,472.4,429.7,7005.68,0
ORD-103653,SUP-015,0.574,Latin America,Textiles,Sea,2023-10-27,2023-11-19,2023-12-04,15,0.532,0.381,0.301,401.1,228.6,308.1,2718.04,1
ORD-103654,SUP-011,0.936,Latin America,Textiles,Road,2023-06-24,2023-06-30,2023-07-04,4,0.499,0.0,0.006,482.1,367.5,277.5,6340.43,1
ORD-103655,SUP-019,0.75,Latin America,Automotive Parts,Air,2024-09-27,2024-09-29,2024-09-30,1,0.34,0.257,0.043,331.4,498.0,603.8,6825.62,0
ORD-103656,SUP-018,0.727,Latin America,Textiles,Road,2023-05-25,2023-05-30,2023-05-31,1,0.051,0.268,0.05,346.0,386.0,342.8,1943.84,0
ORD-103657,SUP-031,0.712,Asia Pacific,Pharma,Sea,2024-05-10,2024-05-31,2024-05-31,0,0.396,0.223,0.398,310.7,267.0,292.6,2719.61,0
ORD-103658,SUP-026,0.782,North America,Textiles,Road,2023-07-18,2023-07-22,2023-07-22,0,0.181,0.331,0.072,464.8,684.6,501.4,3397.59,0
ORD-103659,SUP-024,0.818,Middle East/Africa,Machinery,Air,2024-04-22,2024-04-26,2024-04-26,0,0.462,0.408,0.093,491.4,147.3,156.1,6805.49,0
ORD-103660,SUP-012,0.612,Asia Pacific,Pharma,Road,2024-06-04,2024-06-10,2024-06-10,0,0.489,0.384,0.037,537.0,241.2,255.1,4854.26,0
ORD-103661,SUP-009,0.768,Europe,Machinery,Sea,2023-01-08,2023-01-31,2023-02-08,8,0.161,0.203,0.101,523.8,326.2,286.6,4385.35,1
ORD-103662,SUP-012,0.612,Latin America,Pharma,Rail,2023-09-19,2023-09-27,2023-09-27,0,0.135,0.439,0.092,735.3,496.9,500.0,10216.16,0
ORD-103663,SUP-017,0.619,Middle East/Africa,Automotive Parts,Road,2024-09-06,2024-09-11,2024-09-11,0,0.228,0.102,0.098,398.8,254.3,244.5,5167.44,0
ORD-103664,SUP-034,0.576,Latin America,FMCG,Air,2024-06-02,2024-06-05,2024-06-05,0,0.157,0.271,0.045,742.5,308.4,275.9,3814.94,0
ORD-103665,SUP-014,0.805,Latin America,Automotive Parts,Road,2023-12-11,2023-12-17,2023-12-17,0,0.329,0.25,0.081,199.0,340.0,400.6,4726.03,0
ORD-103666,SUP-005,0.967,Asia Pacific,Machinery,Road,2024-05-29,2024-06-01,2024-06-09,8,0.295,0.204,0.045,494.6,577.8,530.8,4551.19,1
ORD-103667,SUP-018,0.727,Asia Pacific,Pharma,Rail,2023-03-10,2023-03-19,2023-03-19,0,0.0,0.103,0.007,495.7,535.7,566.1,5092.95,0
ORD-103668,SUP-040,0.607,North America,Electronics,Rail,2024-09-30,2024-10-09,2024-10-09,0,0.412,0.302,0.065,769.7,236.2,177.2,4677.69,0
ORD-103669,SUP-015,0.574,Latin America,Pharma,Sea,2024-07-27,2024-08-18,2024-08-18,0,0.056,0.0,0.0,617.3,381.8,328.4,7506.92,0
ORD-103670,SUP-026,0.782,Latin America,Machinery,Air,2023-08-19,2023-08-24,2023-08-24,0,0.54,0.145,0.078,686.1,485.7,565.1,2462.54,0
ORD-103671,SUP-029,0.765,Europe,Machinery,Road,2024-09-07,2024-09-12,2024-09-12,0,0.303,0.182,0.073,218.4,358.7,354.0,3752.86,0
ORD-103672,SUP-040,0.607,Middle East/Africa,Textiles,Road,2023-05-10,2023-05-16,2023-05-16,0,0.0,0.351,0.021,499.5,328.0,410.4,10852.13,0
ORD-103673,SUP-005,0.967,Europe,Textiles,Sea,2024-06-27,2024-07-18,2024-07-19,1,0.12,0.117,0.116,335.9,341.0,322.3,11255.57,0
ORD-103674,SUP-016,0.842,Middle East/Africa,Automotive Parts,Road,2024-03-14,2024-03-18,2024-03-18,0,0.334,0.193,0.061,518.3,115.1,124.3,4936.72,0
ORD-103675,SUP-039,0.777,Latin America,Textiles,Sea,2023-06-04,2023-06-25,2023-06-26,1,0.328,0.285,0.393,633.5,387.7,395.1,2633.47,0
ORD-103676,SUP-009,0.768,Asia Pacific,Automotive Parts,Rail,2024-08-18,2024-08-26,2024-08-29,3,0.451,0.363,0.085,610.2,448.7,423.3,8767.52,1
ORD-103677,SUP-019,0.75,Europe,Pharma,Road,2024-09-29,2024-10-02,2024-10-02,0,0.451,0.146,0.036,727.1,601.6,688.0,12497.39,0
ORD-103678,SUP-033,0.8,Asia Pacific,Machinery,Rail,2023-10-05,2023-10-14,2023-10-14,0,0.454,0.19,0.066,471.6,558.2,678.2,2771.67,0
ORD-103679,SUP-012,0.612,Latin America,Electronics,Road,2023-12-02,2023-12-06,2023-12-06,0,0.041,0.494,0.084,364.2,626.7,689.5,8447.92,0
ORD-103680,SUP-026,0.782,North America,Machinery,Rail,2023-11-19,2023-11-28,2023-11-28,0,0.367,0.145,0.078,389.2,656.1,567.1,11762.27,0
ORD-103681,SUP-011,0.936,Asia Pacific,Machinery,Air,2023-09-28,2023-09-30,2023-09-30,0,0.394,0.224,0.05,652.0,482.7,587.9,3532.74,0
ORD-103682,SUP-037,0.757,Europe,Textiles,Road,2023-04-24,2023-04-29,2023-04-29,0,0.165,0.0,0.015,309.6,479.2,495.8,4448.68,0
ORD-103683,SUP-013,0.8,Asia Pacific,Electronics,Rail,2023-04-29,2023-05-07,2023-05-07,0,0.309,0.186,0.027,418.1,415.6,424.6,12149.5,0
ORD-103684,SUP-011,0.936,Asia Pacific,Textiles,Rail,2023-12-22,2023-12-30,2023-12-30,0,0.194,0.153,0.006,618.0,560.5,535.0,2214.98,0
ORD-103685,SUP-015,0.574,Latin America,Automotive Parts,Rail,2023-01-01,2023-01-07,2023-01-07,0,0.237,0.347,0.067,268.9,295.0,267.4,3710.59,0
ORD-103686,SUP-035,0.443,North America,Textiles,Sea,2024-05-16,2024-06-06,2024-06-06,0,0.161,0.191,0.251,611.7,424.6,409.0,12328.87,0
ORD-103687,SUP-036,0.714,Asia Pacific,Electronics,Road,2024-01-13,2024-01-18,2024-01-18,0,0.383,0.256,0.011,531.8,720.5,600.4,1908.81,0
ORD-103688,SUP-030,0.76,Middle East/Africa,Machinery,Sea,2023-10-05,2023-10-26,2023-11-01,6,0.134,0.086,0.33,206.0,365.8,360.3,4482.81,1
ORD-103689,SUP-005,0.967,Latin America,Pharma,Road,2023-04-05,2023-04-11,2023-04-11,0,0.282,0.158,0.055,407.2,325.9,331.2,3116.23,0
ORD-103690,SUP-005,0.967,Latin America,Textiles,Road,2023-09-17,2023-09-20,2023-09-20,0,0.162,0.358,0.088,564.2,407.9,351.7,3255.37,0
ORD-103691,SUP-029,0.765,Europe,Electronics,Sea,2024-06-01,2024-06-22,2024-06-22,0,0.439,0.353,0.214,218.0,328.4,304.8,2917.8,0
ORD-103692,SUP-023,0.548,Latin America,Electronics,Rail,2023-03-03,2023-03-12,2023-03-12,0,0.372,0.233,0.017,485.3,234.9,211.9,11498.77,0
ORD-103693,SUP-036,0.714,Asia Pacific,Machinery,Rail,2024-08-16,2024-08-23,2024-08-31,8,0.42,0.169,0.099,632.1,470.9,467.5,2122.98,1
ORD-103694,SUP-018,0.727,Asia Pacific,Electronics,Road,2024-03-18,2024-03-22,2024-03-24,2,0.321,0.19,0.027,572.7,316.7,345.0,18690.84,0
ORD-103695,SUP-023,0.548,North America,Electronics,Road,2023-06-04,2023-06-08,2023-06-08,0,0.46,0.199,0.027,636.2,343.1,325.4,2556.67,0
ORD-103696,SUP-031,0.712,Europe,Textiles,Road,2023-11-16,2023-11-19,2023-11-19,0,0.508,0.372,0.045,396.8,228.1,233.3,4415.16,0
ORD-103697,SUP-020,0.762,Asia Pacific,Electronics,Air,2024-08-31,2024-09-05,2024-09-05,0,0.382,0.336,0.018,519.4,690.3,556.4,4533.35,0
ORD-103698,SUP-030,0.76,Middle East/Africa,Machinery,Road,2024-07-07,2024-07-11,2024-07-11,0,0.599,0.359,0.02,517.3,441.9,339.4,4342.26,0
ORD-103699,SUP-011,0.936,Middle East/Africa,Pharma,Sea,2023-11-22,2023-12-15,2023-12-15,0,0.164,0.414,0.375,509.5,383.1,421.9,2408.98,0
ORD-103700,SUP-029,0.765,Europe,FMCG,Road,2023-05-29,2023-06-01,2023-06-02,1,0.332,0.0,0.051,193.6,466.9,243.3,7031.78,0
ORD-103701,SUP-014,0.805,Latin America,Electronics,Rail,2024-02-28,2024-03-06,2024-03-06,0,0.329,0.177,0.016,508.1,471.7,394.0,3781.59,0
ORD-103702,SUP-005,0.967,Asia Pacific,Electronics,Rail,2023-11-02,2023-11-08,2023-11-18,10,0.467,0.0,0.076,679.2,601.1,620.5,3957.25,1
ORD-103703,SUP-027,0.793,Europe,Pharma,Sea,2023-11-06,2023-11-28,2023-11-28,0,0.006,0.0,0.299,532.6,539.2,538.6,9211.01,0
ORD-103704,SUP-005,0.967,North America,Pharma,Road,2023-08-28,2023-09-02,2023-09-02,0,0.356,0.298,0.047,288.3,491.1,613.5,2075.2,0
ORD-103705,SUP-030,0.76,Asia Pacific,Automotive Parts,Sea,2023-06-07,2023-06-27,2023-06-27,0,0.423,0.256,0.328,454.2,477.3,508.7,15196.88,0
ORD-103706,SUP-001,0.823,North America,Pharma,Road,2023-10-15,2023-10-21,2023-10-21,0,0.561,0.193,0.047,268.9,327.9,329.4,5378.32,0
ORD-103707,SUP-026,0.782,Latin America,Electronics,Road,2023-11-03,2023-11-08,2023-11-08,0,0.196,0.266,0.056,429.4,350.5,386.8,7422.29,0
ORD-103708,SUP-037,0.757,Middle East/Africa,Electronics,Road,2024-07-09,2024-07-15,2024-07-15,0,,0.062,0.015,408.4,342.1,340.0,5573.28,0
ORD-103709,SUP-007,0.877,North America,Textiles,Air,2023-09-26,2023-09-28,2023-10-01,3,0.178,0.164,0.071,346.8,200.9,196.2,6037.63,1
ORD-103710,SUP-036,0.714,Middle East/Africa,FMCG,Road,2023-08-11,2023-08-15,2023-08-15,0,0.151,0.007,0.025,523.1,678.5,604.6,6148.77,0
ORD-103711,SUP-015,0.574,Middle East/Africa,Electronics,Road,2024-09-11,2024-09-14,2024-09-14,0,0.483,0.113,0.051,331.9,567.5,523.1,10337.06,0
ORD-103712,SUP-019,0.75,Middle East/Africa,Textiles,Road,2023-04-03,2023-04-07,2023-04-08,1,0.2,0.173,0.045,744.5,243.0,254.0,6260.05,0
ORD-103713,SUP-010,0.898,Europe,Machinery,Air,2024-07-18,2024-07-20,2024-08-08,19,0.133,0.09,0.033,393.9,493.3,443.0,4373.14,1
ORD-103714,SUP-006,0.63,Latin America,Machinery,Sea,2023-03-22,2023-04-11,2023-04-11,0,0.6,0.347,0.135,845.5,490.3,484.9,15533.52,0
ORD-103715,SUP-005,0.967,Middle East/Africa,Automotive Parts,Road,2024-01-19,2024-01-25,2024-01-25,0,0.337,0.283,0.058,438.8,435.8,481.7,6208.39,0
ORD-103716,SUP-031,0.712,Asia Pacific,FMCG,Sea,2023-04-22,2023-05-15,2023-05-18,3,0.231,0.4,0.213,560.6,312.2,291.2,8737.26,1
ORD-103717,SUP-011,0.936,North America,Automotive Parts,Sea,2023-03-06,2023-03-29,2023-03-29,0,0.173,0.3,0.546,325.5,519.4,643.6,4562.63,0
ORD-103718,SUP-011,0.936,Latin America,Automotive Parts,Rail,2023-10-23,2023-10-31,2023-10-31,0,0.132,0.306,0.073,405.1,438.8,402.8,3227.35,0
ORD-103719,SUP-015,0.574,Europe,Textiles,Rail,2024-08-17,2024-08-23,2024-09-01,9,0.0,0.47,0.096,527.7,510.4,510.9,7374.84,1
ORD-103720,SUP-001,0.823,Latin America,Automotive Parts,Road,2023-03-05,2023-03-11,2023-03-12,1,0.17,0.284,0.099,567.1,529.9,413.5,2791.0,1
ORD-103721,SUP-005,0.967,Latin America,Pharma,Road,2024-05-14,2024-05-19,2024-05-19,0,0.088,0.116,0.019,564.7,304.6,311.6,4061.87,0
ORD-103722,SUP-012,0.612,Europe,Textiles,Air,2024-09-30,2024-10-03,2024-10-09,6,0.282,0.277,0.056,730.5,615.9,514.5,7720.86,1
ORD-103723,SUP-016,0.842,North America,Automotive Parts,Air,2024-01-16,2024-01-20,2024-01-20,0,0.345,0.402,0.035,532.2,307.3,379.1,2895.31,0
ORD-103724,SUP-026,0.782,Europe,Textiles,Road,2024-02-29,2024-03-05,2024-03-06,1,0.32,0.0,0.031,621.2,431.9,349.2,6954.38,0
ORD-103725,SUP-013,0.8,Europe,Automotive Parts,Road,2023-12-25,2023-12-29,2023-12-29,0,0.402,0.053,0.082,770.8,696.2,665.9,3361.05,0
ORD-103726,SUP-015,0.574,Asia Pacific,Automotive Parts,Rail,2024-04-10,2024-04-17,2024-04-17,0,0.648,0.008,0.037,659.9,405.6,470.4,10566.89,0
ORD-103727,SUP-009,0.768,Europe,Pharma,Road,2024-01-23,2024-01-26,2024-01-26,0,0.697,0.385,0.035,468.5,281.3,270.0,2833.57,0
ORD-103728,SUP-008,0.711,Middle East/Africa,Pharma,Road,2023-12-03,2023-12-06,2023-12-07,1,0.085,0.352,0.087,190.4,425.1,394.9,8740.26,0
ORD-103729,SUP-024,0.818,Latin America,FMCG,Rail,2023-08-28,2023-09-03,2023-09-12,9,0.222,0.129,0.082,287.7,223.6,195.1,2188.67,1
ORD-103730,SUP-014,0.805,North America,Automotive Parts,Sea,2024-05-10,2024-06-02,2024-06-02,0,0.394,0.206,0.533,412.4,465.4,402.5,2717.68,0
ORD-103731,SUP-004,0.652,North America,Textiles,Rail,2023-10-11,2023-10-19,2023-10-19,0,0.158,0.397,0.095,695.4,357.8,457.7,6692.29,0
ORD-103732,SUP-001,0.823,North America,Machinery,Road,2024-01-05,2024-01-08,2024-01-08,0,0.451,0.347,0.065,501.5,526.9,451.7,5325.73,0
ORD-103733,SUP-001,0.823,Asia Pacific,Electronics,Sea,2024-01-07,2024-01-29,2024-01-29,0,0.492,0.103,0.0,349.5,481.8,536.4,4742.21,0
ORD-103734,SUP-029,0.765,Europe,FMCG,Road,2024-04-10,2024-04-13,2024-04-13,0,0.027,0.171,0.091,560.6,645.4,641.6,3641.73,0
ORD-103735,SUP-032,0.702,Europe,Pharma,Road,2023-12-22,2023-12-28,2023-12-28,0,0.607,0.274,0.026,617.0,308.8,305.5,4967.02,0
ORD-103736,SUP-026,0.782,Asia Pacific,Textiles,Road,2024-03-12,2024-03-18,2024-03-18,0,0.297,0.148,0.087,628.9,544.5,493.7,5328.27,0
ORD-103737,SUP-012,0.612,North America,Pharma,Air,2023-01-03,2023-01-06,2023-01-06,0,0.408,0.0,0.075,524.1,251.0,242.1,4956.46,0
ORD-103738,SUP-015,0.574,Middle East/Africa,FMCG,Air,2024-08-27,2024-08-29,2024-08-29,0,0.072,0.424,0.055,570.2,381.7,366.3,4005.7,0
ORD-103739,SUP-003,0.783,Europe,Automotive Parts,Rail,2023-12-27,2024-01-02,2024-01-06,4,0.427,0.211,0.014,445.9,377.8,410.3,4636.84,1
ORD-103740,SUP-026,0.782,North America,Automotive Parts,Road,2024-06-06,2024-06-09,2024-06-09,0,0.318,0.144,0.018,562.8,580.8,612.5,19452.73,0
ORD-103741,SUP-027,0.793,Latin America,FMCG,Sea,2024-08-17,2024-09-06,2024-09-06,0,0.312,0.314,0.235,262.3,381.5,271.4,23169.87,0
ORD-103742,SUP-009,0.768,Latin America,Electronics,Rail,2023-09-12,2023-09-20,2023-09-21,1,0.52,0.07,0.097,294.7,545.9,380.0,12269.71,0
ORD-103743,SUP-035,0.443,Latin America,FMCG,Road,2024-02-09,2024-02-12,2024-02-13,1,0.295,0.185,0.041,441.7,368.6,381.8,2618.97,0
ORD-103744,SUP-026,0.782,Europe,FMCG,Air,2023-08-15,2023-08-17,2023-08-17,0,0.014,0.252,0.099,703.9,507.0,541.2,5192.09,0
ORD-103745,SUP-027,0.793,Latin America,Electronics,Road,2023-04-21,2023-04-26,2023-04-26,0,0.441,0.0,0.017,327.9,446.4,443.4,6890.82,0
ORD-103746,SUP-024,0.818,Europe,Electronics,Road,2024-05-28,2024-06-02,2024-06-02,0,0.205,0.033,0.04,364.5,262.3,254.2,4251.74,0
ORD-103747,SUP-031,0.712,North America,Automotive Parts,Road,2023-12-31,2024-01-05,2024-01-05,0,0.394,0.198,0.06,562.8,395.4,451.1,9362.49,0
ORD-103748,SUP-011,0.936,Asia Pacific,Textiles,Rail,2023-02-15,2023-02-22,2023-02-22,0,0.563,0.217,0.096,553.3,550.2,511.3,16019.7,0
ORD-103749,SUP-025,0.704,North America,Automotive Parts,Road,2024-05-03,2024-05-09,2024-05-09,0,0.259,0.199,0.085,449.2,548.3,460.5,5115.01,0
ORD-103750,SUP-001,0.823,Latin America,Machinery,Air,2023-07-23,2023-07-27,2023-07-29,2,0.143,0.524,0.019,873.0,498.9,508.9,5944.41,1
ORD-103751,SUP-005,0.967,Middle East/Africa,Machinery,Rail,2023-01-30,2023-02-07,2023-02-07,0,,0.0,0.08,337.1,626.6,499.5,5223.41,0
ORD-103752,SUP-011,0.936,Asia Pacific,Pharma,Road,2024-03-20,2024-03-24,2024-03-24,0,0.174,0.188,0.079,585.4,522.9,572.6,6418.77,0
ORD-103753,SUP-017,0.619,North America,Electronics,Road,2023-11-11,2023-11-14,2023-11-14,0,0.151,0.256,0.098,612.3,482.6,444.2,3670.97,0
ORD-103754,SUP-029,0.765,Asia Pacific,Textiles,Sea,2023-06-05,2023-06-25,2023-06-25,0,0.387,0.234,0.026,784.4,290.7,223.3,3775.72,0
ORD-103755,SUP-025,0.704,Asia Pacific,FMCG,Sea,2024-07-22,2024-08-13,2024-08-13,0,0.479,0.509,0.655,365.2,480.0,536.6,18309.22,0
ORD-103756,SUP-015,0.574,Latin America,Electronics,Rail,2024-06-07,2024-06-15,2024-06-21,6,0.0,0.067,0.025,314.9,474.8,516.0,1620.28,1
ORD-103757,SUP-025,0.704,Middle East/Africa,Textiles,Road,2024-04-19,2024-04-23,2024-04-23,0,0.0,0.172,0.063,388.5,724.1,652.3,5090.01,0
ORD-103758,SUP-006,0.63,Europe,Machinery,Road,2024-06-17,2024-06-22,2024-06-22,0,0.337,0.349,0.055,665.0,512.6,464.9,7818.29,0
ORD-103759,SUP-023,0.548,North America,Automotive Parts,Road,2024-07-09,2024-07-13,2024-07-13,0,0.068,0.354,0.027,413.9,366.1,410.5,3585.46,0
ORD-103760,SUP-008,0.711,Latin America,Automotive Parts,Road,2023-06-17,2023-06-23,2023-06-28,5,0.463,0.08,0.047,452.5,381.8,422.8,3261.55,1
ORD-103761,SUP-010,0.898,Latin America,FMCG,Sea,2023-09-23,2023-10-16,2023-10-16,0,,0.114,0.248,369.5,385.5,450.7,10588.51,0
ORD-103762,SUP-040,0.607,Europe,Electronics,Air,2023-04-24,2023-04-29,2023-04-29,0,0.057,0.443,0.085,580.4,403.7,364.5,4172.38,0
ORD-103763,SUP-031,0.712,North America,Electronics,Rail,2023-01-17,2023-01-24,2023-01-24,0,0.531,0.33,0.047,612.7,579.8,542.6,2872.69,0
ORD-103764,SUP-027,0.793,North America,Machinery,Road,2024-07-22,2024-07-25,2024-07-25,0,0.173,0.389,0.054,635.8,491.2,370.7,3786.06,0
ORD-103765,SUP-019,0.75,Asia Pacific,Pharma,Sea,2023-01-04,2023-01-26,2023-02-04,9,0.322,0.427,0.292,753.9,253.7,288.1,5095.42,1
ORD-103766,SUP-021,0.656,Europe,Electronics,Rail,2023-03-21,2023-03-30,2023-04-15,16,0.127,0.59,0.071,370.9,271.6,235.0,2340.85,1
ORD-103767,SUP-005,0.967,Middle East/Africa,Electronics,Road,2024-02-28,2024-03-04,2024-03-04,0,0.0,0.357,0.041,479.9,418.7,423.1,7162.63,0
ORD-103768,SUP-039,0.777,North America,Electronics,Rail,2024-01-20,2024-01-26,2024-01-26,0,0.005,0.159,0.082,405.4,584.6,764.0,4019.29,0
ORD-103769,SUP-009,0.768,Latin America,Pharma,Road,2024-06-10,2024-06-14,2024-06-14,0,0.108,0.179,0.082,268.1,454.0,473.5,4490.49,0
ORD-103770,SUP-001,0.823,Latin America,Textiles,Sea,2024-06-16,2024-07-06,2024-07-06,0,0.051,0.0,0.0,674.5,686.0,656.5,6099.19,0
ORD-103771,SUP-018,0.727,North America,Electronics,Air,2024-03-21,2024-03-25,2024-03-25,0,0.304,0.216,0.078,549.6,454.6,480.8,5751.89,0
ORD-103772,SUP-001,0.823,Latin America,Pharma,Road,2024-02-02,2024-02-07,2024-02-07,0,0.53,0.173,0.043,299.9,645.9,592.4,11944.08,0
ORD-103773,SUP-037,0.757,Latin America,Machinery,Sea,2023-08-11,2023-09-02,2023-09-02,0,0.52,0.219,0.133,639.6,370.6,438.4,6479.26,0
ORD-103774,SUP-020,0.762,Europe,Pharma,Road,2023-09-06,2023-09-11,2023-09-11,0,,0.096,0.022,423.0,684.3,832.8,3098.39,0
ORD-103775,SUP-026,0.782,North America,Pharma,Road,2024-05-08,2024-05-11,2024-05-11,0,0.522,0.287,0.091,428.6,514.6,529.0,3327.66,0
ORD-103776,SUP-007,0.877,Asia Pacific,Automotive Parts,Sea,2023-05-22,2023-06-14,2023-06-20,6,0.228,0.214,0.418,872.9,423.6,419.1,12377.92,1
ORD-103777,SUP-015,0.574,Latin America,Pharma,Road,2024-04-17,2024-04-21,2024-04-27,6,0.526,0.144,0.014,560.5,466.1,478.6,3255.55,1
ORD-103778,SUP-029,0.765,North America,Automotive Parts,Road,2023-08-03,2023-08-06,2023-08-06,0,0.0,0.275,0.085,504.6,392.7,386.9,4698.78,0
ORD-103779,SUP-033,0.8,Europe,Pharma,Road,2023-01-26,2023-01-31,2023-01-31,0,0.134,0.213,0.093,598.1,490.5,489.3,5091.84,0
ORD-103780,SUP-025,0.704,Latin America,Pharma,Rail,2023-02-10,2023-02-18,2023-03-02,12,0.294,0.062,0.027,368.4,442.6,369.9,3916.89,1
ORD-103781,SUP-011,0.936,Europe,Machinery,Air,2024-02-20,2024-02-24,2024-02-24,0,0.406,0.079,0.002,493.7,330.1,290.4,8032.44,0
ORD-103782,SUP-034,0.576,Middle East/Africa,Electronics,Air,2023-05-06,2023-05-11,2023-05-16,5,0.339,0.192,0.012,564.4,511.0,520.0,4459.42,1
ORD-103783,SUP-026,0.782,North America,Textiles,Air,2024-02-20,2024-02-25,2024-02-27,2,0.0,0.208,0.016,399.4,464.8,455.0,6951.89,1
ORD-103784,SUP-002,0.788,Europe,Electronics,Sea,2023-05-23,2023-06-15,2023-06-15,0,0.476,0.367,0.129,573.1,445.1,405.7,2394.3,0
ORD-103785,SUP-008,0.711,North America,Machinery,Road,2024-07-13,2024-07-16,2024-07-16,0,0.0,0.431,0.019,300.8,339.5,306.6,15084.57,0
ORD-103786,SUP-020,0.762,Asia Pacific,Textiles,Road,2023-06-02,2023-06-05,2023-06-05,0,0.08,0.343,0.093,388.1,556.8,508.8,3205.6,0
ORD-103787,SUP-017,0.619,Asia Pacific,Pharma,Rail,2024-03-24,2024-04-01,2024-04-01,0,,0.093,0.071,347.7,332.7,335.8,5647.3,0
ORD-103788,SUP-037,0.757,Middle East/Africa,Pharma,Air,2023-10-23,2023-10-27,2023-10-27,0,0.525,0.263,0.079,577.4,417.9,388.8,10752.95,0
ORD-103789,SUP-017,0.619,Europe,Pharma,Sea,2023-10-24,2023-11-13,2023-11-13,0,0.034,0.257,0.256,296.9,416.7,477.9,15833.49,0
ORD-103790,SUP-027,0.793,Europe,Automotive Parts,Rail,2023-08-14,2023-08-23,2023-08-23,0,,0.453,0.063,508.8,303.1,336.9,5115.46,0
ORD-103791,SUP-017,0.619,Middle East/Africa,Automotive Parts,Road,2023-09-25,2023-09-28,2023-09-28,0,0.499,0.169,0.033,611.1,494.0,526.0,2539.86,0
ORD-103792,SUP-023,0.548,Latin America,Machinery,Air,2023-04-03,2023-04-08,2023-04-29,21,0.426,0.431,0.067,571.4,480.1,380.9,3518.29,1
ORD-103793,SUP-032,0.702,Asia Pacific,Textiles,Road,2023-05-19,2023-05-25,2023-05-25,0,0.444,0.1,0.04,719.0,483.0,487.7,2651.14,0
ORD-103794,SUP-026,0.782,Middle East/Africa,Machinery,Road,2024-08-28,2024-09-02,2024-09-02,0,0.551,0.456,0.001,455.5,465.9,552.3,4414.29,0
ORD-103795,SUP-016,0.842,North America,Electronics,Road,2024-05-17,2024-05-21,2024-05-21,0,0.213,0.119,0.007,198.3,414.4,404.7,2403.19,0
ORD-103796,SUP-008,0.711,North America,Machinery,Sea,2024-07-26,2024-08-17,2024-08-17,0,0.316,0.14,0.279,483.8,205.3,199.1,3989.16,0
ORD-103797,SUP-022,0.872,Asia Pacific,FMCG,Sea,2024-01-13,2024-02-04,2024-02-04,0,0.208,0.327,0.0,466.7,490.0,551.6,4104.48,0
ORD-103798,SUP-022,0.872,Middle East/Africa,FMCG,Air,2024-05-07,2024-05-09,2024-05-09,0,0.383,0.377,0.048,518.1,179.6,137.3,7873.76,0
ORD-103799,SUP-008,0.711,Europe,Automotive Parts,Air,2023-09-18,2023-09-23,2023-09-23,0,0.352,0.046,0.032,293.8,403.1,433.5,10318.28,0
ORD-103800,SUP-015,0.574,Europe,Electronics,Sea,2023-03-29,2023-04-19,2023-04-19,0,0.064,0.33,0.171,494.9,493.9,507.9,2074.28,0
ORD-103801,SUP-004,0.652,Middle East/Africa,FMCG,Road,2023-12-30,2024-01-05,2024-01-12,7,0.496,0.362,0.09,500.2,299.5,336.5,7830.07,1
ORD-103802,SUP-014,0.805,Asia Pacific,Pharma,Road,2024-01-08,2024-01-12,2024-01-14,2,0.527,0.172,0.054,250.1,473.0,554.2,15634.06,1
ORD-103803,SUP-003,0.783,Europe,Automotive Parts,Rail,2024-02-01,2024-02-08,2024-03-04,25,0.468,0.302,0.037,769.0,448.3,459.1,7753.76,1
ORD-103804,SUP-025,0.704,Middle East/Africa,FMCG,Rail,2023-03-27,2023-04-02,2023-04-02,0,0.426,0.128,0.007,608.9,358.4,420.5,8176.88,0
ORD-103805,SUP-008,0.711,Latin America,Textiles,Rail,2023-02-15,2023-02-22,2023-02-22,0,0.225,0.044,0.084,428.9,330.7,331.7,2477.88,0
ORD-103806,SUP-035,0.443,Middle East/Africa,Automotive Parts,Sea,2023-01-30,2023-02-20,2023-02-20,0,0.305,0.268,0.152,458.3,590.1,604.0,4820.34,0
ORD-103807,SUP-031,0.712,Latin America,Automotive Parts,Road,2023-08-28,2023-09-01,2023-09-01,0,0.401,0.0,0.027,184.5,265.1,262.7,11843.69,0
ORD-103808,SUP-010,0.898,Europe,Electronics,Sea,2023-05-01,2023-05-24,2023-06-04,11,0.611,0.26,0.411,602.6,328.5,225.3,11531.18,1
ORD-103809,SUP-013,0.8,Europe,Textiles,Road,2023-01-04,2023-01-08,2023-01-08,0,0.342,0.307,0.03,552.2,480.0,480.1,4945.99,0
ORD-103810,SUP-039,0.777,Latin America,Machinery,Sea,2024-05-05,2024-05-26,2024-05-26,0,,0.119,0.0,326.8,644.7,533.3,4441.06,0
ORD-103811,SUP-026,0.782,Europe,Textiles,Air,2023-04-05,2023-04-08,2023-04-17,9,0.253,0.0,0.054,783.4,695.2,659.3,8047.15,1
ORD-103812,SUP-011,0.936,Asia Pacific,FMCG,Air,2023-03-05,2023-03-07,2023-03-07,0,0.493,0.044,0.066,538.2,667.7,677.2,9710.16,0
ORD-103813,SUP-005,0.967,Middle East/Africa,FMCG,Sea,2023-10-14,2023-11-05,2023-11-13,8,0.678,0.078,0.0,505.0,571.8,541.3,4105.53,1
ORD-103814,SUP-031,0.712,Asia Pacific,FMCG,Road,2024-06-19,2024-06-24,2024-06-24,0,0.416,0.222,0.081,442.4,593.4,497.2,9509.92,0
ORD-103815,SUP-027,0.793,Middle East/Africa,Machinery,Road,2023-09-05,2023-09-11,2023-09-12,1,0.399,0.072,0.01,366.7,422.8,437.5,14500.99,0
ORD-103816,SUP-032,0.702,North America,Machinery,Sea,2023-05-15,2023-06-07,2023-06-07,0,0.237,0.045,0.235,726.0,406.1,384.2,3235.74,0
ORD-103817,SUP-017,0.619,Europe,Electronics,Sea,2024-01-06,2024-01-26,2024-01-26,0,0.475,0.053,0.354,404.6,414.6,503.8,1143.09,0
ORD-103818,SUP-015,0.574,Middle East/Africa,Automotive Parts,Rail,2023-10-12,2023-10-21,2023-10-21,0,0.668,0.108,0.082,450.7,252.3,254.6,3178.14,0
ORD-103819,SUP-002,0.788,Europe,Machinery,Road,2023-04-05,2023-04-09,2023-04-09,0,0.436,0.197,0.075,339.6,573.3,551.5,3533.27,0
ORD-103820,SUP-037,0.757,Middle East/Africa,Electronics,Sea,2024-02-26,2024-03-18,2024-03-18,0,0.531,0.063,0.595,771.1,339.1,315.9,6332.47,0
ORD-103821,SUP-003,0.783,Europe,Machinery,Road,2023-10-16,2023-10-22,2023-10-26,4,0.301,0.0,0.072,562.3,475.3,358.5,3754.07,1
ORD-103822,SUP-027,0.793,Asia Pacific,Textiles,Air,2023-03-28,2023-04-02,2023-04-02,0,0.226,0.132,0.089,401.1,523.8,579.9,1502.65,0
ORD-103823,SUP-024,0.818,Middle East/Africa,FMCG,Rail,2023-12-12,2023-12-19,2023-12-20,1,0.0,0.336,0.07,561.3,344.0,382.8,5282.43,0
ORD-103824,SUP-023,0.548,Latin America,FMCG,Sea,2023-09-09,2023-09-29,2023-10-08,9,0.283,0.076,0.385,630.6,391.9,411.0,11403.16,1
ORD-103825,SUP-023,0.548,Middle East/Africa,Pharma,Rail,2024-05-07,2024-05-14,2024-05-14,0,0.151,0.195,0.09,839.5,425.9,400.7,12944.47,0
ORD-103826,SUP-035,0.443,North America,Pharma,Road,2023-12-15,2023-12-18,2023-12-19,1,0.0,0.184,0.083,697.8,437.4,369.8,3501.08,0
ORD-103827,SUP-038,0.957,North America,Electronics,Road,2023-03-29,2023-04-01,2023-04-01,0,0.392,0.344,0.092,380.6,514.0,508.8,9891.38,0
ORD-103828,SUP-023,0.548,Asia Pacific,Pharma,Rail,2023-08-25,2023-09-02,2023-09-02,0,0.0,0.082,0.053,592.5,502.8,640.4,2162.37,0
ORD-103829,SUP-022,0.872,Middle East/Africa,Electronics,Road,2023-01-23,2023-01-28,2023-01-28,0,0.312,0.411,0.071,450.5,551.4,531.0,3923.19,0
ORD-103830,SUP-033,0.8,Europe,Automotive Parts,Road,2023-11-12,2023-11-15,2023-11-25,10,0.458,0.186,0.041,395.2,389.9,347.9,4588.54,1
ORD-103831,SUP-001,0.823,Latin America,Machinery,Sea,2024-04-26,2024-05-17,2024-05-17,0,0.206,0.143,0.156,582.1,659.8,548.6,6020.42,0
ORD-103832,SUP-020,0.762,Middle East/Africa,Machinery,Sea,2023-10-14,2023-11-06,2023-11-06,0,0.261,0.261,0.114,537.5,575.8,413.0,6235.43,0
ORD-103833,SUP-009,0.768,Middle East/Africa,Pharma,Road,2024-06-28,2024-07-04,2024-07-04,0,0.08,0.296,0.073,184.5,347.1,369.9,1737.96,0
ORD-103834,SUP-022,0.872,Asia Pacific,Machinery,Road,2023-09-10,2023-09-15,2023-10-01,16,0.318,0.479,0.035,680.0,201.9,229.4,7694.4,1
ORD-103835,SUP-033,0.8,Middle East/Africa,Automotive Parts,Air,2023-03-08,2023-03-11,2023-03-31,20,0.086,0.291,0.04,629.0,325.6,345.5,4426.82,1
ORD-103836,SUP-003,0.783,North America,Pharma,Air,2023-06-11,2023-06-13,2023-06-27,14,0.09,0.168,0.021,586.4,500.0,474.1,2870.43,1
ORD-103837,SUP-004,0.652,Middle East/Africa,FMCG,Sea,2023-06-13,2023-07-03,2023-07-04,1,0.467,0.27,0.192,367.2,460.7,492.3,8449.52,0
ORD-103838,SUP-030,0.76,Latin America,Machinery,Road,2024-07-10,2024-07-16,2024-07-23,7,0.364,0.368,0.064,314.4,585.4,619.4,4332.7,1
ORD-103839,SUP-009,0.768,North America,Electronics,Sea,2024-01-15,2024-02-04,2024-02-09,5,0.408,0.063,0.424,761.6,577.6,443.9,7674.43,1
ORD-103840,SUP-038,0.957,Asia Pacific,Machinery,Air,2023-08-02,2023-08-04,2023-08-04,0,0.229,0.253,0.081,654.1,232.6,198.9,2196.05,0
ORD-103841,SUP-016,0.842,North America,Machinery,Air,2024-06-13,2024-06-15,2024-07-02,17,0.239,0.386,0.017,775.6,363.1,420.6,3748.81,1
ORD-103842,SUP-039,0.777,Latin America,Pharma,Road,2023-02-25,2023-02-28,2023-03-10,10,0.259,0.275,0.033,342.0,550.4,736.1,11808.59,1
ORD-103843,SUP-032,0.702,Middle East/Africa,FMCG,Road,2024-04-24,2024-04-29,2024-05-07,8,0.243,0.356,0.003,604.7,659.4,779.0,2763.0,1
ORD-103844,SUP-010,0.898,Middle East/Africa,FMCG,Road,2024-02-10,2024-02-13,2024-02-13,0,0.223,0.266,0.03,547.3,589.6,549.3,6076.62,0
ORD-103845,SUP-018,0.727,Europe,Electronics,Rail,2024-09-02,2024-09-10,2024-09-10,0,0.267,0.112,0.06,452.9,440.5,433.1,8403.44,0
ORD-103846,SUP-034,0.576,Middle East/Africa,Pharma,Rail,2023-11-18,2023-11-26,2023-11-27,1,0.451,0.009,0.011,321.1,533.3,458.9,11741.33,0
ORD-103847,SUP-037,0.757,Latin America,Machinery,Sea,2024-03-10,2024-04-01,2024-04-01,0,0.285,0.437,0.384,713.9,338.4,370.9,3982.83,0
ORD-103848,SUP-030,0.76,Middle East/Africa,Pharma,Road,2023-06-03,2023-06-07,2023-06-15,8,0.227,0.376,0.011,529.2,572.9,545.3,3895.1,1
ORD-103849,SUP-021,0.656,Middle East/Africa,Machinery,Road,2023-09-22,2023-09-25,2023-09-25,0,0.472,0.178,0.043,422.8,617.0,568.6,2345.87,0
ORD-103850,SUP-025,0.704,Asia Pacific,FMCG,Road,2023-12-21,2023-12-24,2023-12-25,1,0.548,0.152,0.081,536.3,497.8,558.5,5515.71,0
ORD-103851,SUP-033,0.8,Asia Pacific,Automotive Parts,Road,2023-08-24,2023-08-27,2023-08-28,1,0.358,0.0,0.095,528.4,411.1,398.8,5915.06,0
ORD-103852,SUP-007,0.877,North America,Machinery,Sea,2024-07-15,2024-08-04,2024-08-04,0,0.22,0.242,0.34,390.9,283.0,307.7,13593.77,0
ORD-103853,SUP-035,0.443,Asia Pacific,Automotive Parts,Sea,2023-07-25,2023-08-16,2023-08-18,2,0.351,0.345,0.0,468.9,352.1,446.8,6322.25,0
ORD-103854,SUP-038,0.957,North America,Machinery,Air,2024-09-07,2024-09-09,2024-09-09,0,0.634,0.035,0.019,571.9,566.0,678.0,3662.83,0
ORD-103855,SUP-022,0.872,Europe,Textiles,Rail,2024-05-20,2024-05-28,2024-05-28,0,0.242,0.409,0.068,619.2,498.1,441.8,6691.48,0
ORD-103856,SUP-001,0.823,Middle East/Africa,Machinery,Rail,2023-07-08,2023-07-17,2023-08-01,15,0.285,0.413,0.025,397.1,469.6,470.3,3016.63,1
ORD-103857,SUP-006,0.63,Middle East/Africa,Machinery,Road,2023-05-19,2023-05-23,2023-05-23,0,0.149,0.137,0.1,433.6,348.6,371.4,5639.85,0
ORD-103858,SUP-010,0.898,Middle East/Africa,FMCG,Road,2023-02-19,2023-02-25,2023-02-25,0,0.384,0.0,0.014,587.3,537.6,365.4,8297.15,0
ORD-103859,SUP-023,0.548,North America,Automotive Parts,Rail,2024-06-08,2024-06-17,2024-06-17,0,0.271,0.244,0.066,509.5,387.7,357.4,8296.07,0
ORD-103860,SUP-013,0.8,Asia Pacific,Machinery,Road,2023-04-05,2023-04-09,2023-04-14,5,0.567,0.0,0.006,240.9,225.9,173.3,3921.28,1
ORD-103861,SUP-019,0.75,Europe,Electronics,Road,2024-05-06,2024-05-09,2024-05-09,0,0.0,0.334,0.024,256.7,565.8,601.3,8296.84,0
ORD-103862,SUP-020,0.762,North America,Textiles,Road,2024-07-02,2024-07-05,2024-07-10,5,0.259,0.308,0.086,517.9,567.4,666.4,5040.78,1
ORD-103863,SUP-032,0.702,Asia Pacific,Textiles,Road,2023-02-14,2023-02-20,2023-02-20,0,0.649,0.0,0.09,316.8,442.5,420.0,7433.13,0
ORD-103864,SUP-023,0.548,Asia Pacific,Automotive Parts,Sea,2023-12-23,2024-01-15,2024-01-16,1,0.584,0.23,0.029,275.7,497.7,565.4,8926.48,0
ORD-103865,SUP-013,0.8,North America,Pharma,Sea,2024-05-23,2024-06-15,2024-06-22,7,0.535,0.158,0.39,242.7,538.6,584.3,3130.3,1
ORD-103866,SUP-001,0.823,North America,FMCG,Road,2023-11-24,2023-11-27,2023-11-27,0,0.503,0.443,0.09,699.6,463.5,479.7,11849.7,0
ORD-103867,SUP-030,0.76,Latin America,Electronics,Rail,2023-09-10,2023-09-17,2023-09-17,0,0.323,0.0,0.078,571.0,462.6,566.6,5289.5,0
ORD-103868,SUP-022,0.872,Latin America,Textiles,Road,2023-05-25,2023-05-30,2023-05-31,1,0.33,0.08,0.049,346.9,477.9,469.7,6493.86,0
ORD-103869,SUP-020,0.762,Europe,Machinery,Road,2024-01-07,2024-01-13,2024-01-13,0,0.37,0.215,0.003,610.4,453.8,420.0,6112.48,0
ORD-103870,SUP-015,0.574,Asia Pacific,Pharma,Road,2024-05-04,2024-05-08,2024-05-08,0,0.196,0.246,0.047,645.7,365.6,481.0,10912.87,0
ORD-103871,SUP-024,0.818,Middle East/Africa,Machinery,Rail,2023-07-07,2023-07-13,2023-07-13,0,0.108,0.077,0.043,376.1,616.1,528.8,3142.36,0
ORD-103872,SUP-040,0.607,North America,Electronics,Rail,2023-08-19,2023-08-26,2023-08-30,4,0.29,0.122,0.012,557.6,445.6,496.5,4337.03,1
ORD-103873,SUP-022,0.872,Latin America,Pharma,Road,2024-02-18,2024-02-21,2024-02-26,5,0.138,0.221,0.003,820.6,390.9,380.5,1308.11,1
ORD-103874,SUP-021,0.656,Latin America,Pharma,Road,2024-08-22,2024-08-28,2024-08-28,0,0.0,0.054,0.076,682.2,340.2,256.3,3481.38,0
ORD-103875,SUP-025,0.704,Latin America,Textiles,Road,2024-08-21,2024-08-25,2024-08-25,0,0.272,0.496,0.051,565.6,516.8,351.1,3832.61,0
ORD-103876,SUP-008,0.711,Asia Pacific,FMCG,Rail,2023-06-07,2023-06-13,2023-06-14,1,0.158,0.513,0.052,727.8,419.2,409.4,9908.85,0
ORD-103877,SUP-033,0.8,Asia Pacific,Pharma,Road,2023-11-17,2023-11-22,2023-11-22,0,0.0,0.418,0.038,626.7,426.5,359.0,3588.38,0
ORD-103878,SUP-018,0.727,Asia Pacific,Automotive Parts,Sea,2023-07-20,2023-08-10,2023-08-10,0,0.701,0.092,0.133,647.0,338.4,440.3,2605.97,0
ORD-103879,SUP-002,0.788,Europe,FMCG,Air,2024-06-16,2024-06-18,2024-06-18,0,0.376,0.086,0.036,438.0,364.5,406.6,5138.97,0
ORD-103880,SUP-025,0.704,Asia Pacific,Machinery,Rail,2024-04-24,2024-05-03,2024-05-10,7,0.344,0.14,0.078,65.9,322.1,325.1,5889.21,1
ORD-103881,SUP-018,0.727,Europe,Electronics,Rail,2024-07-11,2024-07-17,2024-07-17,0,0.379,0.004,0.087,438.4,366.8,384.3,2040.54,0
ORD-103882,SUP-005,0.967,Latin America,FMCG,Rail,2023-09-28,2023-10-05,2023-10-05,0,0.21,0.173,0.058,595.8,706.7,710.9,4689.83,0
ORD-103883,SUP-035,0.443,Europe,FMCG,Air,2023-03-01,2023-03-04,2023-03-04,0,0.021,0.097,0.029,341.0,480.1,515.5,5573.06,0
ORD-103884,SUP-014,0.805,Middle East/Africa,Machinery,Air,2023-06-25,2023-06-30,2023-06-30,0,0.335,0.417,0.097,503.2,467.3,476.3,7901.86,0
ORD-103885,SUP-023,0.548,Europe,Textiles,Road,2023-10-05,2023-10-09,2023-10-09,0,0.244,0.001,0.004,395.5,549.9,659.6,7854.82,0
ORD-103886,SUP-035,0.443,Middle East/Africa,Electronics,Rail,2024-06-22,2024-06-29,2024-07-03,4,0.346,0.013,0.083,600.5,619.9,653.4,3579.1,1
ORD-103887,SUP-019,0.75,Asia Pacific,Automotive Parts,Road,2023-06-11,2023-06-14,2023-06-14,0,0.36,0.103,0.053,511.8,595.8,477.1,4508.32,0
ORD-103888,SUP-030,0.76,Latin America,Pharma,Rail,2023-09-13,2023-09-21,2023-09-21,0,0.113,0.121,0.044,259.4,338.2,286.2,10717.43,0
ORD-103889,SUP-007,0.877,Europe,Pharma,Rail,2023-03-07,2023-03-13,2023-03-13,0,0.315,0.138,0.05,648.7,243.1,259.1,6105.17,0
ORD-103890,SUP-011,0.936,Europe,Machinery,Road,2024-03-09,2024-03-15,2024-03-15,0,0.022,0.115,0.048,721.8,490.4,368.8,3501.59,0
ORD-103891,SUP-005,0.967,North America,Machinery,Road,2023-05-04,2023-05-08,2023-05-08,0,0.517,0.0,0.044,382.5,417.8,488.8,9863.85,0
ORD-103892,SUP-019,0.75,Europe,Machinery,Road,2023-07-25,2023-07-31,2023-07-31,0,0.517,0.028,0.087,158.6,254.8,164.4,5646.08,0
ORD-103893,SUP-025,0.704,Europe,Automotive Parts,Road,2023-12-05,2023-12-09,2023-12-09,0,0.061,0.399,0.029,622.0,347.2,397.8,1253.38,0
ORD-103894,SUP-003,0.783,Middle East/Africa,Pharma,Road,2023-09-25,2023-09-30,2023-10-12,12,0.534,0.348,0.021,523.5,696.3,577.0,4247.45,1
ORD-103895,SUP-028,0.644,Europe,Pharma,Air,2023-07-18,2023-07-20,2023-08-08,19,0.44,0.443,0.025,330.6,508.6,533.7,6960.33,1
ORD-103896,SUP-017,0.619,Latin America,Electronics,Rail,2023-10-01,2023-10-08,2023-10-16,8,0.484,0.125,0.05,410.6,536.5,516.9,2484.65,1
ORD-103897,SUP-023,0.548,Asia Pacific,Machinery,Sea,2024-09-30,2024-10-21,2024-10-21,0,0.319,0.187,0.011,383.0,470.3,527.7,3171.91,0
ORD-103898,SUP-001,0.823,Middle East/Africa,Pharma,Road,2023-04-17,2023-04-21,2023-04-21,0,0.527,0.401,0.093,291.5,251.6,215.1,7377.16,0
ORD-103899,SUP-033,0.8,Europe,FMCG,Air,2023-06-02,2023-06-06,2023-06-06,0,0.034,0.257,0.001,396.2,234.0,221.4,6357.68,0
ORD-103900,SUP-037,0.757,Asia Pacific,FMCG,Rail,2023-11-27,2023-12-06,2023-12-06,0,0.318,0.041,0.058,593.0,689.0,737.3,14223.9,0
ORD-103901,SUP-026,0.782,North America,FMCG,Road,2023-05-02,2023-05-05,2023-05-06,1,0.674,0.302,0.01,537.5,682.7,660.9,5369.49,0
ORD-103902,SUP-001,,Europe,FMCG,Sea,2023-01-08,2023-01-30,2023-02-03,4,0.141,0.386,0.217,433.0,337.9,322.2,8509.68,1
ORD-103903,SUP-024,0.818,Middle East/Africa,Pharma,Rail,2024-02-23,2024-02-29,2024-02-29,0,0.322,0.187,0.058,415.8,478.1,470.6,3810.49,0
ORD-103904,SUP-007,0.877,Europe,Machinery,Rail,2024-08-11,2024-08-20,2024-09-18,29,0.102,0.361,0.047,581.1,309.0,250.9,6320.32,1
ORD-103905,SUP-010,0.898,Europe,Textiles,Road,2024-03-24,2024-03-30,2024-03-31,1,0.128,0.367,0.066,284.0,329.6,395.7,2318.66,0
ORD-103906,SUP-016,0.842,Latin America,Pharma,Road,2023-07-16,2023-07-21,2023-07-21,0,0.336,0.14,0.076,506.1,241.7,253.5,9618.26,0
ORD-103907,SUP-036,0.714,Asia Pacific,Machinery,Road,2024-06-21,2024-06-24,2024-06-24,0,0.413,0.308,0.034,281.1,481.3,463.4,7204.84,0
ORD-103908,SUP-006,0.63,Europe,Pharma,Rail,2023-12-28,2024-01-05,2024-01-11,6,0.533,0.164,0.089,373.7,604.8,620.9,4547.23,1
ORD-103909,SUP-017,0.619,Asia Pacific,Electronics,Road,2023-12-31,2024-01-03,2024-01-13,10,0.514,0.283,0.032,520.8,525.3,434.6,2252.21,1
ORD-103910,SUP-024,0.818,Europe,Textiles,Sea,2023-09-11,2023-10-03,2023-10-07,4,0.4,0.0,0.257,451.0,391.4,319.6,22757.31,1
ORD-103911,SUP-028,0.644,Asia Pacific,FMCG,Air,2023-11-02,2023-11-06,2023-11-06,0,0.112,0.327,0.047,600.8,527.5,571.2,1353.07,0
ORD-103912,SUP-030,0.76,North America,Textiles,Road,2023-08-31,2023-09-03,2023-09-03,0,0.136,0.234,0.05,351.3,438.2,561.4,3294.32,0
ORD-103913,SUP-007,0.877,Asia Pacific,Machinery,Road,2023-09-24,2023-09-27,2023-09-27,0,0.106,0.528,0.044,397.0,336.2,378.0,9085.17,0
ORD-103914,SUP-012,0.612,Europe,Textiles,Road,2024-07-12,2024-07-15,2024-07-21,6,0.176,0.131,0.092,681.8,548.7,533.8,17759.44,1
ORD-103915,SUP-001,0.823,Europe,Pharma,Air,2023-01-30,2023-02-03,2023-02-03,0,0.206,0.0,0.039,659.2,500.1,470.4,3803.34,0
ORD-103916,SUP-040,0.607,Asia Pacific,Machinery,Road,2024-08-21,2024-08-27,2024-08-27,0,0.148,0.169,0.003,707.9,310.7,327.4,7735.84,0
ORD-103917,SUP-021,0.656,Europe,Textiles,Air,2023-05-04,2023-05-06,2023-05-06,0,0.378,0.169,0.059,684.7,495.5,625.0,9924.55,0
ORD-103918,SUP-031,0.712,North America,Electronics,Air,2023-02-19,2023-02-21,2023-02-21,0,0.086,0.095,0.081,553.4,290.0,172.0,5911.37,0
ORD-103919,SUP-012,0.612,Europe,Textiles,Sea,2023-07-12,2023-08-03,2023-08-05,2,0.108,0.194,0.43,167.5,582.6,419.5,9232.22,0
ORD-103920,SUP-001,0.823,Latin America,Textiles,Rail,2024-05-09,2024-05-15,2024-05-15,0,0.018,0.0,0.063,453.4,516.6,467.1,4727.48,0
ORD-103921,SUP-037,0.757,Europe,Pharma,Sea,2023-04-08,2023-04-30,2023-05-12,12,0.379,0.0,0.415,399.1,377.6,418.7,2417.81,1
ORD-103922,SUP-006,0.63,Latin America,Electronics,Road,2023-04-11,2023-04-16,2023-04-16,0,0.649,0.14,0.054,584.9,528.2,443.0,7065.6,0
ORD-103923,SUP-021,0.656,Latin America,FMCG,Sea,2024-01-08,2024-01-30,2024-01-30,0,0.189,0.0,0.079,573.4,416.4,439.3,2122.14,0
ORD-103924,SUP-003,0.783,Middle East/Africa,Pharma,Rail,2024-04-13,2024-04-20,2024-04-21,1,0.027,0.105,0.023,707.3,579.2,627.5,3007.73,0
ORD-103925,SUP-035,0.443,Middle East/Africa,Textiles,Sea,2023-08-18,2023-09-08,2023-09-25,17,0.411,0.227,0.0,230.8,549.2,577.4,6977.3,1
ORD-103926,SUP-002,0.788,North America,Automotive Parts,Road,2024-09-04,2024-09-09,2024-09-09,0,0.221,0.288,0.057,398.8,660.5,792.5,6625.98,0
ORD-103927,SUP-009,0.768,Middle East/Africa,FMCG,Road,2023-10-20,2023-10-26,2023-10-26,0,0.266,0.161,0.081,812.9,286.4,272.2,5725.07,0
ORD-103928,SUP-031,0.712,Latin America,Automotive Parts,Road,2024-07-08,2024-07-12,2024-07-12,0,0.477,0.509,0.094,473.1,509.8,619.4,2718.64,0
ORD-103929,SUP-007,0.877,Asia Pacific,Automotive Parts,Rail,2023-05-11,2023-05-18,2023-05-19,1,0.0,0.273,0.059,742.0,409.6,360.5,1460.66,0
ORD-103930,SUP-040,0.607,North America,Pharma,Road,2023-10-01,2023-10-06,2023-10-06,0,0.18,0.177,0.098,439.8,618.6,582.5,8686.68,0
ORD-103931,SUP-033,0.8,North America,Electronics,Road,2024-03-09,2024-03-13,2024-03-13,0,0.323,0.128,0.042,695.2,529.2,531.0,8161.12,0
ORD-103932,SUP-019,0.75,Europe,Machinery,Rail,2023-11-01,2023-11-09,2023-11-09,0,0.37,0.0,0.056,420.6,587.1,781.3,3184.25,0
ORD-103933,SUP-005,0.967,North America,Textiles,Rail,2023-10-06,2023-10-12,2023-10-13,1,0.347,0.0,0.015,666.1,374.1,409.0,3600.09,0
ORD-103934,SUP-019,0.75,Asia Pacific,FMCG,Road,2023-12-12,2023-12-15,2023-12-16,1,0.178,0.119,0.085,580.5,324.3,335.6,4168.03,0
ORD-103935,SUP-007,0.877,Middle East/Africa,Electronics,Sea,2024-09-21,2024-10-11,2024-10-11,0,0.263,0.186,0.46,589.2,474.3,592.2,9722.23,0
ORD-103936,SUP-040,0.607,North America,FMCG,Rail,2023-04-30,2023-05-08,2023-05-08,0,0.222,0.313,0.077,480.0,569.8,585.7,7922.4,0
ORD-103937,SUP-014,0.805,Asia Pacific,Electronics,Road,2024-07-27,2024-07-30,2024-07-30,0,0.319,0.281,0.08,950.2,420.2,403.5,4797.0,0
ORD-103938,SUP-003,0.783,Latin America,Textiles,Road,2024-07-08,2024-07-12,2024-07-12,0,0.693,0.268,0.043,389.4,489.8,606.7,1620.72,0
ORD-103939,SUP-009,0.768,North America,FMCG,Air,2023-11-24,2023-11-26,2023-11-26,0,0.401,0.351,0.092,664.7,479.2,392.1,3021.3,0
ORD-103940,SUP-015,0.574,Latin America,Pharma,Sea,2024-07-07,2024-07-28,2024-07-28,0,0.062,0.303,0.008,562.2,392.3,400.4,3498.18,0
ORD-103941,SUP-018,0.727,Europe,Machinery,Road,2024-05-23,2024-05-27,2024-05-27,0,0.295,0.224,0.038,235.2,623.0,682.4,7066.88,0
ORD-103942,SUP-023,0.548,North America,FMCG,Road,2023-06-02,2023-06-06,2023-06-10,4,0.517,0.226,0.081,421.4,582.1,509.1,4201.1,1
ORD-103943,SUP-015,0.574,Asia Pacific,Electronics,Rail,2024-01-14,2024-01-21,2024-01-22,1,0.432,0.186,0.026,464.9,368.1,370.1,6589.79,0
ORD-103944,SUP-029,0.765,Asia Pacific,Textiles,Rail,2024-03-04,2024-03-10,2024-03-11,1,0.502,0.192,0.041,440.0,293.1,291.4,10666.11,0
ORD-103945,SUP-037,0.757,Asia Pacific,Electronics,Road,2024-07-09,2024-07-14,2024-07-14,0,0.369,0.068,0.096,498.1,332.7,291.1,5124.27,0
ORD-103946,SUP-030,0.76,Middle East/Africa,Machinery,Sea,2023-01-02,2023-01-22,2023-01-27,5,0.42,0.207,0.044,645.5,453.4,568.9,11559.08,1
ORD-103947,SUP-034,0.576,Asia Pacific,Textiles,Sea,2023-05-03,2023-05-25,2023-05-25,0,0.279,0.277,0.264,483.1,373.0,344.4,3932.39,0
ORD-103948,SUP-004,,Asia Pacific,Textiles,Rail,2024-09-05,2024-09-13,2024-09-19,6,0.292,0.073,0.019,494.2,58.2,49.3,2282.36,1
ORD-103949,SUP-027,0.793,Middle East/Africa,FMCG,Sea,2024-09-25,2024-10-18,2024-10-27,9,0.0,0.01,0.0,749.7,515.6,481.6,7613.88,1
ORD-103950,SUP-004,0.652,North America,Machinery,Air,2023-12-05,2023-12-09,2023-12-09,0,0.0,0.107,0.006,405.4,557.6,549.3,10916.67,0
ORD-103951,SUP-008,0.711,Middle East/Africa,Automotive Parts,Rail,2024-02-12,2024-02-18,2024-02-18,0,0.336,0.035,0.016,323.1,460.3,529.8,3684.58,0
ORD-103952,SUP-025,0.704,Europe,Textiles,Road,2023-06-07,2023-06-10,2023-06-11,1,0.402,0.378,0.014,429.1,565.3,502.8,6037.53,1
ORD-103953,SUP-034,0.576,Latin America,Electronics,Air,2024-05-09,2024-05-12,2024-05-12,0,0.237,0.52,0.022,411.4,383.6,424.3,1662.4,0
ORD-103954,SUP-008,0.711,Middle East/Africa,Automotive Parts,Rail,2024-01-17,2024-01-24,2024-01-27,3,0.272,0.257,0.008,763.3,465.0,483.0,1069.77,1
ORD-103955,SUP-035,0.443,Europe,Electronics,Road,2023-10-08,2023-10-12,2023-10-19,7,0.193,0.293,0.078,688.0,195.2,256.2,5387.0,1
ORD-103956,SUP-002,0.788,Europe,FMCG,Rail,2023-05-18,2023-05-26,2023-05-26,0,0.397,0.145,0.059,558.0,337.0,196.7,7354.87,0
ORD-103957,SUP-006,0.63,Asia Pacific,Electronics,Air,2023-03-12,2023-03-14,2023-03-16,2,0.748,0.115,0.005,799.8,472.2,531.4,3350.14,0
ORD-103958,SUP-036,0.714,Middle East/Africa,Electronics,Air,2024-07-09,2024-07-14,2024-07-14,0,0.301,0.0,0.032,234.2,496.3,534.4,3371.21,0
ORD-103959,SUP-018,0.727,Asia Pacific,Automotive Parts,Rail,2023-04-29,2023-05-07,2023-05-07,0,0.02,0.185,0.037,610.3,360.2,305.0,3408.49,0
ORD-103960,SUP-018,0.727,Middle East/Africa,FMCG,Sea,2024-02-15,2024-03-08,2024-03-22,14,0.0,0.192,0.489,616.1,277.8,199.3,2922.46,1
ORD-103961,SUP-020,0.762,North America,Electronics,Road,2023-06-28,2023-07-01,2023-07-01,0,0.271,0.012,0.042,502.5,460.6,455.7,6247.67,0
ORD-103962,SUP-028,0.644,Latin America,FMCG,Road,2023-02-10,2023-02-15,2023-02-15,0,0.388,0.157,0.043,433.0,603.7,544.7,1457.22,0
ORD-103963,SUP-022,0.872,Middle East/Africa,FMCG,Road,2023-04-13,2023-04-18,2023-04-27,9,0.398,0.329,0.034,521.9,443.5,485.1,6291.15,1
ORD-103964,SUP-018,0.727,North America,FMCG,Road,2024-06-07,2024-06-10,2024-06-11,1,0.274,0.0,0.087,653.4,482.5,419.3,2578.77,0
ORD-103965,SUP-004,0.652,North America,Automotive Parts,Road,2024-04-17,2024-04-23,2024-05-02,9,0.189,0.106,0.059,509.1,550.3,543.5,5675.52,1
ORD-103966,SUP-011,0.936,Latin America,Automotive Parts,Road,2023-03-04,2023-03-10,2023-03-10,0,0.116,0.0,0.046,728.6,572.3,431.2,3651.95,0
ORD-103967,SUP-038,0.957,North America,FMCG,Road,2024-04-22,2024-04-25,2024-04-25,0,0.262,0.445,0.06,332.3,243.6,267.7,4567.96,0
ORD-103968,SUP-034,0.576,Middle East/Africa,Automotive Parts,Road,2023-05-13,2023-05-17,2023-05-17,0,0.067,0.26,0.072,0.0,436.8,425.2,9778.34,0
ORD-103969,SUP-029,0.765,Middle East/Africa,Electronics,Road,2023-03-15,2023-03-21,2023-03-21,0,0.235,0.332,0.035,673.0,344.5,363.5,2108.37,0
ORD-103970,SUP-011,0.936,North America,Machinery,Rail,2024-09-24,2024-10-02,2024-10-02,0,0.394,0.223,0.051,666.2,434.6,551.0,3723.5,0
ORD-103971,SUP-027,0.793,Latin America,Electronics,Road,2023-02-09,2023-02-12,2023-02-24,12,0.192,0.178,0.077,765.5,495.9,570.2,3340.9,1
ORD-103972,SUP-017,0.619,Europe,Pharma,Sea,2024-08-28,2024-09-17,2024-09-17,0,0.465,0.016,0.156,167.5,461.7,406.8,3771.18,0
ORD-103973,SUP-009,0.768,Middle East/Africa,FMCG,Rail,2024-09-13,2024-09-21,2024-09-22,1,0.375,0.228,0.014,672.4,306.1,385.7,5422.19,0
ORD-103974,SUP-033,0.8,North America,Textiles,Air,2024-06-22,2024-06-26,2024-06-26,0,0.447,0.135,0.055,565.0,335.5,417.6,1922.88,0
ORD-103975,SUP-016,0.842,North America,Automotive Parts,Sea,2024-04-26,2024-05-17,2024-05-27,10,0.674,0.139,0.542,518.5,554.8,445.9,13763.22,1
ORD-103976,SUP-028,0.644,Latin America,Automotive Parts,Rail,2023-02-17,2023-02-24,2023-02-25,1,0.385,0.233,0.018,350.3,466.3,519.2,3938.22,0
ORD-103977,SUP-022,0.872,Middle East/Africa,Machinery,Sea,2023-08-02,2023-08-23,2023-08-23,0,0.219,0.203,0.0,474.8,480.6,623.4,1520.13,0
ORD-103978,SUP-014,0.805,Europe,Machinery,Road,2024-01-09,2024-01-14,2024-01-19,5,0.342,0.052,0.031,441.3,449.4,558.7,6074.14,1
ORD-103979,SUP-025,0.704,North America,Electronics,Sea,2023-11-27,2023-12-17,2023-12-17,0,0.293,0.232,0.53,220.9,547.3,561.9,2906.65,0
ORD-103980,SUP-020,0.762,Europe,Electronics,Air,2023-10-13,2023-10-18,2023-10-18,0,0.0,0.268,0.066,312.5,606.8,759.3,4783.05,0
ORD-103981,SUP-013,0.8,Asia Pacific,Pharma,Air,2024-01-09,2024-01-14,2024-01-14,0,0.074,0.319,0.002,423.7,238.8,202.7,10645.91,0
ORD-103982,SUP-031,0.712,Latin America,FMCG,Sea,2023-01-13,2023-02-02,2023-02-02,0,0.183,0.033,0.0,734.3,399.5,291.5,16442.44,0
ORD-103983,SUP-034,0.576,Middle East/Africa,Machinery,Rail,2024-01-08,2024-01-15,2024-01-15,0,0.248,0.46,0.097,723.7,373.5,418.7,2813.53,0
ORD-103984,SUP-008,0.711,North America,Electronics,Sea,2024-08-23,2024-09-14,2024-09-14,0,0.0,0.0,0.0,489.6,460.1,546.9,5298.94,0
ORD-103985,SUP-029,0.765,Asia Pacific,Pharma,Sea,2023-10-13,2023-11-02,2023-11-02,0,0.124,0.0,0.294,688.7,423.1,493.0,8936.49,0
ORD-103986,SUP-011,0.936,Europe,FMCG,Rail,2024-09-26,2024-10-04,2024-10-04,0,0.237,0.29,0.052,661.6,514.9,547.6,7471.2,0
ORD-103987,SUP-033,0.8,North America,Machinery,Sea,2024-03-22,2024-04-14,2024-05-04,20,0.296,0.0,0.4,674.1,536.4,631.0,5926.89,1
ORD-103988,SUP-033,0.8,Latin America,Textiles,Rail,2023-02-25,2023-03-04,2023-03-14,10,,0.0,0.099,645.5,261.1,255.6,7367.49,1
ORD-103989,SUP-030,0.76,North America,FMCG,Road,2023-09-16,2023-09-19,2023-09-28,9,0.238,0.263,0.003,486.1,390.4,356.1,3267.06,1
ORD-103990,SUP-014,0.805,Latin America,Electronics,Rail,2024-01-29,2024-02-05,2024-02-05,0,0.223,0.445,0.015,740.3,409.0,473.3,4114.66,0
ORD-103991,SUP-023,0.548,Europe,Pharma,Road,2023-10-10,2023-10-14,2023-10-14,0,0.446,0.344,0.018,661.8,501.1,458.3,1967.83,0
ORD-103992,SUP-008,0.711,Asia Pacific,Textiles,Sea,2024-03-18,2024-04-07,2024-04-07,0,0.295,0.356,0.556,779.4,580.0,733.9,3804.79,0
ORD-103993,SUP-029,0.765,Middle East/Africa,Machinery,Sea,2023-03-03,2023-03-26,2023-03-26,0,0.113,0.233,0.381,685.4,382.4,424.1,10129.19,0
ORD-103994,SUP-026,0.782,North America,Automotive Parts,Rail,2023-05-18,2023-05-26,2023-05-27,1,0.159,0.016,0.051,142.2,210.1,240.5,2897.13,0
ORD-103995,SUP-039,0.777,Middle East/Africa,Machinery,Road,2024-07-09,2024-07-14,2024-07-15,1,0.24,0.108,0.068,442.7,354.8,247.3,4863.12,0
ORD-103996,SUP-021,0.656,Asia Pacific,Machinery,Sea,2024-09-22,2024-10-13,2024-10-13,0,0.254,0.106,0.163,284.6,602.1,507.2,3542.67,0
ORD-103997,SUP-010,0.898,Latin America,Electronics,Road,2024-07-31,2024-08-04,2024-08-05,1,0.363,0.108,0.068,531.2,602.8,711.1,2769.38,0
ORD-103998,SUP-030,0.76,North America,Automotive Parts,Sea,2024-06-07,2024-06-28,2024-07-10,12,0.224,0.246,0.617,682.0,309.4,352.3,13676.93,1
ORD-103999,SUP-013,0.8,Europe,FMCG,Road,2024-04-21,2024-04-26,2024-05-05,9,0.24,0.0,0.082,484.4,431.0,508.2,1890.02,1
ORD-104000,SUP-009,0.768,Asia Pacific,Electronics,Road,2023-02-04,2023-02-09,2023-02-09,0,0.131,0.024,0.032,395.3,437.8,417.6,23994.04,0
ORD-104001,SUP-036,0.714,North America,FMCG,Road,2023-09-17,2023-09-22,2023-09-23,1,0.253,0.0,0.008,534.9,690.2,521.7,2517.76,0
ORD-104002,SUP-040,0.607,North America,Pharma,Sea,2023-05-28,2023-06-20,2023-06-26,6,0.07,0.178,0.464,814.9,600.7,572.9,21608.82,1
ORD-104003,SUP-001,0.823,North America,Pharma,Rail,2024-09-02,2024-09-11,2024-09-15,4,0.039,0.127,0.072,594.9,536.9,496.2,4490.62,1
ORD-104004,SUP-018,0.727,Asia Pacific,Textiles,Air,2024-04-16,2024-04-18,2024-04-24,6,0.415,0.28,0.035,662.9,368.6,274.0,5186.74,1
ORD-104005,SUP-011,0.936,Latin America,Pharma,Road,2024-08-30,2024-09-05,2024-09-10,5,0.309,0.209,0.007,491.7,347.5,344.8,7070.93,1
ORD-104006,SUP-028,0.644,Asia Pacific,Machinery,Road,2024-01-14,2024-01-18,2024-01-18,0,0.484,0.031,0.0,732.7,483.9,430.0,5867.07,0
ORD-104007,SUP-005,0.967,Latin America,Machinery,Air,2023-02-12,2023-02-16,2023-02-16,0,,0.254,0.023,349.4,388.4,356.3,5010.98,0
ORD-104008,SUP-021,0.656,Asia Pacific,Textiles,Rail,2024-06-03,2024-06-11,2024-06-11,0,0.068,0.131,0.036,655.5,457.0,384.3,15211.16,0
ORD-104009,SUP-034,0.576,Latin America,Pharma,Road,2024-08-26,2024-08-31,2024-09-23,23,0.713,0.306,0.098,417.2,365.6,325.0,5029.5,1
ORD-104010,SUP-039,0.777,Middle East/Africa,Machinery,Road,2023-01-26,2023-01-31,2023-01-31,0,0.0,0.179,0.006,742.9,362.5,360.8,3641.05,0
ORD-104011,SUP-036,0.714,Middle East/Africa,Pharma,Sea,2023-10-28,2023-11-17,2023-11-17,0,0.063,0.0,0.153,736.4,497.8,508.9,2821.25,0
ORD-104012,SUP-026,,Asia Pacific,Pharma,Road,2023-06-03,2023-06-08,2023-06-08,0,0.215,0.166,0.053,412.9,441.8,376.8,3639.2,0
ORD-104013,SUP-024,0.818,North America,FMCG,Road,2023-03-19,2023-03-25,2023-03-27,2,,0.281,0.063,576.9,281.5,225.9,6768.83,1
ORD-104014,SUP-007,0.877,Latin America,Machinery,Road,2024-02-29,2024-03-05,2024-03-11,6,0.0,0.236,0.052,497.2,485.4,434.9,9886.83,1
ORD-104015,SUP-031,0.712,Middle East/Africa,Pharma,Road,2024-04-15,2024-04-20,2024-04-20,0,0.0,0.037,0.049,569.0,376.1,298.4,5211.28,0
ORD-104016,SUP-002,0.788,Latin America,Textiles,Road,2024-06-25,2024-07-01,2024-07-01,0,0.01,0.222,0.059,556.6,462.5,443.7,5105.43,0
ORD-104017,SUP-002,0.788,Middle East/Africa,Machinery,Road,2023-06-06,2023-06-09,2023-06-09,0,0.36,0.041,0.091,588.0,637.6,606.9,3244.38,0
ORD-104018,SUP-018,0.727,Europe,Textiles,Sea,2023-06-30,2023-07-20,2023-07-20,0,0.323,0.367,0.0,302.4,629.0,487.7,5392.99,0
ORD-104019,SUP-029,0.765,Latin America,Machinery,Sea,2023-08-21,2023-09-10,2023-09-10,0,0.596,0.303,0.136,591.1,464.1,442.0,3903.12,0
ORD-104020,SUP-039,0.777,Asia Pacific,Pharma,Road,2024-03-14,2024-03-19,2024-03-19,0,0.102,0.143,0.028,525.8,530.9,533.2,2654.19,0
ORD-104021,SUP-018,0.727,Middle East/Africa,Electronics,Road,2023-02-28,2023-03-05,2023-03-14,9,0.66,0.272,0.032,613.3,411.3,406.4,3293.3,1
ORD-104022,SUP-006,0.63,Asia Pacific,Electronics,Rail,2024-03-05,2024-03-13,2024-03-13,0,0.546,0.083,0.059,563.4,699.4,491.1,2225.49,0
ORD-104023,SUP-013,0.8,Asia Pacific,Textiles,Air,2023-05-29,2023-06-03,2023-06-03,0,0.64,0.0,0.01,889.1,391.1,374.1,4478.65,0
ORD-104024,SUP-035,0.443,North America,Textiles,Rail,2023-07-05,2023-07-14,2023-07-15,1,0.377,0.195,0.012,286.5,801.0,853.9,5209.66,0
ORD-104025,SUP-001,0.823,Middle East/Africa,Electronics,Road,2024-02-06,2024-02-12,2024-02-13,1,0.481,0.425,0.038,466.3,476.3,411.3,6614.75,0
ORD-104026,SUP-020,0.762,Latin America,FMCG,Rail,2023-12-03,2023-12-12,2023-12-12,0,0.172,0.277,0.081,327.3,257.7,276.8,6921.4,0
ORD-104027,SUP-010,0.898,Latin America,Machinery,Road,2023-04-08,2023-04-12,2023-04-12,0,0.282,0.226,0.066,534.5,415.5,359.0,8199.04,0
ORD-104028,SUP-006,0.63,North America,Pharma,Rail,2023-09-23,2023-09-30,2023-10-06,6,0.2,0.047,0.013,456.4,479.6,548.5,27035.66,1
ORD-104029,SUP-036,0.714,Latin America,FMCG,Sea,2024-07-05,2024-07-27,2024-07-27,0,0.0,0.207,0.405,558.6,381.5,369.7,3180.18,0
ORD-104030,SUP-018,0.727,Europe,Textiles,Road,2024-01-18,2024-01-23,2024-01-31,8,0.375,0.0,0.085,839.5,468.7,377.1,5173.66,1
ORD-104031,SUP-030,0.76,North America,Electronics,Road,2023-03-12,2023-03-17,2023-03-18,1,0.184,0.131,0.052,420.4,326.8,311.0,2044.53,0
ORD-104032,SUP-017,0.619,Asia Pacific,Machinery,Air,2023-06-11,2023-06-14,2023-06-19,5,0.368,0.4,0.037,444.9,396.2,493.4,19246.93,1
ORD-104033,SUP-003,0.783,Middle East/Africa,Pharma,Sea,2024-07-09,2024-07-29,2024-07-29,0,0.329,0.208,0.037,430.0,668.6,653.9,11697.79,0
ORD-104034,SUP-014,0.805,Latin America,Machinery,Rail,2024-04-28,2024-05-07,2024-05-13,6,0.416,0.259,0.088,477.2,129.3,112.4,2646.79,1
ORD-104035,SUP-033,0.8,Latin America,Pharma,Rail,2023-04-08,2023-04-14,2023-04-14,0,0.188,0.034,0.031,516.8,511.0,634.7,3634.89,0
ORD-104036,SUP-017,0.619,Europe,Automotive Parts,Rail,2024-07-11,2024-07-19,2024-07-28,9,0.103,0.128,0.055,384.5,359.7,418.0,9266.69,1
ORD-104037,SUP-013,0.8,Asia Pacific,Textiles,Air,2024-05-01,2024-05-03,2024-05-04,1,0.0,0.072,0.051,345.3,684.3,676.4,6293.01,0
ORD-104038,SUP-037,0.757,Latin America,Textiles,Road,2023-10-14,2023-10-17,2023-10-23,6,0.305,0.641,0.02,606.3,573.4,499.4,2910.58,1
ORD-104039,SUP-026,0.782,North America,Electronics,Air,2023-06-25,2023-06-29,2023-07-11,12,,0.233,0.041,492.7,363.4,465.8,8251.33,1
ORD-104040,SUP-002,0.788,Europe,FMCG,Road,2023-06-26,2023-06-29,2023-06-29,0,0.281,0.03,0.071,848.0,470.0,326.5,3820.26,0
ORD-104041,SUP-033,0.8,Europe,Textiles,Road,2023-04-07,2023-04-10,2023-04-16,6,0.119,0.018,0.078,216.5,531.6,492.7,5669.98,1
ORD-104042,SUP-031,0.712,North America,Electronics,Road,2024-05-07,2024-05-10,2024-05-10,0,0.207,0.037,0.098,179.1,387.7,413.6,3353.06,0
ORD-104043,SUP-021,0.656,Latin America,Pharma,Sea,2024-02-22,2024-03-14,2024-03-14,0,0.0,0.44,0.462,661.4,272.2,255.0,9003.73,0
ORD-104044,SUP-035,0.443,North America,Pharma,Sea,2023-08-22,2023-09-11,2023-09-17,6,0.58,0.0,0.0,521.0,646.3,446.5,3283.65,1
ORD-104045,SUP-029,0.765,Europe,Textiles,Road,2023-05-03,2023-05-07,2023-05-07,0,0.0,0.168,0.087,752.1,362.2,287.0,5073.99,0
ORD-104046,SUP-036,0.714,Asia Pacific,Pharma,Road,2023-12-18,2023-12-24,2023-12-24,0,0.162,0.1,0.056,281.5,478.1,393.4,12129.32,0
ORD-104047,SUP-007,0.877,Latin America,Machinery,Road,2023-02-18,2023-02-23,2023-02-23,0,0.643,0.436,0.096,614.7,598.2,659.9,3504.68,0
ORD-104048,SUP-037,,North America,Machinery,Rail,2024-01-30,2024-02-08,2024-02-16,8,0.236,0.187,0.0,541.0,502.4,455.0,7527.49,1
ORD-104049,SUP-021,0.656,Europe,Electronics,Air,2024-04-07,2024-04-10,2024-04-11,1,0.228,0.232,0.093,533.5,563.6,431.9,1848.07,0
ORD-104050,SUP-018,0.727,North America,FMCG,Rail,2024-08-31,2024-09-07,2024-09-07,0,0.456,0.178,0.051,538.3,182.8,212.3,5377.04,0
ORD-104051,SUP-014,0.805,Europe,Automotive Parts,Sea,2023-05-19,2023-06-09,2023-06-13,4,0.211,0.009,0.0,639.9,407.3,332.9,7255.02,1
ORD-104052,SUP-014,0.805,Latin America,Pharma,Road,2024-01-13,2024-01-16,2024-02-01,16,0.318,0.237,0.052,281.7,375.2,499.5,3119.06,1
ORD-104053,SUP-003,0.783,Europe,Electronics,Sea,2024-09-07,2024-09-28,2024-09-29,1,0.0,0.221,0.337,552.3,688.5,597.2,22395.42,0
ORD-104054,SUP-010,0.898,Middle East/Africa,Pharma,Sea,2023-07-28,2023-08-18,2023-08-18,0,0.473,0.007,0.15,464.1,407.6,359.4,3523.97,0
ORD-104055,SUP-035,0.443,Latin America,Pharma,Rail,2024-02-27,2024-03-07,2024-03-07,0,0.0,0.391,0.092,674.5,610.0,573.5,4459.16,0
ORD-104056,SUP-025,0.704,Asia Pacific,Textiles,Road,2024-02-28,2024-03-03,2024-03-03,0,0.382,0.078,0.055,288.3,417.8,410.6,6613.68,0
ORD-104057,SUP-017,0.619,Latin America,Electronics,Road,2023-10-22,2023-10-26,2023-11-14,19,0.319,0.183,0.045,625.3,377.8,431.3,9064.56,1
ORD-104058,SUP-030,0.76,Latin America,Textiles,Sea,2024-09-29,2024-10-19,2024-10-24,5,0.057,0.384,0.431,554.9,444.7,481.2,12685.76,1
ORD-104059,SUP-033,0.8,Asia Pacific,Machinery,Road,2023-02-24,2023-02-28,2023-02-28,0,0.36,0.045,0.023,588.6,465.0,428.0,3725.17,0
ORD-104060,SUP-038,0.957,Europe,Textiles,Sea,2024-02-02,2024-02-22,2024-02-22,0,0.217,0.368,0.179,481.4,403.9,342.6,2872.86,0
ORD-104061,SUP-003,0.783,Asia Pacific,Machinery,Road,2023-01-24,2023-01-28,2023-02-03,6,,0.099,0.1,120.3,536.7,430.3,4897.58,1
ORD-104062,SUP-004,0.652,North America,Electronics,Rail,2023-03-30,2023-04-05,2023-04-17,12,0.223,0.186,0.05,544.2,399.4,275.7,2205.95,1
ORD-104063,SUP-025,0.704,Latin America,Textiles,Road,2024-09-14,2024-09-19,2024-09-19,0,0.489,0.169,0.048,378.6,590.7,706.7,2460.73,0
ORD-104064,SUP-017,0.619,North America,Automotive Parts,Sea,2023-01-13,2023-02-02,2023-02-02,0,0.495,0.0,0.207,556.0,388.7,385.7,2483.35,0
ORD-104065,SUP-023,0.548,Europe,FMCG,Road,2023-10-21,2023-10-26,2023-10-26,0,0.284,0.062,0.056,370.7,610.3,593.4,2313.58,0
ORD-104066,SUP-025,0.704,Asia Pacific,Textiles,Sea,2024-07-20,2024-08-12,2024-08-12,0,0.622,0.0,0.343,401.2,430.0,421.2,1818.4,0
ORD-104067,SUP-012,0.612,Asia Pacific,Textiles,Sea,2024-08-05,2024-08-26,2024-08-27,1,0.0,0.118,0.0,540.8,325.3,357.3,2131.3,0
ORD-104068,SUP-002,0.788,Latin America,Electronics,Road,2023-07-17,2023-07-23,2023-07-23,0,0.0,0.218,0.009,396.7,399.5,431.0,3694.87,0
ORD-104069,SUP-022,0.872,Asia Pacific,Pharma,Road,2024-05-01,2024-05-06,2024-05-06,0,0.183,0.139,0.08,456.6,522.7,547.0,7333.91,0
ORD-104070,SUP-024,0.818,Asia Pacific,Automotive Parts,Road,2024-04-13,2024-04-19,2024-04-19,0,0.244,0.0,0.043,508.6,135.8,157.9,10258.6,0
ORD-104071,SUP-038,0.957,North America,Automotive Parts,Road,2024-07-13,2024-07-17,2024-07-17,0,0.035,0.015,0.072,387.5,408.1,481.7,5408.56,0
ORD-104072,SUP-003,0.783,Latin America,Electronics,Rail,2023-01-05,2023-01-11,2023-01-11,0,0.206,0.0,0.084,766.8,332.3,384.6,2074.83,0
ORD-104073,SUP-006,0.63,North America,FMCG,Road,2023-12-23,2023-12-29,2024-01-01,3,0.303,0.306,0.094,412.3,481.7,527.1,4666.52,1
ORD-104074,SUP-017,0.619,North America,FMCG,Air,2024-07-29,2024-08-02,2024-08-02,0,0.0,0.089,0.055,413.9,529.0,575.8,13991.41,0
ORD-104075,SUP-004,0.652,Latin America,FMCG,Road,2023-02-19,2023-02-23,2023-02-23,0,0.09,0.189,0.007,461.5,605.1,677.5,9234.43,0
ORD-104076,SUP-028,0.644,Middle East/Africa,Textiles,Road,2023-01-26,2023-01-30,2023-01-30,0,0.218,0.422,0.007,458.6,661.6,678.7,5007.26,0
ORD-104077,SUP-016,0.842,Asia Pacific,FMCG,Rail,2024-06-12,2024-06-18,2024-06-18,0,0.605,0.173,0.016,265.4,623.3,569.0,3942.99,0
ORD-104078,SUP-013,0.8,Middle East/Africa,Pharma,Road,2024-01-06,2024-01-11,2024-01-11,0,0.207,0.362,0.002,552.0,442.2,421.4,4944.09,0
ORD-104079,SUP-038,0.957,Europe,Electronics,Air,2024-03-01,2024-03-05,2024-03-07,2,0.08,0.484,0.085,475.6,298.9,353.6,8888.3,0
ORD-104080,SUP-027,0.793,Asia Pacific,FMCG,Sea,2023-06-07,2023-06-30,2023-06-30,0,0.403,0.226,0.025,668.5,510.7,356.3,7797.93,0
ORD-104081,SUP-039,0.777,Asia Pacific,Electronics,Road,2024-07-18,2024-07-22,2024-07-22,0,0.3,0.437,0.089,648.6,255.2,281.9,2550.13,0
ORD-104082,SUP-029,0.765,Europe,Electronics,Road,2023-01-21,2023-01-26,2023-01-26,0,0.417,0.113,0.049,605.6,455.5,569.8,4047.64,0
ORD-104083,SUP-035,0.443,North America,FMCG,Rail,2024-02-27,2024-03-04,2024-03-04,0,0.476,0.036,0.006,644.1,545.8,504.4,5777.66,0
ORD-104084,SUP-030,0.76,Asia Pacific,Automotive Parts,Air,2024-08-27,2024-08-30,2024-08-30,0,0.279,0.072,0.027,269.4,401.8,341.2,7399.9,0
ORD-104085,SUP-029,0.765,Latin America,FMCG,Road,2024-06-10,2024-06-14,2024-06-14,0,0.115,0.107,0.02,735.8,64.8,70.1,4708.29,0
ORD-104086,SUP-036,0.714,Latin America,Electronics,Sea,2023-07-20,2023-08-09,2023-08-09,0,0.163,0.008,0.19,406.7,350.9,375.5,6701.66,0
ORD-104087,SUP-008,0.711,Asia Pacific,Electronics,Rail,2024-09-01,2024-09-10,2024-09-10,0,0.088,0.213,0.074,656.6,214.7,229.6,4969.85,0
ORD-104088,SUP-025,0.704,Middle East/Africa,Machinery,Road,2023-10-14,2023-10-20,2023-10-20,0,0.365,0.023,0.042,356.7,414.9,322.4,1634.91,0
ORD-104089,SUP-014,0.805,Middle East/Africa,FMCG,Road,2023-10-06,2023-10-10,2023-10-12,2,0.176,0.042,0.015,314.3,561.8,693.0,2171.91,0
ORD-104090,SUP-038,0.957,Europe,Pharma,Road,2023-10-13,2023-10-17,2023-10-17,0,0.305,0.36,0.03,561.7,478.6,512.9,4464.59,0
ORD-104091,SUP-006,0.63,North America,Textiles,Rail,2023-05-21,2023-05-30,2023-05-30,0,0.048,0.062,0.053,615.0,529.3,485.6,2102.76,0
ORD-104092,SUP-023,0.548,Europe,Machinery,Road,2023-04-16,2023-04-19,2023-04-19,0,0.288,0.125,0.063,651.8,312.0,293.8,2740.64,0
ORD-104093,SUP-030,0.76,North America,Automotive Parts,Road,2023-06-06,2023-06-10,2023-06-10,0,0.129,0.255,0.026,471.6,601.9,671.0,11200.69,0
ORD-104094,SUP-039,0.777,North America,Machinery,Road,2024-08-02,2024-08-07,2024-08-07,0,0.205,0.305,0.068,608.8,497.4,683.4,8847.26,0
ORD-104095,SUP-004,0.652,Latin America,Electronics,Air,2024-05-27,2024-05-29,2024-05-29,0,0.307,0.324,0.077,355.8,540.4,572.7,9455.03,0
ORD-104096,SUP-020,0.762,Latin America,Textiles,Air,2024-01-16,2024-01-21,2024-01-21,0,0.28,0.244,0.061,544.1,489.1,444.7,2110.24,0
ORD-104097,SUP-012,0.612,Europe,Pharma,Sea,2023-01-08,2023-01-29,2023-02-04,6,0.183,0.147,0.492,526.4,525.9,448.1,5879.98,1
ORD-104098,SUP-016,0.842,Latin America,Textiles,Rail,2024-09-15,2024-09-24,2024-09-24,0,0.22,0.226,0.047,591.4,323.4,347.7,10724.67,0
ORD-104099,SUP-034,0.576,Asia Pacific,Machinery,Road,2024-02-07,2024-02-13,2024-02-24,11,0.266,0.271,0.075,528.8,576.5,597.3,12698.26,1
ORD-104100,SUP-035,0.443,Latin America,Machinery,Air,2023-11-12,2023-11-16,2023-11-16,0,0.257,0.286,0.054,614.3,412.6,400.8,9898.43,0
ORD-104101,SUP-012,0.612,Middle East/Africa,Automotive Parts,Road,2023-09-07,2023-09-12,2023-09-24,12,0.352,0.23,0.047,509.7,246.6,190.3,6291.06,1
ORD-104102,SUP-023,0.548,Europe,Textiles,Air,2024-06-24,2024-06-28,2024-07-23,25,0.327,0.155,0.089,730.8,338.8,310.8,2115.5,1
ORD-104103,SUP-016,0.842,Latin America,Textiles,Rail,2024-06-06,2024-06-15,2024-06-23,8,0.129,0.141,0.085,591.7,360.0,325.3,4903.61,1
ORD-104104,SUP-011,0.936,North America,Machinery,Road,2024-06-24,2024-06-27,2024-06-27,0,0.194,0.239,0.053,585.2,586.4,523.3,2688.38,0
ORD-104105,SUP-023,0.548,Europe,Pharma,Sea,2023-02-08,2023-03-01,2023-03-01,0,0.182,0.277,0.615,645.5,495.1,493.8,5365.64,0
ORD-104106,SUP-037,0.757,North America,FMCG,Sea,2023-05-15,2023-06-05,2023-06-05,0,0.0,0.243,0.141,61.1,356.5,330.1,10663.17,0
ORD-104107,SUP-006,0.63,Latin America,Pharma,Rail,2024-08-04,2024-08-13,2024-08-13,0,0.162,0.174,0.076,460.5,462.2,475.0,4106.34,0
ORD-104108,SUP-013,0.8,Asia Pacific,Pharma,Road,2023-09-07,2023-09-11,2023-09-13,2,0.32,0.077,0.089,487.1,462.4,584.4,3580.17,0
ORD-104109,SUP-023,0.548,Latin America,Textiles,Rail,2024-04-10,2024-04-17,2024-04-17,0,0.0,0.22,0.001,541.7,188.6,179.0,2088.03,0
ORD-104110,SUP-004,0.652,Latin America,Textiles,Rail,2023-05-02,2023-05-11,2023-05-11,0,0.146,0.101,0.058,726.3,451.4,407.8,1654.45,0
ORD-104111,SUP-021,0.656,Middle East/Africa,Automotive Parts,Road,2024-07-08,2024-07-12,2024-07-23,11,0.337,0.064,0.031,350.6,456.0,432.5,5770.76,1
ORD-104112,SUP-005,0.967,Latin America,FMCG,Rail,2023-02-09,2023-02-17,2023-02-17,0,0.237,0.242,0.025,264.4,428.3,529.7,2051.73,0
ORD-104113,SUP-009,0.768,Asia Pacific,Textiles,Sea,2023-03-14,2023-04-05,2023-04-05,0,0.139,0.136,0.398,587.5,392.7,326.0,5623.97,0
ORD-104114,SUP-002,0.788,Europe,Pharma,Road,2023-07-28,2023-08-01,2023-08-01,0,0.218,0.436,0.049,398.6,465.2,509.2,4258.85,0
ORD-104115,SUP-035,0.443,Asia Pacific,Machinery,Road,2023-09-26,2023-09-29,2023-10-12,13,0.126,0.287,0.093,512.2,518.7,418.8,4016.94,1
ORD-104116,SUP-019,0.75,Latin America,Electronics,Rail,2023-07-14,2023-07-23,2023-07-23,0,0.283,0.344,0.014,483.3,443.7,589.9,7275.84,0
ORD-104117,SUP-015,0.574,North America,FMCG,Rail,2024-09-20,2024-09-28,2024-09-28,0,0.404,0.0,0.049,349.8,439.2,393.5,7574.23,0
ORD-104118,SUP-016,0.842,Asia Pacific,Automotive Parts,Rail,2024-06-21,2024-06-29,2024-06-29,0,0.118,0.116,0.035,594.4,205.4,200.7,8416.8,0
ORD-104119,SUP-039,0.777,Asia Pacific,Pharma,Road,2023-02-18,2023-02-21,2023-02-21,0,0.154,0.0,0.033,516.5,531.0,408.5,4001.02,0
ORD-104120,SUP-035,0.443,North America,FMCG,Road,2023-06-26,2023-07-02,2023-07-02,0,0.448,0.129,0.032,452.7,301.9,289.2,2141.24,0
ORD-104121,SUP-029,0.765,Middle East/Africa,Machinery,Road,2023-03-28,2023-03-31,2023-03-31,0,0.131,0.017,0.013,515.3,692.8,533.1,2687.44,0
ORD-104122,SUP-009,0.768,Asia Pacific,Electronics,Rail,2024-07-01,2024-07-07,2024-07-07,0,0.31,0.242,0.057,442.4,435.9,383.6,5070.93,0
ORD-104123,SUP-002,0.788,Latin America,FMCG,Sea,2023-06-28,2023-07-21,2023-07-24,3,0.028,0.209,0.06,447.8,596.2,615.0,1360.38,1
ORD-104124,SUP-015,0.574,Latin America,Machinery,Road,2024-02-26,2024-03-02,2024-03-02,0,0.352,0.217,0.075,384.9,459.8,481.7,4757.71,0
ORD-104125,SUP-012,0.612,Middle East/Africa,FMCG,Road,2024-07-15,2024-07-21,2024-07-21,0,0.252,0.119,0.088,478.4,363.2,376.5,3442.2,0
ORD-104126,SUP-011,0.936,North America,Pharma,Air,2023-06-06,2023-06-08,2023-06-08,0,0.159,0.282,0.09,400.2,692.4,607.5,1750.77,0
ORD-104127,SUP-012,0.612,North America,Electronics,Road,2024-07-20,2024-07-25,2024-07-31,6,0.295,0.0,0.043,281.0,254.9,233.5,4470.64,1
ORD-104128,SUP-021,0.656,North America,Machinery,Road,2024-05-07,2024-05-11,2024-05-11,0,0.359,0.178,0.087,608.1,458.2,341.8,9706.98,0
ORD-104129,SUP-004,0.652,North America,FMCG,Road,2024-07-21,2024-07-27,2024-08-08,12,0.323,0.067,0.042,828.0,569.7,528.7,3760.25,1
ORD-104130,SUP-010,0.898,Latin America,Machinery,Rail,2023-12-07,2023-12-13,2023-12-13,0,0.0,0.417,0.029,393.5,546.4,564.0,10094.45,0
ORD-104131,SUP-011,0.936,Europe,Textiles,Sea,2024-04-24,2024-05-14,2024-05-15,1,0.153,0.004,0.658,616.0,640.3,803.2,1461.69,0
ORD-104132,SUP-022,0.872,Middle East/Africa,Pharma,Sea,2024-06-02,2024-06-22,2024-06-23,1,0.0,0.172,0.164,562.9,211.6,216.4,4133.51,0
ORD-104133,SUP-003,0.783,Middle East/Africa,Electronics,Road,2024-03-31,2024-04-05,2024-04-05,0,0.682,0.073,0.052,482.7,327.8,228.7,10351.22,0
ORD-104134,SUP-018,0.727,Europe,Electronics,Road,2024-02-12,2024-02-16,2024-02-19,3,0.316,0.247,0.047,406.1,387.2,485.7,3027.18,1
ORD-104135,SUP-028,0.644,North America,Pharma,Road,2023-03-05,2023-03-10,2023-03-11,1,0.284,0.382,0.005,534.5,608.1,570.1,10048.04,0
ORD-104136,SUP-004,0.652,North America,Electronics,Road,2024-08-19,2024-08-23,2024-08-23,0,0.026,0.275,0.088,435.9,566.0,581.6,10029.06,0
ORD-104137,SUP-030,0.76,Middle East/Africa,FMCG,Rail,2023-09-19,2023-09-25,2023-09-25,0,0.133,0.043,0.017,386.2,493.4,575.3,3308.29,0
ORD-104138,SUP-039,0.777,Asia Pacific,Machinery,Rail,2024-01-24,2024-01-31,2024-01-31,0,0.337,0.302,0.006,481.1,407.4,375.3,6573.27,0
ORD-104139,SUP-035,0.443,Europe,Textiles,Road,2024-02-13,2024-02-17,2024-02-17,0,0.196,0.178,0.014,338.7,508.7,598.8,12916.98,0
ORD-104140,SUP-039,0.777,Europe,Textiles,Rail,2024-06-04,2024-06-13,2024-06-13,0,0.279,0.306,0.085,571.3,489.2,454.5,4005.16,0
ORD-104141,SUP-032,0.702,Latin America,Pharma,Rail,2023-10-03,2023-10-09,2023-10-09,0,0.34,0.291,0.042,539.7,525.7,544.2,8052.45,0
ORD-104142,SUP-013,0.8,Middle East/Africa,Textiles,Sea,2023-03-05,2023-03-25,2023-03-25,0,0.49,0.234,0.472,541.9,460.3,483.4,1410.23,0
ORD-104143,SUP-022,0.872,Middle East/Africa,Electronics,Air,2023-01-27,2023-01-30,2023-01-30,0,0.193,0.097,0.086,754.7,648.0,507.4,4425.96,0
ORD-104144,SUP-022,0.872,Latin America,Textiles,Road,2023-04-29,2023-05-04,2023-05-04,0,0.212,0.0,0.037,541.4,584.2,566.7,5343.21,0
ORD-104145,SUP-039,0.777,Middle East/Africa,Electronics,Air,2024-05-11,2024-05-14,2024-05-14,0,0.558,0.241,0.052,478.2,412.5,519.5,5634.66,0
ORD-104146,SUP-006,0.63,Middle East/Africa,Textiles,Sea,2024-07-01,2024-07-22,2024-07-22,0,0.08,0.126,0.097,561.8,392.4,287.5,9993.03,0
ORD-104147,SUP-004,0.652,North America,Pharma,Sea,2023-05-13,2023-06-03,2023-06-30,27,0.339,0.282,0.035,400.8,544.7,477.1,4150.75,1
ORD-104148,SUP-009,0.768,North America,Automotive Parts,Sea,2024-07-28,2024-08-17,2024-08-17,0,0.136,0.371,0.12,387.7,210.4,245.4,4907.68,0
ORD-104149,SUP-005,0.967,North America,Textiles,Road,2023-05-10,2023-05-14,2023-05-14,0,0.007,0.225,0.016,567.8,633.1,575.6,5060.63,0
ORD-104150,SUP-009,0.768,Europe,Machinery,Rail,2024-04-22,2024-04-28,2024-04-28,0,0.271,0.541,0.014,387.1,612.7,492.2,5984.1,0
ORD-104151,SUP-030,0.76,Asia Pacific,FMCG,Sea,2023-08-19,2023-09-10,2023-09-18,8,0.44,0.321,0.44,865.0,544.3,490.3,4834.34,1
ORD-104152,SUP-037,0.757,Asia Pacific,Electronics,Road,2024-04-08,2024-04-14,2024-05-03,19,0.206,0.299,0.047,492.9,516.5,349.3,4260.71,1
ORD-104153,SUP-004,0.652,North America,Electronics,Road,2024-04-15,2024-04-19,2024-04-19,0,,0.263,0.011,388.5,457.8,471.4,2454.05,0
ORD-104154,SUP-040,0.607,North America,FMCG,Sea,2023-08-01,2023-08-21,2023-08-21,0,0.12,0.0,0.587,485.2,369.2,314.9,7724.45,0
ORD-104155,SUP-037,0.757,North America,Automotive Parts,Sea,2024-06-08,2024-06-29,2024-06-29,0,0.161,0.0,0.275,392.2,581.2,601.7,5329.93,0
ORD-104156,SUP-012,0.612,Asia Pacific,Textiles,Air,2024-06-26,2024-07-01,2024-07-01,0,0.397,0.0,0.017,118.2,309.8,332.1,3878.14,0
ORD-104157,SUP-018,,Middle East/Africa,Textiles,Air,2024-07-28,2024-08-02,2024-08-14,12,0.418,0.34,0.021,536.8,371.6,397.3,8692.27,1
ORD-104158,SUP-034,0.576,North America,FMCG,Air,2023-06-07,2023-06-12,2023-06-12,0,0.464,0.186,0.1,596.4,545.9,564.4,8558.19,0
ORD-104159,SUP-034,0.576,Middle East/Africa,Automotive Parts,Road,2024-09-23,2024-09-29,2024-10-06,7,0.167,0.314,0.099,669.5,623.8,666.4,10341.83,1
ORD-104160,SUP-025,0.704,Latin America,Automotive Parts,Sea,2023-02-22,2023-03-14,2023-03-14,0,0.135,0.469,0.331,368.6,385.0,380.2,2907.04,0
ORD-104161,SUP-009,0.768,Latin America,FMCG,Road,2024-05-31,2024-06-04,2024-06-05,1,0.587,0.15,0.016,377.2,450.2,366.7,22618.62,0
ORD-104162,SUP-020,0.762,Asia Pacific,FMCG,Sea,2023-01-30,2023-02-19,2023-02-19,0,0.0,0.152,0.174,241.6,222.4,260.5,1260.87,0
ORD-104163,SUP-035,0.443,Asia Pacific,Electronics,Road,2023-02-20,2023-02-24,2023-02-25,1,0.474,0.465,0.065,609.5,631.3,600.7,2060.12,1
ORD-104164,SUP-027,0.793,Europe,Machinery,Road,2024-02-13,2024-02-19,2024-02-19,0,0.239,0.281,0.018,528.4,457.8,507.3,6845.92,0
ORD-104165,SUP-018,0.727,Asia Pacific,Machinery,Road,2023-02-12,2023-02-15,2023-02-16,1,0.08,0.236,0.091,520.8,416.5,387.2,2180.76,0
ORD-104166,SUP-011,0.936,Middle East/Africa,Automotive Parts,Air,2023-11-08,2023-11-10,2023-11-12,2,0.466,0.121,0.017,499.3,658.9,539.0,9071.29,1
ORD-104167,SUP-034,0.576,North America,Machinery,Rail,2023-11-21,2023-11-27,2023-11-30,3,0.875,0.233,0.088,610.8,369.7,371.8,4478.57,1
ORD-104168,SUP-011,0.936,Asia Pacific,Machinery,Sea,2023-01-15,2023-02-05,2023-02-05,0,0.0,0.251,0.11,59.9,580.7,468.4,2324.67,0
ORD-104169,SUP-019,0.75,Asia Pacific,Automotive Parts,Road,2023-01-15,2023-01-19,2023-01-19,0,0.351,0.206,0.018,378.7,368.1,349.2,4575.27,0
ORD-104170,SUP-015,0.574,Asia Pacific,Pharma,Sea,2023-10-15,2023-11-07,2023-11-20,13,0.358,0.273,0.267,402.1,496.3,635.1,8409.93,1
ORD-104171,SUP-014,0.805,North America,Automotive Parts,Rail,2023-03-15,2023-03-21,2023-03-21,0,0.456,0.287,0.051,762.3,423.1,430.0,12331.62,0
ORD-104172,SUP-022,0.872,Latin America,Electronics,Air,2024-07-26,2024-07-30,2024-08-01,2,0.285,0.335,0.009,276.8,465.0,567.4,2779.21,1
ORD-104173,SUP-002,0.788,Asia Pacific,Electronics,Sea,2024-03-09,2024-03-30,2024-03-30,0,0.64,0.0,0.079,426.3,306.4,312.1,7554.31,0
ORD-104174,SUP-011,0.936,North America,Electronics,Rail,2023-04-10,2023-04-17,2023-04-17,0,0.327,0.375,0.085,421.0,597.7,489.6,6068.42,0
ORD-104175,SUP-033,0.8,Latin America,Electronics,Air,2023-04-18,2023-04-23,2023-04-23,0,0.144,0.004,0.026,556.5,563.5,583.0,4856.94,0
ORD-104176,SUP-034,0.576,Europe,Pharma,Air,2023-11-06,2023-11-10,2023-11-16,6,0.314,0.213,0.052,395.6,395.6,288.8,5585.78,1
ORD-104177,SUP-031,0.712,Europe,Pharma,Rail,2023-08-31,2023-09-09,2023-09-09,0,0.228,0.326,0.099,543.4,432.4,389.6,6981.87,0
ORD-104178,SUP-035,0.443,Middle East/Africa,Electronics,Road,2024-09-07,2024-09-12,2024-09-29,17,0.0,0.503,0.05,628.3,498.4,586.4,1666.31,1
ORD-104179,SUP-010,0.898,Europe,FMCG,Sea,2024-03-01,2024-03-23,2024-03-25,2,0.449,0.081,0.0,434.8,553.2,353.5,1627.28,0
ORD-104180,SUP-038,0.957,Middle East/Africa,Textiles,Sea,2023-09-10,2023-09-30,2023-10-07,7,0.294,0.0,0.061,554.5,540.5,606.2,3297.78,1
ORD-104181,SUP-002,0.788,Latin America,FMCG,Road,2023-10-07,2023-10-13,2023-10-13,0,0.331,0.0,0.029,389.5,639.3,484.8,2260.36,0
ORD-104182,SUP-029,0.765,North America,FMCG,Sea,2023-12-16,2024-01-07,2024-01-08,1,0.306,0.464,0.078,455.2,355.3,319.6,12599.26,0
ORD-104183,SUP-015,0.574,Middle East/Africa,Machinery,Sea,2024-06-18,2024-07-11,2024-07-11,0,0.288,0.103,0.423,309.9,390.3,340.5,9432.02,0
ORD-104184,SUP-015,0.574,Europe,Machinery,Rail,2024-06-29,2024-07-07,2024-07-07,0,0.232,0.076,0.042,554.8,472.5,491.8,6681.85,0
ORD-104185,SUP-005,0.967,North America,Automotive Parts,Road,2023-10-11,2023-10-17,2023-10-18,1,0.447,0.033,0.085,599.0,411.0,519.2,9686.94,0
ORD-104186,SUP-028,0.644,Latin America,FMCG,Road,2023-05-29,2023-06-03,2023-06-03,0,0.437,0.299,0.085,668.0,349.6,341.7,3531.19,0
ORD-104187,SUP-016,0.842,Asia Pacific,Electronics,Sea,2023-08-08,2023-08-30,2023-08-30,0,0.02,0.291,0.212,580.2,174.3,202.3,3335.25,0
ORD-104188,SUP-014,0.805,Middle East/Africa,FMCG,Rail,2023-02-24,2023-03-03,2023-03-03,0,0.404,0.54,0.097,389.4,318.9,422.9,6831.4,0
ORD-104189,SUP-004,0.652,Europe,FMCG,Sea,2023-12-19,2024-01-10,2024-01-10,0,0.388,0.107,0.294,375.9,393.9,275.1,2093.44,0
ORD-104190,SUP-025,0.704,Middle East/Africa,Electronics,Road,2023-08-30,2023-09-03,2023-09-17,14,0.32,0.152,0.053,205.0,359.1,466.7,6744.47,1
ORD-104191,SUP-034,0.576,Middle East/Africa,FMCG,Road,2024-01-29,2024-02-03,2024-02-03,0,0.0,0.167,0.054,604.1,450.4,554.0,7159.48,0
ORD-104192,SUP-030,0.76,Middle East/Africa,Automotive Parts,Road,2024-07-21,2024-07-24,2024-07-26,2,0.262,0.005,0.005,464.0,407.7,449.6,4955.65,0
ORD-104193,SUP-037,0.757,Asia Pacific,Automotive Parts,Road,2023-05-12,2023-05-18,2023-05-18,0,0.135,0.284,0.076,671.2,423.3,515.5,2415.23,0
ORD-104194,SUP-022,0.872,Middle East/Africa,FMCG,Road,2023-06-29,2023-07-02,2023-07-02,0,0.409,0.363,0.093,435.1,412.8,456.8,1535.23,0
ORD-104195,SUP-006,0.63,North America,Pharma,Sea,2023-06-21,2023-07-14,2023-07-14,0,0.514,0.039,0.264,571.6,412.9,331.8,1827.3,0
ORD-104196,SUP-011,0.936,Europe,Pharma,Rail,2023-12-20,2023-12-28,2023-12-28,0,0.224,0.086,0.082,668.4,642.2,701.0,6161.8,0
ORD-104197,SUP-027,0.793,Asia Pacific,Textiles,Road,2023-03-16,2023-03-20,2023-03-20,0,0.203,0.214,0.006,641.1,404.6,556.5,4585.72,0
ORD-104198,SUP-035,0.443,Asia Pacific,Electronics,Air,2024-02-16,2024-02-21,2024-02-21,0,0.232,0.261,0.048,866.6,388.8,393.9,12938.9,0
ORD-104199,SUP-026,0.782,Latin America,Electronics,Rail,2024-01-08,2024-01-14,2024-01-14,0,0.212,0.041,0.081,432.9,458.3,368.8,5730.42,0
ORD-104200,SUP-009,0.768,Asia Pacific,FMCG,Sea,2024-04-03,2024-04-24,2024-04-24,0,0.389,0.128,0.132,294.9,381.1,401.7,7895.0,0
ORD-104201,SUP-040,,Europe,Pharma,Sea,2023-10-09,2023-10-30,2023-11-15,16,0.589,0.257,0.382,473.4,677.0,686.5,3256.45,1
ORD-104202,SUP-023,0.548,Europe,Machinery,Road,2023-11-13,2023-11-18,2023-11-18,0,0.234,0.329,0.074,643.1,435.2,477.7,8326.01,0
ORD-104203,SUP-026,0.782,Europe,Textiles,Road,2024-06-25,2024-07-01,2024-07-01,0,,0.249,0.028,322.5,342.9,362.1,8077.0,0
ORD-104204,SUP-029,0.765,Middle East/Africa,Automotive Parts,Road,2023-08-11,2023-08-16,2023-08-16,0,,0.213,0.082,512.4,439.0,500.4,8237.03,0
ORD-104205,SUP-031,0.712,North America,Machinery,Sea,2023-01-15,2023-02-04,2023-02-04,0,0.413,0.07,0.103,423.7,499.6,404.3,1499.61,0
ORD-104206,SUP-011,0.936,Europe,Textiles,Road,2024-08-19,2024-08-23,2024-08-23,0,0.176,0.258,0.053,221.5,493.4,439.0,6610.38,0
ORD-104207,SUP-021,0.656,North America,Pharma,Sea,2024-02-06,2024-02-27,2024-03-01,3,0.337,0.23,0.0,227.4,526.6,518.4,12805.63,1
ORD-104208,SUP-019,0.75,North America,Machinery,Sea,2024-03-31,2024-04-21,2024-04-26,5,0.622,0.37,0.095,318.2,531.4,490.0,3063.29,1
ORD-104209,SUP-018,0.727,Europe,Electronics,Road,2023-05-10,2023-05-16,2023-05-16,0,0.353,0.203,0.021,533.1,423.2,494.1,4345.57,0
ORD-104210,SUP-030,0.76,Middle East/Africa,Textiles,Air,2023-12-15,2023-12-19,2023-12-19,0,0.0,0.0,0.051,343.8,353.7,393.4,4509.01,0
ORD-104211,SUP-030,0.76,North America,Textiles,Road,2023-09-07,2023-09-10,2023-09-10,0,0.205,0.113,0.087,559.1,498.7,580.3,2602.71,0
ORD-104212,SUP-013,0.8,Latin America,Machinery,Air,2023-12-21,2023-12-23,2023-12-23,0,0.3,0.201,0.073,584.2,492.0,496.5,6914.51,0
ORD-104213,SUP-026,0.782,Asia Pacific,Automotive Parts,Road,2024-07-27,2024-07-31,2024-08-15,15,0.455,0.378,0.048,527.0,376.6,307.0,7547.66,1
ORD-104214,SUP-026,0.782,Latin America,Textiles,Road,2024-01-15,2024-01-18,2024-01-18,0,0.337,0.0,0.021,506.7,499.0,518.3,19176.46,0
ORD-104215,SUP-028,0.644,Middle East/Africa,Textiles,Sea,2023-10-01,2023-10-23,2023-10-26,3,0.307,0.32,0.0,674.9,437.8,575.0,7586.95,1
ORD-104216,SUP-039,0.777,Asia Pacific,Pharma,Rail,2023-10-08,2023-10-14,2023-10-14,0,0.053,0.315,0.056,501.4,427.2,283.4,2611.81,0
ORD-104217,SUP-019,0.75,Europe,Automotive Parts,Road,2023-12-02,2023-12-06,2023-12-06,0,0.122,0.337,0.038,608.2,635.3,746.9,10196.88,0
ORD-104218,SUP-021,0.656,Asia Pacific,Machinery,Sea,2023-09-15,2023-10-07,2023-10-07,0,0.417,0.375,0.32,325.6,412.0,324.1,3891.21,0
ORD-104219,SUP-015,0.574,Middle East/Africa,Textiles,Sea,2023-12-05,2023-12-27,2023-12-27,0,0.586,0.152,0.0,557.4,593.6,751.3,7189.6,0
ORD-104220,SUP-005,0.967,Middle East/Africa,FMCG,Sea,2024-08-09,2024-09-01,2024-09-08,7,0.788,0.615,0.2,530.7,398.4,341.4,825.59,1
ORD-104221,SUP-006,0.63,Middle East/Africa,Automotive Parts,Road,2023-10-04,2023-10-08,2023-10-08,0,0.066,0.386,0.068,794.6,602.7,525.1,2486.81,0
ORD-104222,SUP-037,0.757,Middle East/Africa,Electronics,Road,2023-04-03,2023-04-08,2023-04-08,0,0.441,0.279,0.006,462.4,250.7,243.9,5810.02,0
ORD-104223,SUP-036,0.714,North America,Automotive Parts,Road,2023-10-03,2023-10-08,2023-10-09,1,0.295,0.205,0.05,438.7,463.9,455.9,2949.02,0
ORD-104224,SUP-037,0.757,Latin America,Electronics,Sea,2023-01-29,2023-02-19,2023-02-20,1,0.19,0.154,0.369,634.6,486.8,425.6,4925.71,0
ORD-104225,SUP-027,0.793,Middle East/Africa,Pharma,Road,2023-10-15,2023-10-18,2023-10-30,12,0.262,0.399,0.082,550.1,468.5,440.7,9246.15,1
ORD-104226,SUP-023,,Asia Pacific,Pharma,Road,2024-06-18,2024-06-23,2024-07-02,9,0.433,0.271,0.072,511.5,454.8,384.9,2548.13,1
ORD-104227,SUP-015,0.574,Latin America,Automotive Parts,Air,2023-03-21,2023-03-25,2023-03-25,0,0.0,0.146,0.017,709.3,250.5,254.7,4516.85,0
ORD-104228,SUP-010,0.898,Latin America,Electronics,Road,2023-08-24,2023-08-30,2023-09-20,21,0.661,0.189,0.088,770.7,534.2,521.0,4366.41,1
ORD-104229,SUP-039,0.777,North America,Automotive Parts,Road,2024-09-23,2024-09-29,2024-10-04,5,0.308,0.122,0.065,519.4,512.2,438.5,2327.5,1
ORD-104230,SUP-001,0.823,Latin America,Automotive Parts,Air,2024-02-15,2024-02-17,2024-02-17,0,0.289,0.164,0.034,537.6,270.0,228.3,13562.52,0
ORD-104231,SUP-021,0.656,Europe,Textiles,Sea,2023-08-27,2023-09-18,2023-09-18,0,0.089,0.261,0.0,85.3,606.7,593.1,9055.61,0
ORD-104232,SUP-017,0.619,Asia Pacific,Pharma,Road,2023-03-09,2023-03-13,2023-03-27,14,0.672,0.306,0.08,386.0,662.6,722.6,23115.08,1
ORD-104233,SUP-004,0.652,Europe,Automotive Parts,Sea,2023-04-11,2023-05-02,2023-05-02,0,0.82,0.029,0.0,282.3,370.6,303.2,3812.01,0
ORD-104234,SUP-001,0.823,North America,FMCG,Rail,2024-07-14,2024-07-20,2024-07-21,1,0.292,0.429,0.024,375.1,493.9,442.1,25965.58,0
ORD-104235,SUP-039,0.777,Middle East/Africa,Automotive Parts,Road,2023-03-14,2023-03-20,2023-04-01,12,0.511,0.04,0.033,476.8,666.2,846.8,3654.05,1
ORD-104236,SUP-003,0.783,Middle East/Africa,Electronics,Road,2023-08-29,2023-09-04,2023-09-04,0,0.082,0.372,0.035,531.7,433.1,354.3,3151.18,0
ORD-104237,SUP-014,0.805,Middle East/Africa,Automotive Parts,Sea,2024-09-28,2024-10-20,2024-10-20,0,0.504,0.237,0.392,279.9,449.2,441.0,4083.38,0
ORD-104238,SUP-028,0.644,Asia Pacific,Automotive Parts,Sea,2023-09-10,2023-10-02,2023-10-02,0,0.197,0.153,0.221,442.8,390.8,427.9,4819.3,0
ORD-104239,SUP-004,0.652,Latin America,Electronics,Road,2023-10-28,2023-11-03,2023-11-08,5,0.393,0.231,0.097,457.7,564.6,586.4,2489.03,1
ORD-104240,SUP-019,0.75,Asia Pacific,Machinery,Road,2024-01-23,2024-01-27,2024-02-07,11,0.069,0.494,0.013,709.0,567.8,658.7,4898.82,1
ORD-104241,SUP-013,0.8,North America,Electronics,Sea,2023-03-11,2023-04-01,2023-04-01,0,0.271,0.263,0.583,445.2,520.6,506.6,7548.23,0
ORD-104242,SUP-016,0.842,North America,FMCG,Road,2024-02-23,2024-02-27,2024-02-27,0,0.176,0.31,0.0,523.3,299.5,324.7,4894.2,0
ORD-104243,SUP-019,0.75,Latin America,Automotive Parts,Air,2024-08-13,2024-08-18,2024-08-18,0,0.333,0.203,0.016,526.7,492.5,558.2,2530.12,0
ORD-104244,SUP-027,0.793,Europe,Textiles,Rail,2023-09-07,2023-09-13,2023-09-26,13,0.186,0.273,0.052,645.2,345.3,360.7,5461.78,1
ORD-104245,SUP-001,0.823,Latin America,Machinery,Road,2023-04-20,2023-04-23,2023-04-24,1,0.21,0.238,0.028,812.3,255.7,246.3,5120.29,0
ORD-104246,SUP-015,0.574,Latin America,Automotive Parts,Road,2023-07-05,2023-07-11,2023-07-14,3,0.17,0.065,0.008,265.2,501.1,591.3,1716.44,1
ORD-104247,SUP-015,0.574,North America,Pharma,Road,2024-08-06,2024-08-09,2024-08-09,0,0.239,0.368,0.097,383.4,302.0,334.1,2143.25,0
ORD-104248,SUP-031,0.712,Europe,Textiles,Sea,2023-03-03,2023-03-25,2023-03-25,0,0.436,0.066,0.165,364.5,181.1,159.6,4929.49,0
ORD-104249,SUP-028,0.644,Asia Pacific,FMCG,Road,2023-03-09,2023-03-15,2023-03-15,0,0.283,0.03,0.069,599.6,425.3,386.1,3358.51,0
ORD-104250,SUP-029,0.765,Europe,Textiles,Road,2023-02-15,2023-02-18,2023-02-26,8,0.331,0.0,0.006,265.6,394.2,353.5,3164.92,1
ORD-104251,SUP-038,0.957,Europe,Electronics,Rail,2023-10-01,2023-10-10,2023-10-10,0,0.103,0.364,0.009,537.0,399.0,329.7,8683.8,0
ORD-104252,SUP-032,0.702,North America,FMCG,Sea,2024-04-25,2024-05-15,2024-05-18,3,0.464,0.335,0.822,573.4,403.0,384.7,8037.83,1
ORD-104253,SUP-003,0.783,Middle East/Africa,Electronics,Rail,2024-05-05,2024-05-11,2024-05-26,15,0.419,0.197,0.036,634.5,417.3,445.9,9578.48,1
ORD-104254,SUP-027,0.793,Europe,Electronics,Air,2024-06-22,2024-06-25,2024-06-25,0,0.43,0.076,0.012,654.5,502.3,249.5,7187.16,0
ORD-104255,SUP-031,0.712,Middle East/Africa,Pharma,Road,2023-04-16,2023-04-19,2023-04-19,0,0.419,0.218,0.048,332.7,462.4,380.2,7051.34,0
ORD-104256,SUP-034,0.576,Middle East/Africa,Textiles,Sea,2023-04-23,2023-05-14,2023-05-14,0,0.193,0.282,0.109,253.6,305.7,283.9,7239.15,0
ORD-104257,SUP-012,0.612,Middle East/Africa,Machinery,Air,2024-01-06,2024-01-11,2024-01-11,0,0.52,0.273,0.011,561.4,580.2,828.9,4539.74,0
ORD-104258,SUP-017,0.619,Latin America,Pharma,Road,2023-04-25,2023-04-29,2023-04-29,0,0.373,0.113,0.037,385.3,445.7,419.8,2791.95,0
ORD-104259,SUP-029,0.765,Middle East/Africa,FMCG,Air,2023-09-10,2023-09-15,2023-09-15,0,0.0,0.0,0.016,612.2,553.2,489.1,3452.42,0
ORD-104260,SUP-027,0.793,Latin America,Machinery,Sea,2023-10-08,2023-10-31,2023-10-31,0,0.114,0.409,0.06,563.1,398.4,349.7,11789.95,0
ORD-104261,SUP-014,0.805,Middle East/Africa,FMCG,Sea,2024-04-27,2024-05-17,2024-06-05,19,0.116,0.256,0.177,411.9,533.8,436.0,8385.69,1
ORD-104262,SUP-017,0.619,Asia Pacific,Machinery,Road,2023-03-17,2023-03-23,2023-03-23,0,0.43,0.113,0.089,925.0,559.9,663.2,13210.87,0
ORD-104263,SUP-032,0.702,Europe,Textiles,Sea,2023-06-27,2023-07-20,2023-07-23,3,0.318,0.121,0.0,532.3,409.2,477.7,11833.11,1
ORD-104264,SUP-027,0.793,Latin America,Textiles,Sea,2024-02-22,2024-03-16,2024-03-16,0,0.374,0.152,0.357,388.2,819.4,856.1,4335.91,0
ORD-104265,SUP-028,0.644,Middle East/Africa,Automotive Parts,Sea,2023-09-15,2023-10-07,2023-10-08,1,0.0,0.292,0.24,568.4,482.8,425.9,5859.9,0
ORD-104266,SUP-030,0.76,Asia Pacific,Machinery,Road,2023-10-26,2023-10-29,2023-10-29,0,0.0,0.104,0.085,580.5,300.9,323.3,4725.09,0
ORD-104267,SUP-012,0.612,Middle East/Africa,Electronics,Road,2024-05-25,2024-05-30,2024-05-31,1,0.0,0.423,0.099,402.2,640.6,755.1,7517.91,0
ORD-104268,SUP-038,0.957,North America,Textiles,Road,2023-01-03,2023-01-07,2023-01-07,0,0.342,0.238,0.064,630.9,640.6,448.3,10067.93,0
ORD-104269,SUP-034,0.576,North America,Textiles,Sea,2024-09-27,2024-10-17,2024-10-19,2,0.557,0.127,0.342,442.8,499.8,624.8,6957.52,1
ORD-104270,SUP-022,0.872,Asia Pacific,Textiles,Rail,2023-07-13,2023-07-21,2023-07-21,0,0.06,0.072,0.066,519.4,730.9,742.0,3623.07,0
ORD-104271,SUP-028,0.644,Middle East/Africa,Automotive Parts,Sea,2023-04-22,2023-05-13,2023-05-26,13,0.104,0.173,0.291,472.6,326.6,329.6,21310.04,1
ORD-104272,SUP-035,0.443,Latin America,Pharma,Road,2023-12-03,2023-12-07,2023-12-07,0,0.0,0.352,0.033,552.0,498.9,537.2,3010.73,0
ORD-104273,SUP-031,,Europe,Electronics,Sea,2024-09-12,2024-10-04,2024-10-04,0,0.387,0.088,0.0,0.0,541.2,493.7,4933.22,0
ORD-104274,SUP-040,0.607,Latin America,FMCG,Rail,2023-02-12,2023-02-21,2023-02-22,1,0.631,0.205,0.093,419.9,362.3,394.0,9458.09,0
ORD-104275,SUP-028,0.644,North America,Pharma,Sea,2024-05-01,2024-05-22,2024-06-06,15,0.235,0.161,0.23,690.9,533.0,519.7,17980.03,1
ORD-104276,SUP-036,0.714,Asia Pacific,Textiles,Sea,2024-05-10,2024-05-31,2024-05-31,0,0.252,0.169,0.27,317.1,459.0,438.0,5500.34,0
ORD-104277,SUP-019,0.75,Latin America,Electronics,Rail,2024-03-29,2024-04-05,2024-04-05,0,0.604,0.048,0.011,332.0,482.8,470.4,3780.62,0
ORD-104278,SUP-038,0.957,Latin America,Electronics,Road,2023-11-25,2023-12-01,2023-12-01,0,0.192,0.35,0.019,443.6,596.6,549.4,3196.59,0
ORD-104279,SUP-039,0.777,North America,Textiles,Air,2023-09-10,2023-09-12,2023-09-12,0,0.209,0.149,0.081,644.0,630.5,565.5,4519.57,0
ORD-104280,SUP-005,0.967,Middle East/Africa,Electronics,Road,2023-08-12,2023-08-18,2023-08-19,1,0.593,0.292,0.062,649.7,198.1,202.3,2376.18,0
ORD-104281,SUP-002,0.788,Latin America,Pharma,Rail,2024-01-23,2024-02-01,2024-02-01,0,0.212,0.147,0.07,428.9,443.4,412.5,7443.75,0
ORD-104282,SUP-037,0.757,North America,Electronics,Air,2023-06-07,2023-06-12,2023-06-12,0,0.275,0.325,0.012,483.6,539.7,634.7,1608.5,0
ORD-104283,SUP-010,0.898,Europe,Textiles,Rail,2023-05-20,2023-05-27,2023-05-27,0,0.189,0.035,0.068,439.4,505.1,558.0,2843.9,0
ORD-104284,SUP-011,0.936,North America,Electronics,Road,2023-03-07,2023-03-13,2023-03-13,0,0.447,0.252,0.069,673.1,322.5,379.3,4265.61,0
ORD-104285,SUP-018,0.727,Asia Pacific,Machinery,Road,2023-03-18,2023-03-22,2023-04-01,10,0.0,0.098,0.042,732.1,418.0,467.8,5823.99,1
ORD-104286,SUP-032,0.702,Asia Pacific,Textiles,Road,2023-04-14,2023-04-19,2023-04-23,4,0.297,0.0,0.038,444.4,422.5,334.6,4313.5,1
ORD-104287,SUP-029,0.765,Asia Pacific,FMCG,Road,2024-09-21,2024-09-25,2024-09-26,1,0.279,0.383,0.067,496.3,343.9,378.8,6759.96,0
ORD-104288,SUP-015,0.574,Asia Pacific,Electronics,Sea,2024-08-07,2024-08-29,2024-09-09,11,,0.38,0.452,408.6,416.7,465.4,2806.91,1
ORD-104289,SUP-001,0.823,Asia Pacific,Electronics,Sea,2023-02-16,2023-03-09,2023-03-10,1,0.255,0.149,0.308,535.4,265.4,251.9,6248.51,0
ORD-104290,SUP-040,0.607,Latin America,Electronics,Sea,2023-03-20,2023-04-11,2023-04-18,7,0.365,0.015,0.426,338.0,355.6,282.1,1902.94,1
ORD-104291,SUP-001,0.823,North America,Textiles,Rail,2023-09-20,2023-09-26,2023-09-26,0,0.152,0.123,0.063,529.0,461.6,469.2,1499.13,0
ORD-104292,SUP-009,0.768,North America,Electronics,Rail,2023-09-16,2023-09-22,2023-09-22,0,0.588,0.218,0.068,387.3,480.4,467.1,3446.4,0
ORD-104293,SUP-009,0.768,North America,Automotive Parts,Sea,2024-08-26,2024-09-16,2024-09-16,0,0.08,0.36,0.167,570.1,620.2,512.2,4828.8,0
ORD-104294,SUP-025,0.704,Europe,FMCG,Road,2023-10-26,2023-10-29,2023-10-29,0,0.24,0.225,0.046,649.7,371.5,427.4,17778.13,0
ORD-104295,SUP-039,,North America,Machinery,Rail,2023-04-18,2023-04-26,2023-05-07,11,0.139,0.313,0.031,374.4,504.1,629.8,1254.95,1
ORD-104296,SUP-012,0.612,Europe,FMCG,Road,2023-03-07,2023-03-13,2023-03-14,1,0.074,0.295,0.001,465.3,480.4,526.0,6573.09,0
ORD-104297,SUP-003,0.783,Middle East/Africa,Textiles,Rail,2023-07-23,2023-08-01,2023-08-01,0,0.253,0.275,0.015,666.3,422.4,458.9,2486.63,0
ORD-104298,SUP-011,0.936,North America,Electronics,Road,2023-04-21,2023-04-27,2023-04-27,0,0.54,0.091,0.018,734.1,470.2,416.3,4727.46,0
ORD-104299,SUP-038,0.957,Middle East/Africa,Pharma,Rail,2023-08-15,2023-08-24,2023-08-24,0,0.0,0.185,0.027,382.6,572.1,637.5,5768.98,0
ORD-104300,SUP-022,0.872,Middle East/Africa,Automotive Parts,Road,2023-10-03,2023-10-08,2023-10-08,0,0.062,0.109,0.09,306.0,563.7,659.2,6704.56,0
ORD-104301,SUP-020,0.762,North America,Textiles,Sea,2024-06-26,2024-07-16,2024-07-16,0,0.371,0.319,0.0,597.6,605.0,414.9,10714.47,0
ORD-104302,SUP-007,0.877,Europe,Textiles,Road,2023-02-05,2023-02-10,2023-03-02,20,0.4,0.177,0.062,699.5,66.6,65.7,10191.06,1
ORD-104303,SUP-014,0.805,Asia Pacific,Textiles,Air,2023-03-07,2023-03-11,2023-03-11,0,0.15,0.06,0.036,435.3,547.9,358.3,5167.69,0
ORD-104304,SUP-024,0.818,Asia Pacific,FMCG,Air,2024-08-04,2024-08-07,2024-08-07,0,0.333,0.178,0.002,360.8,538.0,490.2,4952.32,0
ORD-104305,SUP-010,0.898,Europe,Machinery,Air,2023-10-07,2023-10-09,2023-10-13,4,0.647,0.208,0.073,318.0,134.3,173.6,3855.63,1
ORD-104306,SUP-023,0.548,Asia Pacific,Textiles,Road,2023-07-19,2023-07-23,2023-07-23,0,0.284,0.317,0.08,745.5,566.5,492.0,4185.54,0
ORD-104307,SUP-031,0.712,Middle East/Africa,Textiles,Sea,2024-02-18,2024-03-11,2024-03-11,0,0.528,0.278,0.357,639.4,307.6,351.6,3969.24,0
ORD-104308,SUP-037,0.757,Middle East/Africa,Pharma,Rail,2023-10-07,2023-10-15,2023-10-16,1,0.448,0.215,0.093,739.4,508.1,496.2,3324.14,0
ORD-104309,SUP-035,0.443,Asia Pacific,Pharma,Rail,2023-10-30,2023-11-06,2023-11-08,2,0.41,0.159,0.009,717.8,452.6,461.5,3203.6,1
ORD-104310,SUP-006,0.63,Europe,Machinery,Air,2023-09-02,2023-09-04,2023-09-04,0,0.054,0.138,0.09,546.2,428.7,448.8,4534.69,0
ORD-104311,SUP-033,0.8,North America,Textiles,Road,2023-01-17,2023-01-22,2023-01-23,1,0.308,0.42,0.076,637.4,436.4,496.8,2325.22,1
ORD-104312,SUP-040,0.607,North America,Automotive Parts,Road,2023-12-17,2023-12-22,2023-12-25,3,0.447,0.107,0.023,513.6,557.9,604.8,6525.57,1
ORD-104313,SUP-003,0.783,North America,FMCG,Road,2024-08-04,2024-08-09,2024-08-09,0,0.111,0.343,0.057,676.5,704.9,792.1,4561.32,0
ORD-104314,SUP-010,0.898,Europe,Machinery,Sea,2023-11-25,2023-12-18,2023-12-18,0,0.457,0.025,0.069,536.3,333.9,247.7,2094.78,0
ORD-104315,SUP-031,0.712,Asia Pacific,Electronics,Rail,2024-01-19,2024-01-26,2024-02-18,23,0.52,0.183,0.019,495.7,398.8,352.5,3191.07,1
ORD-104316,SUP-004,0.652,Asia Pacific,Automotive Parts,Road,2024-07-15,2024-07-21,2024-07-27,6,0.488,0.272,0.056,350.3,414.8,389.1,1462.22,1
ORD-104317,SUP-002,0.788,Europe,FMCG,Sea,2023-01-23,2023-02-15,2023-02-15,0,0.158,0.263,0.249,570.4,609.1,827.4,2358.05,0
ORD-104318,SUP-038,0.957,Europe,Pharma,Sea,2023-03-01,2023-03-23,2023-03-30,7,0.471,0.158,0.572,378.5,379.1,312.6,3652.3,1
ORD-104319,SUP-037,0.757,North America,Automotive Parts,Sea,2024-09-16,2024-10-08,2024-10-09,1,0.414,0.189,0.277,360.0,433.1,505.2,5746.16,0
ORD-104320,SUP-016,0.842,Asia Pacific,Pharma,Road,2023-11-05,2023-11-09,2023-11-09,0,0.504,0.0,0.002,583.3,509.0,523.9,4394.88,0
ORD-104321,SUP-018,0.727,Middle East/Africa,FMCG,Rail,2023-07-18,2023-07-27,2023-07-28,1,0.146,0.208,0.04,566.7,267.9,290.5,9244.18,0
ORD-104322,SUP-020,0.762,Latin America,Machinery,Sea,2024-06-23,2024-07-14,2024-07-15,1,0.309,0.222,0.333,278.5,262.2,242.1,6506.88,0
ORD-104323,SUP-020,0.762,Europe,FMCG,Rail,2023-01-23,2023-02-01,2023-02-01,0,0.247,0.33,0.089,439.5,373.5,445.7,2420.57,0
ORD-104324,SUP-010,0.898,Europe,Textiles,Sea,2023-04-30,2023-05-23,2023-05-23,0,0.171,0.185,0.223,221.4,547.0,537.4,7908.04,0
ORD-104325,SUP-005,0.967,North America,Machinery,Road,2023-07-19,2023-07-23,2023-07-23,0,0.399,0.019,0.063,632.9,313.7,413.5,3082.76,0
ORD-104326,SUP-006,0.63,Europe,Electronics,Road,2023-01-23,2023-01-27,2023-01-27,0,0.32,0.115,0.058,671.2,555.8,442.8,6191.28,0
ORD-104327,SUP-024,0.818,Middle East/Africa,Electronics,Road,2023-11-13,2023-11-17,2023-11-18,1,0.289,0.272,0.085,460.4,618.5,437.3,3546.91,1
ORD-104328,SUP-010,0.898,North America,Textiles,Road,2024-08-16,2024-08-22,2024-08-22,0,0.27,0.296,0.084,450.9,424.4,500.4,1779.95,0
ORD-104329,SUP-029,0.765,Middle East/Africa,Machinery,Air,2024-05-07,2024-05-11,2024-05-11,0,0.338,0.0,0.093,242.6,523.8,418.5,2442.38,0
ORD-104330,SUP-030,0.76,Asia Pacific,FMCG,Road,2023-11-30,2023-12-06,2023-12-12,6,0.728,0.0,0.073,497.5,589.0,621.9,3794.25,1
ORD-104331,SUP-030,0.76,Asia Pacific,Pharma,Sea,2024-01-05,2024-01-28,2024-01-28,0,0.496,0.199,0.306,435.5,609.0,625.7,3840.34,0
ORD-104332,SUP-011,0.936,Asia Pacific,Pharma,Sea,2023-09-20,2023-10-11,2023-10-11,0,0.52,0.187,0.179,560.0,428.7,445.0,4044.64,0
ORD-104333,SUP-009,0.768,North America,Machinery,Air,2024-09-27,2024-10-01,2024-10-01,0,0.575,0.077,0.083,607.6,511.7,323.3,3664.65,0
ORD-104334,SUP-040,0.607,North America,Electronics,Road,2023-10-10,2023-10-16,2023-10-16,0,0.11,0.234,0.091,411.4,496.5,513.0,3684.82,0
ORD-104335,SUP-030,0.76,North America,Textiles,Sea,2024-03-26,2024-04-18,2024-04-20,2,0.386,0.175,0.471,401.4,594.5,664.8,7833.57,1
ORD-104336,SUP-019,0.75,North America,Automotive Parts,Rail,2024-03-22,2024-03-28,2024-03-28,0,0.615,0.268,0.078,253.1,534.2,375.3,9877.58,0
ORD-104337,SUP-025,0.704,North America,Pharma,Rail,2023-03-23,2023-03-31,2023-03-31,0,0.345,0.191,0.044,495.8,734.3,975.9,7259.97,0
ORD-104338,SUP-035,0.443,Middle East/Africa,Automotive Parts,Rail,2023-07-08,2023-07-17,2023-07-17,0,0.63,0.054,0.023,491.4,429.3,307.6,7873.7,0
ORD-104339,SUP-016,0.842,North America,Pharma,Road,2023-12-08,2023-12-12,2023-12-19,7,0.545,0.486,0.084,441.9,422.9,417.2,4250.26,1
ORD-104340,SUP-030,0.76,Middle East/Africa,Automotive Parts,Road,2023-01-13,2023-01-18,2023-01-18,0,0.088,0.301,0.066,494.0,360.0,387.9,4838.37,0
ORD-104341,SUP-032,0.702,Latin America,Electronics,Sea,2023-07-10,2023-08-01,2023-08-01,0,0.0,0.158,0.0,579.9,401.9,448.4,2313.26,0
ORD-104342,SUP-024,0.818,North America,Pharma,Road,2024-08-17,2024-08-20,2024-08-20,0,0.004,0.432,0.053,353.8,688.9,639.2,1181.28,0
ORD-104343,SUP-038,0.957,Middle East/Africa,FMCG,Road,2024-08-17,2024-08-23,2024-08-23,0,0.252,0.246,0.035,459.2,366.0,287.8,5584.92,0
ORD-104344,SUP-014,0.805,Europe,Automotive Parts,Sea,2024-09-04,2024-09-24,2024-09-24,0,0.349,0.277,0.128,637.9,449.4,439.3,5349.11,0
ORD-104345,SUP-005,0.967,North America,Pharma,Air,2024-09-19,2024-09-22,2024-09-22,0,0.031,0.492,0.006,549.7,394.7,265.0,4125.61,0
ORD-104346,SUP-017,0.619,North America,FMCG,Road,2023-12-05,2023-12-08,2023-12-13,5,0.435,0.099,0.033,699.5,298.8,328.3,7257.41,1
ORD-104347,SUP-039,0.777,Asia Pacific,Textiles,Road,2023-12-30,2024-01-03,2024-01-03,0,0.884,0.115,0.071,594.8,634.3,548.4,4838.37,0
ORD-104348,SUP-023,0.548,Middle East/Africa,Automotive Parts,Sea,2023-08-05,2023-08-25,2023-09-06,12,0.855,0.26,0.255,579.4,313.0,237.5,2515.22,1
ORD-104349,SUP-030,0.76,Latin America,Electronics,Road,2023-03-27,2023-04-01,2023-04-01,0,0.262,0.59,0.052,536.3,431.4,397.8,3840.19,0
ORD-104350,SUP-005,0.967,Middle East/Africa,Electronics,Road,2023-12-22,2023-12-28,2023-12-28,0,0.365,0.286,0.091,342.8,428.9,439.9,22021.2,0
ORD-104351,SUP-025,0.704,Europe,Textiles,Sea,2024-03-08,2024-03-30,2024-03-30,0,0.277,0.169,0.39,605.9,379.6,349.1,8277.09,0
ORD-104352,SUP-037,0.757,Middle East/Africa,Automotive Parts,Rail,2023-01-07,2023-01-16,2023-01-16,0,,0.207,0.07,584.9,433.8,488.1,2578.8,0
ORD-104353,SUP-027,0.793,Europe,Electronics,Road,2023-04-27,2023-05-02,2023-05-02,0,0.399,0.233,0.089,443.4,523.3,474.8,9987.17,0
ORD-104354,SUP-024,0.818,Middle East/Africa,Electronics,Sea,2024-03-29,2024-04-20,2024-05-02,12,0.392,0.257,0.424,337.9,527.7,611.1,4945.05,1
ORD-104355,SUP-025,0.704,North America,Automotive Parts,Road,2024-09-01,2024-09-05,2024-09-05,0,0.556,0.53,0.09,502.7,432.7,447.7,4230.1,0
ORD-104356,SUP-030,0.76,Asia Pacific,Pharma,Road,2024-08-08,2024-08-11,2024-08-11,0,0.448,0.128,0.087,309.4,328.0,271.1,3058.75,0
ORD-104357,SUP-018,0.727,Middle East/Africa,Electronics,Rail,2023-10-04,2023-10-10,2023-10-10,0,0.0,0.076,0.035,392.2,277.6,259.5,3419.74,0
ORD-104358,SUP-010,0.898,Middle East/Africa,Machinery,Rail,2023-06-12,2023-06-20,2023-06-21,1,0.318,0.387,0.0,439.8,445.6,573.4,3952.35,1
ORD-104359,SUP-023,0.548,North America,Automotive Parts,Rail,2023-01-09,2023-01-15,2023-01-15,0,0.315,0.211,0.078,495.3,640.1,682.3,4540.58,0
ORD-104360,SUP-012,0.612,Latin America,FMCG,Road,2023-11-29,2023-12-05,2023-12-05,0,0.394,0.069,0.051,387.5,468.3,497.9,15495.02,0
ORD-104361,SUP-021,0.656,Europe,Electronics,Road,2023-10-18,2023-10-22,2023-10-22,0,0.307,0.024,0.043,710.4,472.3,332.0,2454.42,0
ORD-104362,SUP-008,0.711,North America,Textiles,Rail,2023-12-30,2024-01-05,2024-01-05,0,0.563,0.153,0.098,564.7,374.4,254.9,8189.7,0
ORD-104363,SUP-032,0.702,Middle East/Africa,Textiles,Sea,2023-12-23,2024-01-15,2024-01-15,0,0.346,0.343,0.079,536.9,649.4,702.2,4758.77,0
ORD-104364,SUP-029,0.765,Asia Pacific,Automotive Parts,Sea,2024-06-11,2024-07-04,2024-07-04,0,0.0,0.457,0.351,516.9,304.5,354.1,5500.7,0
ORD-104365,SUP-011,0.936,Middle East/Africa,Automotive Parts,Rail,2024-01-20,2024-01-26,2024-01-26,0,0.493,0.289,0.014,386.8,610.1,531.7,10536.84,0
ORD-104366,SUP-001,0.823,Middle East/Africa,Textiles,Air,2023-11-10,2023-11-12,2023-11-12,0,0.196,0.143,0.063,487.0,333.0,332.7,5747.49,0
ORD-104367,SUP-017,0.619,Europe,Electronics,Road,2024-09-26,2024-10-02,2024-10-15,13,0.333,0.0,0.002,678.0,496.8,510.0,4258.31,1
ORD-104368,SUP-032,0.702,North America,Electronics,Rail,2023-03-19,2023-03-25,2023-03-25,0,0.533,0.072,0.06,358.1,444.8,446.1,5878.41,0
ORD-104369,SUP-011,0.936,North America,Textiles,Sea,2024-03-08,2024-03-28,2024-03-28,0,0.56,0.006,0.155,783.7,463.4,471.3,15326.76,0
ORD-104370,SUP-005,0.967,Latin America,Electronics,Sea,2023-04-19,2023-05-12,2023-05-13,1,0.0,0.3,0.186,509.7,726.0,697.9,1867.14,0
ORD-104371,SUP-030,0.76,Asia Pacific,Pharma,Road,2023-07-19,2023-07-24,2023-07-24,0,0.329,0.368,0.065,324.5,491.1,489.4,2720.16,0
ORD-104372,SUP-026,0.782,Europe,Automotive Parts,Rail,2024-03-08,2024-03-14,2024-03-25,11,0.297,0.245,0.077,309.4,538.4,614.2,7108.7,1
ORD-104373,SUP-025,0.704,Middle East/Africa,Pharma,Sea,2024-05-16,2024-06-07,2024-06-21,14,0.205,0.126,0.236,647.8,435.2,448.9,1361.1,1
ORD-104374,SUP-005,0.967,Latin America,Textiles,Road,2023-02-10,2023-02-16,2023-02-16,0,0.489,0.143,0.084,239.3,382.1,406.8,4712.64,0
ORD-104375,SUP-024,0.818,Europe,Machinery,Road,2023-04-16,2023-04-21,2023-04-21,0,0.314,0.126,0.07,674.0,564.7,519.8,5768.59,0
ORD-104376,SUP-027,0.793,Middle East/Africa,Machinery,Sea,2023-06-04,2023-06-26,2023-07-05,9,0.189,0.123,0.118,382.8,372.4,484.2,2968.66,1
ORD-104377,SUP-027,0.793,North America,Textiles,Road,2023-10-21,2023-10-24,2023-10-24,0,0.316,0.328,0.076,727.1,407.0,428.8,7150.85,0
ORD-104378,SUP-025,0.704,Latin America,Automotive Parts,Road,2023-01-25,2023-01-31,2023-01-31,0,0.089,0.327,0.046,176.6,691.0,712.2,6262.02,0
ORD-104379,SUP-007,0.877,Asia Pacific,Machinery,Sea,2024-05-13,2024-06-02,2024-06-02,0,0.08,0.126,0.0,625.3,474.6,558.1,6917.09,0
ORD-104380,SUP-029,0.765,Latin America,Automotive Parts,Road,2024-02-19,2024-02-22,2024-02-22,0,0.46,0.491,0.032,499.5,448.0,389.6,1868.68,0
ORD-104381,SUP-012,0.612,Asia Pacific,FMCG,Rail,2024-04-29,2024-05-07,2024-05-07,0,0.482,0.371,0.099,514.8,359.0,311.9,3859.54,0
ORD-104382,SUP-037,0.757,Europe,Machinery,Rail,2023-10-15,2023-10-21,2023-10-23,2,0.334,0.218,0.059,313.0,388.3,343.7,5566.05,0
ORD-104383,SUP-027,0.793,Middle East/Africa,FMCG,Rail,2023-11-10,2023-11-18,2023-11-18,0,0.193,0.24,0.04,282.7,342.6,343.3,2072.66,0
ORD-104384,SUP-033,0.8,Europe,FMCG,Air,2023-05-06,2023-05-08,2023-05-08,0,0.386,0.247,0.044,448.0,447.0,542.8,11957.45,0
ORD-104385,SUP-008,0.711,Europe,Machinery,Road,2023-06-28,2023-07-03,2023-07-04,1,0.257,0.03,0.01,409.2,392.0,424.0,6654.81,0
ORD-104386,SUP-005,0.967,Latin America,Textiles,Sea,2023-10-04,2023-10-25,2023-10-25,0,0.237,0.397,0.0,478.5,445.9,409.0,4924.25,0
ORD-104387,SUP-016,0.842,North America,Machinery,Rail,2024-05-08,2024-05-16,2024-05-16,0,0.0,0.0,0.099,647.8,485.0,394.6,6307.21,0
ORD-104388,SUP-007,0.877,Asia Pacific,Electronics,Air,2024-04-11,2024-04-16,2024-04-16,0,0.273,0.245,0.1,640.3,549.0,538.6,7129.95,0
ORD-104389,SUP-005,0.967,Europe,Electronics,Road,2023-11-03,2023-11-09,2023-11-09,0,0.014,0.0,0.071,469.7,406.1,437.2,5736.76,0
ORD-104390,SUP-036,0.714,Asia Pacific,Automotive Parts,Road,2023-09-08,2023-09-11,2023-09-11,0,0.284,0.282,0.002,462.2,614.2,645.0,4421.93,0
ORD-104391,SUP-008,0.711,Europe,Textiles,Road,2023-04-21,2023-04-24,2023-05-10,16,0.4,0.167,0.037,568.4,206.5,241.2,9143.72,1
ORD-104392,SUP-019,0.75,Asia Pacific,Automotive Parts,Rail,2024-04-08,2024-04-14,2024-04-14,0,0.273,0.135,0.059,763.7,472.3,494.6,19673.38,0
ORD-104393,SUP-033,0.8,Latin America,Automotive Parts,Rail,2024-09-23,2024-09-30,2024-09-30,0,0.635,0.2,0.01,596.2,594.5,640.4,4002.17,0
ORD-104394,SUP-020,0.762,Europe,FMCG,Air,2023-07-14,2023-07-18,2023-07-18,0,0.85,0.222,0.045,382.5,623.8,533.1,6048.38,0
ORD-104395,SUP-031,0.712,Middle East/Africa,Electronics,Rail,2023-06-26,2023-07-05,2023-07-05,0,,0.164,0.071,420.1,506.9,401.8,4236.24,0
ORD-104396,SUP-018,0.727,Asia Pacific,Machinery,Road,2023-03-13,2023-03-19,2023-03-27,8,0.255,0.158,0.002,772.5,527.7,428.0,3583.43,1
ORD-104397,SUP-020,0.762,Europe,Pharma,Road,2023-11-20,2023-11-23,2023-11-23,0,0.35,0.014,0.08,517.4,482.2,477.0,5196.98,0
ORD-104398,SUP-012,0.612,Europe,Automotive Parts,Sea,2023-10-30,2023-11-20,2023-11-20,0,0.395,0.467,0.284,454.7,398.2,427.9,6649.09,0
ORD-104399,SUP-013,0.8,Asia Pacific,Machinery,Sea,2024-03-05,2024-03-27,2024-03-27,0,0.284,0.299,0.185,435.4,327.7,411.3,2446.29,0
ORD-104400,SUP-026,0.782,Europe,Electronics,Sea,2023-02-25,2023-03-19,2023-03-19,0,0.069,0.239,0.273,565.9,487.1,533.4,6622.81,0
ORD-104401,SUP-020,0.762,North America,Pharma,Sea,2023-01-01,2023-01-21,2023-01-21,0,0.15,0.101,0.0,696.5,455.7,462.2,2237.04,0
ORD-104402,SUP-015,0.574,Europe,Automotive Parts,Rail,2023-10-13,2023-10-22,2023-10-22,0,0.331,0.47,0.062,732.7,363.9,281.2,10797.28,0
ORD-104403,SUP-028,0.644,Middle East/Africa,Electronics,Road,2023-04-12,2023-04-16,2023-04-16,0,0.359,0.362,0.044,229.1,412.3,407.8,3447.35,0
ORD-104404,SUP-024,0.818,Middle East/Africa,Electronics,Road,2023-08-30,2023-09-05,2023-09-06,1,0.144,0.0,0.099,459.8,386.0,468.3,9041.82,0
ORD-104405,SUP-023,0.548,Asia Pacific,Electronics,Road,2023-07-16,2023-07-22,2023-07-22,0,0.426,0.186,0.094,564.4,353.5,345.5,4789.9,0
ORD-104406,SUP-008,0.711,Middle East/Africa,FMCG,Rail,2023-08-19,2023-08-27,2023-08-28,1,0.552,0.339,0.038,644.4,383.8,453.9,3178.1,0
ORD-104407,SUP-003,0.783,Europe,Electronics,Road,2023-03-27,2023-03-31,2023-04-01,1,0.163,0.159,0.092,524.2,305.5,328.9,1675.58,0
ORD-104408,SUP-040,0.607,Europe,Textiles,Road,2024-08-21,2024-08-26,2024-08-26,0,0.173,0.309,0.052,617.4,585.8,605.3,3408.23,0
ORD-104409,SUP-008,0.711,Middle East/Africa,FMCG,Road,2024-04-04,2024-04-10,2024-04-13,3,0.38,0.427,0.058,701.3,506.9,561.1,3923.97,0
ORD-104410,SUP-039,0.777,Asia Pacific,Automotive Parts,Road,2024-09-26,2024-09-30,2024-10-01,1,0.549,0.189,0.056,502.3,542.9,572.7,4026.87,0
ORD-104411,SUP-034,0.576,Middle East/Africa,Electronics,Sea,2023-08-31,2023-09-20,2023-09-20,0,0.553,0.013,0.191,854.8,614.8,703.3,2861.97,0
ORD-104412,SUP-023,0.548,Europe,Machinery,Road,2023-03-11,2023-03-16,2023-03-25,9,0.064,0.156,0.094,407.9,316.8,293.3,2925.96,1
ORD-104413,SUP-022,0.872,Latin America,Automotive Parts,Sea,2024-01-23,2024-02-13,2024-02-13,0,0.01,0.236,0.528,782.1,480.0,523.6,3728.42,0
ORD-104414,SUP-012,0.612,Middle East/Africa,FMCG,Road,2024-08-28,2024-09-01,2024-09-01,0,0.435,0.138,0.027,460.7,432.3,408.1,10507.96,0
ORD-104415,SUP-010,0.898,Middle East/Africa,FMCG,Rail,2024-09-25,2024-10-01,2024-10-01,0,0.37,0.373,0.045,419.9,532.4,620.8,4443.84,0
ORD-104416,SUP-017,0.619,Latin America,Automotive Parts,Sea,2023-03-21,2023-04-12,2023-04-12,0,0.75,0.068,0.268,697.2,449.2,434.7,2951.7,0
ORD-104417,SUP-003,0.783,Middle East/Africa,Pharma,Rail,2024-04-09,2024-04-15,2024-04-15,0,0.138,0.276,0.05,824.1,643.6,712.0,3579.84,0
ORD-104418,SUP-019,0.75,North America,FMCG,Sea,2024-08-05,2024-08-26,2024-08-29,3,0.696,0.282,0.472,621.2,571.5,443.6,3481.73,1
ORD-104419,SUP-030,0.76,North America,Machinery,Sea,2023-05-20,2023-06-11,2023-06-11,0,0.561,0.177,0.593,731.0,425.1,418.5,9104.39,0
ORD-104420,SUP-013,0.8,Asia Pacific,Electronics,Sea,2024-05-01,2024-05-24,2024-05-24,0,0.724,0.062,0.0,550.5,460.7,398.0,3318.71,0
ORD-104421,SUP-037,0.757,Middle East/Africa,Electronics,Rail,2023-05-27,2023-06-05,2023-06-05,0,0.0,0.199,0.02,302.6,482.4,534.7,3074.44,0
ORD-104422,SUP-028,0.644,Asia Pacific,FMCG,Rail,2023-07-29,2023-08-04,2023-08-05,1,0.161,0.397,0.043,766.1,487.8,454.4,12810.72,1
ORD-104423,SUP-035,0.443,Middle East/Africa,Electronics,Road,2024-03-25,2024-03-28,2024-03-28,0,0.097,0.405,0.037,117.4,437.5,404.7,10838.6,0
ORD-104424,SUP-034,0.576,Europe,Machinery,Rail,2023-04-14,2023-04-23,2023-04-23,0,0.058,0.352,0.028,483.9,507.5,590.7,4530.86,0
ORD-104425,SUP-039,0.777,Europe,Automotive Parts,Rail,2023-10-19,2023-10-25,2023-10-25,0,0.0,0.0,0.096,484.1,406.4,425.4,9077.18,0
ORD-104426,SUP-026,0.782,North America,Pharma,Road,2024-01-05,2024-01-10,2024-01-11,1,,0.143,0.045,592.3,485.9,432.9,3707.64,0
ORD-104427,SUP-036,0.714,Middle East/Africa,FMCG,Sea,2024-01-05,2024-01-28,2024-01-29,1,0.737,0.294,0.244,512.8,283.0,232.1,2662.01,0
ORD-104428,SUP-040,0.607,North America,Textiles,Road,2024-03-13,2024-03-19,2024-03-19,0,0.0,0.387,0.087,557.3,397.9,281.7,4250.29,0
ORD-104429,SUP-005,0.967,Middle East/Africa,Machinery,Road,2024-02-21,2024-02-27,2024-02-27,0,0.419,0.085,0.043,330.9,563.4,593.9,5875.16,0
ORD-104430,SUP-020,0.762,Asia Pacific,FMCG,Air,2023-06-28,2023-07-03,2023-07-03,0,0.232,0.211,0.073,405.7,274.8,222.0,3952.88,0
ORD-104431,SUP-011,0.936,Europe,Electronics,Road,2023-08-19,2023-08-22,2023-08-23,1,0.342,0.192,0.097,688.3,540.1,508.3,4596.84,0
ORD-104432,SUP-008,0.711,Latin America,Automotive Parts,Rail,2024-04-11,2024-04-19,2024-04-19,0,0.288,0.071,0.045,824.7,648.9,625.6,4025.89,0
ORD-104433,SUP-027,0.793,North America,FMCG,Rail,2023-08-16,2023-08-23,2023-08-23,0,0.301,0.0,0.004,611.4,278.7,280.2,6880.62,0
ORD-104434,SUP-028,0.644,Middle East/Africa,Machinery,Sea,2023-03-25,2023-04-14,2023-05-18,34,0.543,0.11,0.545,698.2,409.9,377.6,5579.22,1
ORD-104435,SUP-022,0.872,Latin America,FMCG,Sea,2023-03-25,2023-04-14,2023-04-14,0,0.153,0.337,0.206,462.1,339.0,438.2,14596.05,0
ORD-104436,SUP-029,0.765,Middle East/Africa,Pharma,Sea,2024-04-10,2024-05-02,2024-05-02,0,0.382,0.183,0.0,480.6,466.0,475.1,3547.91,0
ORD-104437,SUP-019,0.75,North America,FMCG,Rail,2023-11-02,2023-11-09,2023-11-10,1,0.22,0.092,0.099,813.3,546.3,543.5,8122.04,0
ORD-104438,SUP-019,0.75,Middle East/Africa,FMCG,Sea,2024-07-07,2024-07-29,2024-07-29,0,0.312,0.3,0.269,213.2,495.3,436.4,1925.7,0
ORD-104439,SUP-034,0.576,Europe,Textiles,Road,2023-05-28,2023-06-01,2023-06-08,7,0.272,0.339,0.022,701.3,562.6,494.9,2778.2,1
ORD-104440,SUP-011,0.936,Europe,Electronics,Air,2024-01-03,2024-01-05,2024-01-05,0,0.293,0.246,0.041,340.5,319.2,312.0,9136.88,0
ORD-104441,SUP-002,0.788,Middle East/Africa,Machinery,Road,2024-05-22,2024-05-26,2024-05-26,0,0.158,0.0,0.046,727.3,465.2,488.1,7475.35,0
ORD-104442,SUP-018,0.727,North America,Automotive Parts,Sea,2024-04-30,2024-05-21,2024-05-21,0,0.46,0.25,0.448,367.7,389.8,343.3,5107.96,0
ORD-104443,SUP-029,,North America,Machinery,Road,2024-07-09,2024-07-12,2024-07-26,14,0.311,0.0,0.06,607.5,513.5,312.4,18143.29,1
ORD-104444,SUP-038,0.957,Asia Pacific,Machinery,Road,2023-11-23,2023-11-27,2023-11-28,1,0.525,0.422,0.046,400.5,386.0,424.8,1145.79,0
ORD-104445,SUP-038,0.957,Middle East/Africa,Pharma,Air,2023-06-15,2023-06-20,2023-06-21,1,0.265,0.488,0.001,562.9,586.8,569.3,4992.39,0
ORD-104446,SUP-008,0.711,Middle East/Africa,Automotive Parts,Road,2023-10-22,2023-10-26,2023-10-26,0,0.52,0.387,0.034,600.2,291.0,236.1,12843.09,0
ORD-104447,SUP-030,0.76,Latin America,FMCG,Road,2023-03-20,2023-03-26,2023-03-26,0,0.176,0.183,0.084,552.6,473.0,404.7,9880.91,0
ORD-104448,SUP-036,0.714,Europe,Pharma,Road,2023-06-22,2023-06-28,2023-06-28,0,0.324,0.104,0.029,639.2,289.2,301.5,8277.2,0
ORD-104449,SUP-018,0.727,Latin America,Automotive Parts,Road,2024-07-11,2024-07-15,2024-07-15,0,0.051,0.348,0.068,731.9,360.3,329.1,5700.34,0
ORD-104450,SUP-005,0.967,Asia Pacific,Textiles,Sea,2023-11-28,2023-12-18,2023-12-18,0,0.08,0.297,0.642,389.2,350.6,340.0,3084.38,0
ORD-104451,SUP-039,0.777,Asia Pacific,Pharma,Sea,2024-05-05,2024-05-28,2024-05-28,0,0.238,0.022,0.0,372.2,286.5,320.1,28096.09,0
ORD-104452,SUP-032,0.702,North America,Textiles,Sea,2023-07-10,2023-08-01,2023-08-01,0,0.078,0.0,0.112,430.7,207.9,251.5,2086.04,0
ORD-104453,SUP-024,0.818,Latin America,Textiles,Road,2024-08-30,2024-09-03,2024-09-03,0,0.17,0.134,0.02,383.3,212.3,257.7,3696.18,0
ORD-104454,SUP-020,0.762,Middle East/Africa,Pharma,Road,2024-08-18,2024-08-23,2024-08-23,0,0.466,0.295,0.036,780.0,425.7,376.0,5395.45,0
ORD-104455,SUP-014,,Europe,Textiles,Sea,2023-05-20,2023-06-11,2023-06-12,1,0.174,0.19,0.041,280.0,222.2,216.7,5332.36,0
ORD-104456,SUP-031,0.712,Latin America,Pharma,Sea,2024-05-19,2024-06-11,2024-06-11,0,0.422,0.473,0.017,593.7,356.9,320.1,4232.45,0
ORD-104457,SUP-022,0.872,Latin America,Textiles,Sea,2023-06-29,2023-07-22,2023-08-04,13,0.274,0.18,0.448,598.7,719.5,795.2,4009.89,1
ORD-104458,SUP-013,0.8,Middle East/Africa,FMCG,Rail,2024-03-10,2024-03-19,2024-03-19,0,,0.391,0.014,231.3,392.1,442.4,8371.82,0
ORD-104459,SUP-040,0.607,Europe,Pharma,Rail,2023-10-27,2023-11-04,2023-11-04,0,0.0,0.009,0.094,682.9,496.7,459.3,2162.94,0
ORD-104460,SUP-011,0.936,Asia Pacific,Machinery,Air,2024-02-21,2024-02-25,2024-02-27,2,0.243,0.263,0.015,365.1,379.6,411.0,6205.81,1
ORD-104461,SUP-026,0.782,Europe,FMCG,Road,2024-05-03,2024-05-06,2024-05-18,12,,0.284,0.088,437.2,498.7,399.3,6815.52,1
ORD-104462,SUP-011,0.936,Latin America,Machinery,Air,2024-08-17,2024-08-20,2024-08-20,0,0.341,0.508,0.062,807.8,547.2,421.3,4113.4,0
ORD-104463,SUP-036,0.714,North America,Textiles,Sea,2024-08-23,2024-09-12,2024-09-12,0,0.099,0.266,0.17,447.5,427.7,404.1,7523.84,0
ORD-104464,SUP-031,0.712,Asia Pacific,Machinery,Rail,2024-07-22,2024-07-30,2024-08-09,10,0.638,0.31,0.052,243.1,236.9,196.3,2461.92,1
ORD-104465,SUP-039,0.777,Middle East/Africa,Electronics,Rail,2023-07-08,2023-07-14,2023-08-02,19,0.356,0.201,0.001,552.9,492.2,519.2,4844.13,1
ORD-104466,SUP-037,0.757,Europe,FMCG,Sea,2024-09-20,2024-10-11,2024-10-12,1,0.541,0.333,0.044,613.9,254.1,261.6,4293.84,0
ORD-104467,SUP-034,0.576,Europe,Electronics,Rail,2023-03-15,2023-03-23,2023-03-23,0,0.237,0.41,0.048,627.3,290.1,348.3,6184.71,0
ORD-104468,SUP-004,0.652,Latin America,Pharma,Air,2024-05-18,2024-05-23,2024-05-23,0,0.333,0.233,0.08,599.2,258.8,237.0,4305.05,0
ORD-104469,SUP-016,0.842,Latin America,Machinery,Road,2023-03-27,2023-04-02,2023-04-02,0,0.674,0.213,0.098,571.8,350.3,292.4,2579.69,0
ORD-104470,SUP-040,0.607,North America,Machinery,Rail,2023-03-26,2023-04-01,2023-04-01,0,0.194,0.072,0.055,558.6,282.9,299.8,2818.31,0
ORD-104471,SUP-018,0.727,Europe,Automotive Parts,Rail,2024-05-26,2024-06-01,2024-06-18,17,0.334,0.234,0.023,549.1,534.7,682.8,6941.01,1
ORD-104472,SUP-018,0.727,North America,Textiles,Sea,2024-05-26,2024-06-16,2024-06-30,14,0.146,0.21,0.596,464.2,500.6,282.2,2391.61,1
ORD-104473,SUP-025,0.704,Asia Pacific,Textiles,Sea,2024-05-01,2024-05-22,2024-05-22,0,0.189,0.157,0.097,394.6,394.5,365.3,9057.74,0
ORD-104474,SUP-020,0.762,North America,Pharma,Road,2023-06-18,2023-06-23,2023-06-23,0,0.0,0.18,0.073,523.0,546.4,532.9,3541.45,0
ORD-104475,SUP-016,0.842,Middle East/Africa,Pharma,Sea,2024-09-18,2024-10-08,2024-10-08,0,0.373,0.193,0.409,674.7,472.3,411.9,16661.69,0
ORD-104476,SUP-021,0.656,Latin America,Electronics,Rail,2023-07-26,2023-08-01,2023-08-07,6,0.097,0.085,0.08,405.6,328.6,369.9,2394.59,1
ORD-104477,SUP-026,0.782,Europe,Machinery,Road,2024-08-30,2024-09-02,2024-09-06,4,0.188,0.29,0.057,434.2,464.6,397.4,13868.18,1
ORD-104478,SUP-026,,North America,Automotive Parts,Sea,2023-05-29,2023-06-21,2023-06-21,0,0.268,0.158,0.381,389.3,697.4,556.8,4341.02,0
ORD-104479,SUP-034,0.576,Middle East/Africa,Automotive Parts,Sea,2024-06-15,2024-07-08,2024-07-08,0,0.318,0.407,0.257,512.7,584.9,622.2,1970.56,0
ORD-104480,SUP-009,0.768,Middle East/Africa,Pharma,Air,2023-11-06,2023-11-09,2023-11-15,6,0.541,0.025,0.067,884.7,612.2,605.8,2487.89,1
ORD-104481,SUP-012,0.612,Latin America,FMCG,Road,2023-10-08,2023-10-14,2023-10-22,8,0.62,0.283,0.048,263.1,529.5,360.1,2612.22,1
ORD-104482,SUP-036,0.714,Asia Pacific,FMCG,Sea,2024-02-23,2024-03-15,2024-03-16,1,0.594,0.131,0.504,190.7,284.7,309.2,7288.88,0
ORD-104483,SUP-024,0.818,Asia Pacific,Textiles,Rail,2023-06-08,2023-06-16,2023-06-22,6,0.451,0.248,0.1,770.1,546.9,655.7,2481.46,1
ORD-104484,SUP-017,0.619,Latin America,Automotive Parts,Sea,2023-05-11,2023-06-01,2023-06-11,10,0.131,0.159,0.287,380.6,528.6,617.5,4476.16,1
ORD-104485,SUP-003,0.783,North America,Pharma,Sea,2023-06-27,2023-07-19,2023-07-26,7,,0.361,0.44,430.7,410.1,402.1,9183.41,1
ORD-104486,SUP-035,0.443,Latin America,Textiles,Rail,2023-09-29,2023-10-06,2023-10-19,13,0.366,0.137,0.046,293.4,296.5,270.1,5007.02,1
ORD-104487,SUP-036,0.714,North America,Machinery,Road,2024-08-09,2024-08-15,2024-08-15,0,0.248,0.305,0.087,408.7,758.4,836.9,6674.71,0
ORD-104488,SUP-018,0.727,North America,FMCG,Sea,2023-01-07,2023-01-30,2023-02-10,11,0.271,0.11,0.113,476.1,426.1,341.0,5935.6,1
ORD-104489,SUP-004,0.652,Middle East/Africa,Textiles,Road,2024-01-16,2024-01-20,2024-01-30,10,0.373,0.073,0.034,366.1,537.2,561.9,15444.15,1
ORD-104490,SUP-010,0.898,North America,FMCG,Sea,2023-10-18,2023-11-08,2023-11-08,0,0.308,0.24,0.133,654.0,436.1,462.3,6314.92,0
ORD-104491,SUP-027,0.793,Latin America,Automotive Parts,Sea,2023-07-23,2023-08-13,2023-08-13,0,0.203,0.082,0.355,591.1,334.6,331.6,7724.04,0
ORD-104492,SUP-039,0.777,Latin America,Electronics,Air,2024-06-24,2024-06-29,2024-06-29,0,0.03,0.027,0.078,657.2,302.8,332.8,2325.95,0
ORD-104493,SUP-002,0.788,Latin America,Pharma,Road,2023-09-02,2023-09-07,2023-09-07,0,0.366,0.405,0.046,588.1,442.5,318.3,1643.68,0
ORD-104494,SUP-037,0.757,Middle East/Africa,Machinery,Road,2024-03-28,2024-04-02,2024-04-08,6,0.308,0.185,0.021,290.6,476.2,336.1,4383.03,1
ORD-104495,SUP-032,0.702,Europe,Electronics,Air,2024-04-29,2024-05-02,2024-05-02,0,,0.278,0.073,647.1,336.9,262.2,4888.32,0
ORD-104496,SUP-004,0.652,Middle East/Africa,Automotive Parts,Road,2024-09-02,2024-09-05,2024-09-05,0,0.383,0.073,0.05,606.4,492.0,528.9,7232.48,0
ORD-104497,SUP-027,0.793,Middle East/Africa,Electronics,Sea,2024-07-30,2024-08-22,2024-08-23,1,0.0,0.0,0.185,763.1,521.5,440.8,6940.03,0
ORD-104498,SUP-027,0.793,Latin America,FMCG,Road,2023-12-19,2023-12-24,2023-12-24,0,0.18,0.435,0.067,398.6,399.6,368.1,4207.44,0
ORD-104499,SUP-024,0.818,Europe,Automotive Parts,Sea,2023-08-13,2023-09-05,2023-09-05,0,0.398,0.246,0.528,330.1,289.3,304.9,4725.06,0
ORD-104500,SUP-037,0.757,Europe,FMCG,Rail,2023-03-02,2023-03-11,2023-03-14,3,0.523,0.383,0.019,576.9,347.8,448.9,3832.13,1
ORD-104501,SUP-004,0.652,Europe,Electronics,Sea,2023-05-02,2023-05-22,2023-05-22,0,0.406,0.025,0.34,728.8,620.2,757.7,10856.65,0
ORD-104502,SUP-009,0.768,Middle East/Africa,FMCG,Road,2024-04-12,2024-04-15,2024-04-15,0,0.216,0.059,0.07,413.8,309.8,316.0,4276.37,0
ORD-104503,SUP-024,0.818,Middle East/Africa,Automotive Parts,Road,2023-10-01,2023-10-07,2023-10-07,0,0.06,0.325,0.027,381.6,589.6,655.2,9093.37,0
ORD-104504,SUP-032,0.702,Europe,Machinery,Air,2024-07-21,2024-07-26,2024-07-30,4,0.281,0.155,0.009,364.7,216.1,210.3,7111.64,1
ORD-104505,SUP-008,0.711,Latin America,Automotive Parts,Sea,2024-02-19,2024-03-11,2024-03-11,0,0.255,0.547,0.012,387.0,559.0,471.5,10937.9,0
ORD-104506,SUP-029,0.765,Asia Pacific,Textiles,Rail,2023-04-24,2023-04-30,2023-05-02,2,0.118,0.074,0.044,497.5,513.4,471.7,3143.35,1
ORD-104507,SUP-002,0.788,North America,Pharma,Rail,2023-12-22,2023-12-31,2023-12-31,0,0.472,0.265,0.094,727.4,488.3,505.1,9289.5,0
ORD-104508,SUP-020,0.762,Asia Pacific,Machinery,Sea,2023-06-18,2023-07-09,2023-07-09,0,0.323,0.0,0.379,117.3,608.6,477.1,8152.1,0
ORD-104509,SUP-004,0.652,Middle East/Africa,Pharma,Sea,2023-02-10,2023-03-05,2023-03-07,2,0.371,0.242,0.334,536.7,628.4,732.4,13308.78,0
ORD-104510,SUP-011,0.936,Asia Pacific,Electronics,Air,2024-01-31,2024-02-02,2024-02-02,0,0.388,0.26,0.078,397.3,493.6,622.2,6398.67,0
ORD-104511,SUP-020,0.762,Europe,Automotive Parts,Road,2024-08-19,2024-08-23,2024-08-23,0,0.356,0.0,0.045,496.9,403.5,370.5,3287.61,0
ORD-104512,SUP-014,0.805,North America,Pharma,Rail,2023-07-05,2023-07-11,2023-07-19,8,0.175,0.313,0.048,512.2,385.1,368.7,3214.68,1
ORD-104513,SUP-006,0.63,North America,Automotive Parts,Rail,2023-11-11,2023-11-18,2023-11-18,0,0.358,0.0,0.011,436.3,507.2,578.0,3760.72,0
ORD-104514,SUP-019,0.75,North America,Pharma,Road,2023-01-13,2023-01-18,2023-01-18,0,0.0,0.054,0.04,683.8,473.7,526.3,1934.08,0
ORD-104515,SUP-036,0.714,North America,FMCG,Sea,2024-03-30,2024-04-20,2024-04-20,0,0.389,0.03,0.215,627.3,494.8,385.9,1806.67,0
ORD-104516,SUP-016,0.842,Latin America,Automotive Parts,Road,2024-08-21,2024-08-26,2024-08-26,0,0.404,0.27,0.025,420.2,561.2,661.6,6497.75,0
ORD-104517,SUP-007,0.877,Middle East/Africa,Pharma,Air,2024-04-17,2024-04-19,2024-04-19,0,0.149,0.249,0.032,477.1,474.3,537.7,11045.11,0
ORD-104518,SUP-034,0.576,Asia Pacific,Machinery,Road,2024-01-10,2024-01-16,2024-01-16,0,0.0,0.0,0.01,884.0,542.1,633.0,3089.19,0
ORD-104519,SUP-004,0.652,Asia Pacific,Automotive Parts,Sea,2023-03-26,2023-04-16,2023-04-21,5,0.368,0.003,0.242,694.7,404.0,489.0,4032.78,1
ORD-104520,SUP-004,0.652,North America,Machinery,Sea,2023-09-17,2023-10-10,2023-10-10,0,0.064,0.085,0.054,525.4,520.6,568.5,3983.75,0
ORD-104521,SUP-036,0.714,Middle East/Africa,Machinery,Road,2023-02-22,2023-02-25,2023-02-25,0,0.253,0.194,0.029,360.2,527.9,555.1,2564.79,0
ORD-104522,SUP-019,0.75,Middle East/Africa,Electronics,Road,2023-04-12,2023-04-15,2023-04-15,0,0.266,0.042,0.036,380.1,539.8,525.1,4002.29,0
ORD-104523,SUP-023,0.548,Latin America,Textiles,Road,2024-05-05,2024-05-09,2024-05-25,16,0.167,0.294,0.037,716.3,522.4,509.9,7140.89,1
ORD-104524,SUP-037,0.757,Europe,Electronics,Sea,2023-08-03,2023-08-24,2023-08-24,0,0.127,0.045,0.176,347.3,563.2,602.3,9820.71,0
ORD-104525,SUP-040,0.607,Middle East/Africa,Machinery,Road,2023-05-25,2023-05-30,2023-05-31,1,0.326,0.17,0.086,653.2,402.8,416.9,2622.56,0
ORD-104526,SUP-034,0.576,Middle East/Africa,Electronics,Sea,2024-08-25,2024-09-14,2024-09-16,2,0.187,0.138,0.061,638.6,569.5,584.8,8888.85,1
ORD-104527,SUP-035,0.443,Asia Pacific,Textiles,Road,2024-01-20,2024-01-25,2024-02-01,7,0.479,0.229,0.062,763.5,435.4,417.4,6037.45,1
ORD-104528,SUP-013,0.8,North America,Machinery,Rail,2023-11-05,2023-11-12,2023-11-12,0,0.085,0.332,0.039,637.8,265.4,284.5,6990.86,0
ORD-104529,SUP-039,0.777,Asia Pacific,Automotive Parts,Road,2024-04-23,2024-04-28,2024-04-28,0,0.34,0.294,0.028,688.1,498.7,523.2,12273.46,0
ORD-104530,SUP-010,0.898,Europe,Electronics,Sea,2023-02-15,2023-03-08,2023-03-09,1,0.242,0.333,0.503,356.4,550.1,664.7,3754.93,1
ORD-104531,SUP-013,0.8,Asia Pacific,Textiles,Road,2024-01-26,2024-02-01,2024-02-01,0,0.349,0.0,0.021,330.7,485.2,409.7,4767.26,0
ORD-104532,SUP-021,0.656,Middle East/Africa,Textiles,Sea,2024-02-09,2024-03-01,2024-03-01,0,0.0,0.119,0.066,703.1,269.1,302.4,6704.64,0
ORD-104533,SUP-035,0.443,Latin America,Automotive Parts,Air,2023-04-08,2023-04-11,2023-04-13,2,0.382,0.329,0.098,398.7,464.3,597.7,3934.59,1
ORD-104534,SUP-016,0.842,Europe,Machinery,Rail,2024-07-04,2024-07-12,2024-07-13,1,0.354,0.0,0.09,585.9,361.9,335.0,3876.51,0
ORD-104535,SUP-040,0.607,North America,Electronics,Road,2023-12-29,2024-01-02,2024-01-02,0,0.437,0.0,0.012,435.6,570.4,604.1,11380.55,0
ORD-104536,SUP-029,0.765,Middle East/Africa,FMCG,Rail,2024-07-09,2024-07-16,2024-07-16,0,0.505,0.39,0.038,581.9,490.7,531.3,6714.04,0
ORD-104537,SUP-011,0.936,Asia Pacific,Electronics,Air,2023-01-07,2023-01-12,2023-01-12,0,0.451,0.204,0.001,757.2,404.3,518.7,1814.79,0
ORD-104538,SUP-001,0.823,Asia Pacific,Machinery,Road,2023-01-13,2023-01-17,2023-01-17,0,0.12,0.161,0.011,745.1,312.5,276.6,3689.78,0
ORD-104539,SUP-031,0.712,North America,FMCG,Road,2024-03-25,2024-03-28,2024-03-28,0,0.333,0.281,0.025,506.8,466.7,490.4,2847.15,0
ORD-104540,SUP-017,0.619,Asia Pacific,Pharma,Road,2023-01-12,2023-01-16,2023-01-16,0,0.048,0.279,0.094,425.5,297.8,346.2,3388.63,0
ORD-104541,SUP-006,0.63,Middle East/Africa,Pharma,Sea,2023-02-12,2023-03-07,2023-03-07,0,0.349,0.07,0.294,563.0,657.5,727.3,6849.0,0
ORD-104542,SUP-023,0.548,Latin America,Electronics,Road,2023-01-21,2023-01-25,2023-01-29,4,0.323,0.074,0.072,652.8,442.0,299.0,2534.21,1
ORD-104543,SUP-010,0.898,Asia Pacific,Electronics,Road,2023-04-13,2023-04-16,2023-05-18,32,0.429,0.512,0.007,503.1,574.0,671.6,2115.64,1
ORD-104544,SUP-020,0.762,Asia Pacific,Electronics,Sea,2024-05-08,2024-05-28,2024-05-28,0,0.101,0.189,0.19,566.3,519.4,506.1,4748.6,0
ORD-104545,SUP-005,0.967,Europe,Textiles,Sea,2023-05-10,2023-05-30,2023-05-30,0,0.241,0.151,0.093,625.6,549.8,540.3,6113.84,0
ORD-104546,SUP-011,0.936,Middle East/Africa,Machinery,Road,2024-06-18,2024-06-23,2024-06-23,0,0.132,0.0,0.097,257.3,523.7,430.4,8613.48,0
ORD-104547,SUP-008,0.711,Asia Pacific,Machinery,Road,2024-02-11,2024-02-15,2024-02-15,0,0.192,0.188,0.099,311.7,438.3,430.2,3095.93,0
ORD-104548,SUP-010,0.898,Latin America,FMCG,Rail,2024-02-01,2024-02-09,2024-02-09,0,0.19,0.382,0.048,701.2,616.0,614.8,8288.5,0
ORD-104549,SUP-025,0.704,Middle East/Africa,Electronics,Road,2023-01-19,2023-01-24,2023-01-24,0,0.506,0.009,0.02,374.0,235.4,203.3,2133.58,0
ORD-104550,SUP-014,0.805,Europe,Pharma,Sea,2024-03-12,2024-04-02,2024-04-02,0,0.513,0.068,0.202,469.5,542.6,507.5,13367.54,0
ORD-104551,SUP-018,0.727,Latin America,Machinery,Sea,2024-02-12,2024-03-06,2024-03-08,2,0.442,0.339,0.446,566.6,419.8,403.1,8760.47,1
ORD-104552,SUP-005,0.967,Latin America,Textiles,Rail,2024-04-16,2024-04-22,2024-04-22,0,0.125,0.164,0.097,391.1,433.4,436.6,5042.76,0
ORD-104553,SUP-020,0.762,Middle East/Africa,Machinery,Rail,2024-04-23,2024-05-02,2024-05-02,0,0.392,0.089,0.079,397.0,553.8,484.5,3629.8,0
ORD-104554,SUP-022,0.872,North America,Machinery,Road,2023-04-25,2023-04-28,2023-05-14,16,0.208,0.21,0.087,291.6,471.1,491.1,11181.31,1
ORD-104555,SUP-028,0.644,Europe,Electronics,Rail,2024-07-10,2024-07-19,2024-07-29,10,0.451,0.432,0.012,532.4,502.5,419.7,4319.54,1
ORD-104556,SUP-019,0.75,Latin America,Textiles,Rail,2023-11-17,2023-11-24,2023-11-24,0,0.284,0.153,0.095,666.5,548.8,539.8,3673.32,0
ORD-104557,SUP-037,0.757,Latin America,Machinery,Road,2023-07-11,2023-07-14,2023-07-17,3,0.389,0.343,0.019,559.7,620.2,682.5,1073.56,1
ORD-104558,SUP-031,0.712,Asia Pacific,Machinery,Road,2023-02-16,2023-02-20,2023-02-20,0,0.07,0.174,0.095,510.9,436.7,431.5,6129.06,0
ORD-104559,SUP-007,0.877,Europe,Textiles,Rail,2023-05-17,2023-05-24,2023-05-24,0,0.192,0.138,0.039,372.8,507.3,416.7,3662.15,0
ORD-104560,SUP-018,0.727,North America,Machinery,Road,2023-11-24,2023-11-29,2023-11-29,0,0.351,0.486,0.052,581.3,605.6,564.4,5541.63,0
ORD-104561,SUP-030,0.76,Latin America,Automotive Parts,Rail,2023-12-23,2023-12-29,2024-01-03,5,0.056,0.172,0.068,675.8,509.6,408.5,13635.28,1
ORD-104562,SUP-035,0.443,Asia Pacific,Electronics,Rail,2023-04-30,2023-05-06,2023-06-04,29,0.738,0.572,0.019,765.6,619.5,517.8,6941.01,1
ORD-104563,SUP-020,0.762,North America,Textiles,Sea,2023-12-02,2023-12-24,2024-01-12,19,0.916,0.149,0.282,548.7,432.4,451.1,5692.56,1
ORD-104564,SUP-011,0.936,Asia Pacific,Pharma,Road,2023-06-23,2023-06-29,2023-06-29,0,0.605,0.35,0.039,761.4,382.3,445.1,4008.4,0
ORD-104565,SUP-014,0.805,Europe,Pharma,Road,2023-09-14,2023-09-20,2023-09-20,0,,0.673,0.061,395.9,371.5,382.9,14465.04,0
ORD-104566,SUP-014,0.805,Middle East/Africa,Textiles,Sea,2023-11-11,2023-12-01,2023-12-01,0,0.192,0.33,0.349,739.9,351.6,403.6,3632.17,0
ORD-104567,SUP-004,0.652,Asia Pacific,Electronics,Road,2024-03-26,2024-03-31,2024-04-12,12,0.355,0.062,0.087,706.4,434.5,503.4,23992.22,1
ORD-104568,SUP-018,0.727,North America,Machinery,Air,2024-04-15,2024-04-18,2024-04-18,0,0.171,0.227,0.041,342.3,660.5,656.3,17871.26,0
ORD-104569,SUP-002,0.788,Middle East/Africa,Pharma,Air,2023-03-29,2023-04-03,2023-04-12,9,0.556,0.053,0.013,679.2,321.7,276.5,5379.19,1
ORD-104570,SUP-038,0.957,Middle East/Africa,Machinery,Road,2024-05-20,2024-05-25,2024-05-25,0,0.31,0.372,0.042,461.5,316.8,394.0,10824.25,0
ORD-104571,SUP-038,0.957,Asia Pacific,Pharma,Road,2023-01-01,2023-01-06,2023-01-06,0,0.353,0.19,0.092,435.4,636.2,629.2,3617.2,0
ORD-104572,SUP-001,0.823,Latin America,Pharma,Road,2023-10-29,2023-11-02,2023-11-02,0,0.227,0.073,0.096,361.8,467.0,499.5,2524.58,0
ORD-104573,SUP-014,0.805,North America,Textiles,Road,2023-03-29,2023-04-02,2023-04-02,0,0.038,0.359,0.066,463.4,485.4,486.8,3399.27,0
ORD-104574,SUP-016,0.842,North America,Pharma,Sea,2023-12-17,2024-01-08,2024-01-08,0,0.0,0.0,0.045,641.1,542.2,549.9,1764.56,0
ORD-104575,SUP-005,0.967,Europe,Machinery,Road,2023-01-03,2023-01-06,2023-01-17,11,0.215,0.298,0.089,480.5,437.7,414.6,2246.64,1
ORD-104576,SUP-019,0.75,Middle East/Africa,FMCG,Sea,2023-07-11,2023-08-01,2023-08-01,0,0.0,0.561,0.509,490.7,476.5,478.2,3383.5,0
ORD-104577,SUP-029,0.765,Middle East/Africa,Automotive Parts,Rail,2023-06-14,2023-06-23,2023-06-23,0,0.132,0.191,0.081,355.2,576.2,513.7,3446.57,0
ORD-104578,SUP-013,0.8,Asia Pacific,Pharma,Sea,2024-06-14,2024-07-07,2024-07-07,0,0.398,0.135,0.416,405.0,639.3,659.2,3680.75,0
ORD-104579,SUP-026,0.782,North America,Machinery,Road,2024-01-02,2024-01-08,2024-01-09,1,0.27,0.083,0.061,472.6,597.3,533.1,2516.98,0
ORD-104580,SUP-032,0.702,North America,FMCG,Road,2023-12-26,2023-12-30,2023-12-30,0,0.463,0.311,0.096,53.7,522.0,453.2,3788.05,0
ORD-104581,SUP-029,0.765,North America,FMCG,Rail,2024-01-24,2024-02-02,2024-02-02,0,0.402,0.056,0.028,805.5,494.8,483.3,4033.79,0
ORD-104582,SUP-039,0.777,Europe,Pharma,Rail,2023-11-07,2023-11-16,2023-11-16,0,0.0,0.0,0.072,627.2,172.0,162.7,3129.18,0
ORD-104583,SUP-001,0.823,Middle East/Africa,Machinery,Sea,2023-01-21,2023-02-10,2023-02-10,0,0.149,0.028,0.092,645.5,654.4,814.0,3968.15,0
ORD-104584,SUP-003,0.783,Europe,Automotive Parts,Rail,2024-07-29,2024-08-05,2024-08-11,6,0.518,0.208,0.05,550.6,373.1,392.5,2531.76,1
ORD-104585,SUP-027,0.793,Latin America,Machinery,Road,2023-09-04,2023-09-10,2023-09-10,0,0.273,0.317,0.051,460.8,290.2,296.0,2662.69,0
ORD-104586,SUP-023,0.548,North America,Machinery,Sea,2023-05-06,2023-05-29,2023-05-29,0,,0.272,0.213,398.8,559.1,503.3,6427.75,0
ORD-104587,SUP-019,0.75,Europe,Electronics,Road,2024-04-06,2024-04-11,2024-04-11,0,0.601,0.236,0.063,569.0,353.2,294.9,7595.5,0
ORD-104588,SUP-040,0.607,North America,Electronics,Road,2024-06-12,2024-06-15,2024-06-16,1,0.658,0.462,0.021,480.2,451.1,323.3,7170.33,0
ORD-104589,SUP-031,0.712,Europe,FMCG,Road,2024-03-26,2024-04-01,2024-04-01,0,0.346,0.106,0.063,571.2,621.5,648.1,10153.19,0
ORD-104590,SUP-011,0.936,Asia Pacific,Automotive Parts,Sea,2024-03-29,2024-04-20,2024-04-20,0,0.542,0.181,0.194,502.0,573.8,536.8,4534.89,0
ORD-104591,SUP-015,0.574,Europe,Automotive Parts,Road,2023-09-19,2023-09-24,2023-10-14,20,0.554,0.0,0.017,450.2,467.3,455.1,5095.98,1
ORD-104592,SUP-014,0.805,Europe,Electronics,Road,2023-11-04,2023-11-09,2023-11-09,0,0.318,0.329,0.038,368.2,583.8,497.6,16739.49,0
ORD-104593,SUP-011,0.936,Middle East/Africa,Automotive Parts,Sea,2023-01-03,2023-01-24,2023-01-24,0,0.103,0.337,0.27,752.1,294.0,324.5,5969.24,0
ORD-104594,SUP-040,0.607,Europe,Textiles,Road,2023-10-27,2023-11-01,2023-11-01,0,0.365,0.0,0.098,472.2,526.1,512.7,4573.22,0
ORD-104595,SUP-012,0.612,Asia Pacific,Machinery,Road,2024-08-20,2024-08-25,2024-08-25,0,0.268,0.031,0.021,363.0,535.9,616.6,2388.06,0
ORD-104596,SUP-019,0.75,Middle East/Africa,Machinery,Sea,2023-11-30,2023-12-23,2023-12-23,0,0.21,0.018,0.6,711.4,437.4,350.3,4047.82,0
ORD-104597,SUP-027,0.793,Latin America,Textiles,Sea,2023-09-18,2023-10-08,2023-10-08,0,0.649,0.185,0.003,484.9,495.1,554.3,1714.08,0
ORD-104598,SUP-001,0.823,Europe,FMCG,Sea,2023-02-12,2023-03-07,2023-03-07,0,0.084,0.085,0.112,754.2,599.9,736.3,3633.34,0
ORD-104599,SUP-011,0.936,Europe,Electronics,Road,2023-07-03,2023-07-07,2023-07-07,0,0.569,0.0,0.051,717.9,510.4,589.8,7234.92,0
ORD-104600,SUP-032,0.702,North America,FMCG,Air,2024-01-26,2024-01-31,2024-01-31,0,0.487,0.087,0.038,435.6,396.3,428.7,2414.27,0
ORD-104601,SUP-006,0.63,Europe,Textiles,Sea,2023-11-05,2023-11-26,2023-11-28,2,0.307,0.135,0.149,421.6,284.5,306.1,3459.05,1
ORD-104602,SUP-029,0.765,Asia Pacific,Textiles,Road,2023-05-24,2023-05-30,2023-05-30,0,0.276,0.207,0.002,497.9,473.2,636.2,3372.39,0
ORD-104603,SUP-033,0.8,Europe,Electronics,Road,2023-10-06,2023-10-12,2023-10-20,8,0.103,0.125,0.074,498.4,392.3,319.3,4352.14,1
ORD-104604,SUP-038,0.957,Latin America,Electronics,Sea,2023-09-10,2023-10-02,2023-10-02,0,0.023,0.083,0.245,278.5,116.6,100.1,2480.14,0
ORD-104605,SUP-005,0.967,Latin America,Electronics,Sea,2023-01-14,2023-02-06,2023-02-06,0,0.159,0.357,0.553,155.0,300.7,264.1,2573.73,0
ORD-104606,SUP-003,0.783,Asia Pacific,Textiles,Road,2024-05-05,2024-05-11,2024-05-11,0,0.525,0.306,0.028,363.5,580.9,427.9,11878.91,0
ORD-104607,SUP-037,0.757,Europe,Machinery,Road,2023-06-02,2023-06-05,2023-06-06,1,0.503,0.227,0.079,447.0,559.5,451.4,3666.62,0
ORD-104608,SUP-039,0.777,Latin America,Electronics,Road,2023-04-29,2023-05-03,2023-05-03,0,0.218,0.105,0.024,461.4,446.4,383.5,5613.86,0
ORD-104609,SUP-034,0.576,Middle East/Africa,Machinery,Road,2023-01-24,2023-01-28,2023-01-28,0,0.459,0.0,0.094,502.4,467.2,468.1,13399.96,0
ORD-104610,SUP-017,0.619,Asia Pacific,Automotive Parts,Road,2024-07-03,2024-07-08,2024-07-08,0,0.348,0.114,0.0,366.0,357.1,277.8,2384.27,0
ORD-104611,SUP-031,0.712,Middle East/Africa,FMCG,Sea,2024-06-02,2024-06-25,2024-06-25,0,0.283,0.084,0.178,506.5,349.9,359.4,4618.02,0
ORD-104612,SUP-020,0.762,Asia Pacific,Automotive Parts,Rail,2023-08-03,2023-08-10,2023-08-25,15,0.547,0.167,0.07,420.5,389.6,448.7,7370.84,1
ORD-104613,SUP-033,0.8,Asia Pacific,Automotive Parts,Road,2024-02-18,2024-02-21,2024-02-21,0,0.242,0.235,0.079,360.7,333.0,325.8,4594.02,0
ORD-104614,SUP-039,0.777,Europe,Machinery,Road,2023-04-29,2023-05-03,2023-05-03,0,0.067,0.199,0.063,211.7,467.2,477.2,3268.01,0
ORD-104615,SUP-002,0.788,Middle East/Africa,Pharma,Rail,2023-10-24,2023-11-02,2023-11-05,3,0.532,0.354,0.087,710.4,394.3,473.4,4563.49,1
ORD-104616,SUP-025,0.704,Middle East/Africa,Textiles,Rail,2023-11-15,2023-11-21,2023-11-21,0,0.294,0.248,0.059,369.9,565.9,598.0,5508.74,0
ORD-104617,SUP-013,0.8,Latin America,Electronics,Road,2023-09-14,2023-09-20,2023-09-28,8,0.602,0.129,0.06,523.5,548.6,600.2,3711.27,1
ORD-104618,SUP-028,0.644,Latin America,Machinery,Road,2024-01-07,2024-01-13,2024-01-18,5,0.22,0.142,0.023,438.5,473.7,572.5,1749.14,1
ORD-104619,SUP-003,0.783,Europe,FMCG,Sea,2023-10-01,2023-10-23,2023-10-25,2,0.009,0.171,0.162,689.2,223.8,190.5,9097.53,1
ORD-104620,SUP-005,0.967,Asia Pacific,FMCG,Road,2024-02-11,2024-02-15,2024-02-15,0,0.29,0.122,0.038,255.9,439.4,239.1,6737.14,0
ORD-104621,SUP-025,0.704,Asia Pacific,Machinery,Rail,2024-07-29,2024-08-06,2024-08-06,0,0.455,0.0,0.046,334.8,405.3,281.9,4287.08,0
ORD-104622,SUP-015,0.574,Latin America,Machinery,Air,2024-08-23,2024-08-26,2024-08-27,1,0.116,0.372,0.03,236.5,442.6,525.3,4994.56,0
ORD-104623,SUP-008,0.711,Middle East/Africa,Textiles,Sea,2023-11-27,2023-12-20,2023-12-20,0,0.823,0.311,0.16,380.9,604.1,634.9,2726.54,0
ORD-104624,SUP-004,0.652,Middle East/Africa,Machinery,Road,2023-03-11,2023-03-17,2023-03-17,0,0.366,0.309,0.068,274.6,389.8,323.5,1430.42,0
ORD-104625,SUP-015,0.574,Middle East/Africa,Pharma,Air,2023-02-20,2023-02-23,2023-02-23,0,0.292,0.0,0.035,333.3,468.9,478.5,5712.23,0
ORD-104626,SUP-005,0.967,North America,Machinery,Road,2023-06-19,2023-06-24,2023-06-24,0,0.31,0.142,0.016,623.1,343.0,305.5,3580.67,0
ORD-104627,SUP-012,0.612,Middle East/Africa,Textiles,Sea,2023-08-08,2023-08-28,2023-08-28,0,0.429,0.267,0.113,644.9,559.1,629.5,1620.87,0
ORD-104628,SUP-019,0.75,North America,Pharma,Road,2023-07-17,2023-07-21,2023-07-21,0,0.424,0.398,0.057,496.5,346.9,356.6,2563.73,0
ORD-104629,SUP-011,0.936,Europe,Electronics,Rail,2024-05-05,2024-05-11,2024-05-11,0,0.0,0.348,0.016,342.1,546.1,627.4,5750.09,0
ORD-104630,SUP-014,0.805,Asia Pacific,Pharma,Road,2023-08-18,2023-08-21,2023-08-21,0,0.132,0.0,0.014,445.0,325.9,265.0,1221.29,0
ORD-104631,SUP-015,0.574,Latin America,Electronics,Road,2024-01-15,2024-01-20,2024-01-20,0,0.464,0.024,0.048,558.1,721.6,716.6,8870.62,0
ORD-104632,SUP-031,0.712,Middle East/Africa,Machinery,Road,2023-09-28,2023-10-03,2023-10-16,13,0.278,0.029,0.067,584.9,446.7,538.9,9558.13,1
ORD-104633,SUP-034,0.576,Asia Pacific,Electronics,Road,2023-07-15,2023-07-20,2023-07-20,0,0.579,0.098,0.051,337.2,411.5,479.6,2603.76,0
ORD-104634,SUP-020,0.762,Asia Pacific,Automotive Parts,Rail,2023-08-23,2023-08-31,2023-08-31,0,0.201,0.319,0.046,496.1,315.2,320.5,12563.92,0
ORD-104635,SUP-035,0.443,Europe,Machinery,Sea,2024-08-12,2024-09-02,2024-09-03,1,0.31,0.244,0.293,484.5,496.8,440.1,2490.09,0
ORD-104636,SUP-019,0.75,Europe,Textiles,Sea,2023-08-25,2023-09-16,2023-09-17,1,0.237,0.265,0.561,315.8,638.1,579.7,4722.24,0
ORD-104637,SUP-034,0.576,Middle East/Africa,Electronics,Road,2023-06-23,2023-06-26,2023-06-26,0,0.142,0.38,0.007,643.6,348.7,332.1,3173.4,0
ORD-104638,SUP-020,0.762,Middle East/Africa,Pharma,Rail,2023-07-14,2023-07-22,2023-07-22,0,0.095,0.078,0.034,734.5,639.1,625.4,5433.64,0
ORD-104639,SUP-033,0.8,Middle East/Africa,Automotive Parts,Road,2024-02-14,2024-02-17,2024-02-22,5,0.187,0.05,0.034,602.2,517.3,352.3,2074.89,1
ORD-104640,SUP-031,0.712,Middle East/Africa,Automotive Parts,Rail,2024-07-10,2024-07-16,2024-07-16,0,0.288,0.134,0.092,319.2,493.4,557.6,15193.13,0
ORD-104641,SUP-009,0.768,Europe,Automotive Parts,Road,2024-06-18,2024-06-23,2024-06-23,0,0.675,0.194,0.066,689.6,392.9,377.3,5337.37,0
ORD-104642,SUP-036,0.714,Asia Pacific,FMCG,Sea,2024-03-27,2024-04-16,2024-04-16,0,0.217,0.141,0.0,462.9,473.4,514.7,4026.28,0
ORD-104643,SUP-031,0.712,North America,Machinery,Road,2023-10-25,2023-10-29,2023-11-06,8,0.515,0.109,0.034,601.3,678.5,708.2,3208.96,1
ORD-104644,SUP-022,0.872,North America,FMCG,Road,2023-02-04,2023-02-08,2023-02-08,0,0.447,0.067,0.012,580.7,323.2,301.7,3501.4,0
ORD-104645,SUP-020,0.762,Latin America,Machinery,Rail,2024-01-10,2024-01-19,2024-01-24,5,0.334,0.287,0.066,400.7,356.3,278.8,5712.53,1
ORD-104646,SUP-016,0.842,Latin America,Textiles,Road,2023-09-08,2023-09-14,2023-09-14,0,0.159,0.342,0.047,481.6,510.8,432.8,6121.9,0
ORD-104647,SUP-030,0.76,Europe,FMCG,Road,2023-06-09,2023-06-15,2023-06-15,0,0.296,0.05,0.083,342.5,284.1,274.4,3146.93,0
ORD-104648,SUP-011,0.936,Middle East/Africa,FMCG,Road,2023-04-26,2023-04-29,2023-04-29,0,0.171,0.13,0.004,366.6,440.5,415.5,6127.72,0
ORD-104649,SUP-004,0.652,North America,FMCG,Road,2023-12-29,2024-01-01,2024-01-01,0,0.798,0.465,0.086,394.1,356.0,376.1,2505.39,0
ORD-104650,SUP-004,0.652,Middle East/Africa,Pharma,Air,2024-01-15,2024-01-17,2024-01-21,4,0.387,0.231,0.021,372.5,217.4,236.9,3440.24,1
ORD-104651,SUP-020,0.762,Asia Pacific,Automotive Parts,Road,2023-05-05,2023-05-10,2023-05-10,0,0.413,0.212,0.053,407.8,542.7,529.0,17931.67,0
ORD-104652,SUP-004,0.652,Europe,Machinery,Sea,2024-09-02,2024-09-23,2024-09-23,0,0.612,0.516,0.53,494.0,562.6,559.7,10778.43,0
ORD-104653,SUP-035,0.443,Latin America,Electronics,Rail,2024-05-15,2024-05-24,2024-05-24,0,0.33,0.101,0.096,531.5,417.1,417.7,2599.18,0
ORD-104654,SUP-037,0.757,North America,Pharma,Sea,2024-09-09,2024-09-30,2024-10-13,13,0.278,0.39,0.741,243.9,549.3,558.0,1669.56,1
ORD-104655,SUP-007,0.877,Latin America,Automotive Parts,Road,2023-07-23,2023-07-27,2023-07-27,0,0.094,0.368,0.018,556.1,238.7,195.5,2894.78,0
ORD-104656,SUP-002,0.788,Middle East/Africa,Automotive Parts,Road,2023-05-23,2023-05-26,2023-05-26,0,0.0,0.0,0.099,408.8,323.8,293.5,3923.94,0
ORD-104657,SUP-019,0.75,Europe,Machinery,Sea,2024-02-02,2024-02-22,2024-02-22,0,0.631,0.247,0.241,535.6,510.8,512.3,7557.23,0
ORD-104658,SUP-025,0.704,Middle East/Africa,Machinery,Rail,2023-04-01,2023-04-09,2023-04-09,0,0.384,0.057,0.025,432.9,361.3,284.2,6796.0,0
ORD-104659,SUP-029,0.765,Asia Pacific,Machinery,Road,2024-01-27,2024-02-01,2024-02-01,0,0.0,0.352,0.046,444.9,656.4,848.5,6449.39,0
ORD-104660,SUP-038,0.957,Latin America,Automotive Parts,Rail,2023-09-04,2023-09-10,2023-09-10,0,0.338,0.131,0.012,610.8,259.2,285.4,1491.41,0
ORD-104661,SUP-028,0.644,North America,Electronics,Road,2024-05-15,2024-05-18,2024-05-18,0,0.36,0.0,0.087,399.0,122.2,115.0,10691.2,0
ORD-104662,SUP-025,0.704,Latin America,FMCG,Rail,2023-12-18,2023-12-27,2024-01-07,11,0.409,0.285,0.003,627.0,353.0,348.8,1512.41,1
ORD-104663,SUP-007,0.877,Middle East/Africa,Textiles,Sea,2023-11-07,2023-11-28,2023-11-29,1,0.404,0.058,0.243,475.2,484.7,483.9,5738.17,0
ORD-104664,SUP-020,0.762,North America,Automotive Parts,Sea,2023-01-02,2023-01-23,2023-01-30,7,0.273,0.285,0.261,526.6,407.1,476.1,3983.36,1
ORD-104665,SUP-029,0.765,North America,Electronics,Road,2023-01-19,2023-01-25,2023-01-26,1,0.396,0.109,0.059,618.0,468.0,398.4,5047.32,0
ORD-104666,SUP-011,0.936,North America,Automotive Parts,Road,2024-01-11,2024-01-16,2024-01-16,0,0.162,0.268,0.031,705.6,387.3,419.3,2433.33,0
ORD-104667,SUP-030,0.76,Asia Pacific,Automotive Parts,Sea,2023-11-28,2023-12-20,2024-01-07,18,0.218,0.352,0.241,565.7,442.1,496.3,13540.82,1
ORD-104668,SUP-039,0.777,Asia Pacific,Automotive Parts,Road,2023-10-14,2023-10-19,2023-10-19,0,0.188,0.128,0.095,320.4,576.6,665.1,8439.22,0
ORD-104669,SUP-020,0.762,Europe,Automotive Parts,Road,2023-07-13,2023-07-18,2023-07-18,0,0.44,0.052,0.098,478.0,527.1,614.9,5305.18,0
ORD-104670,SUP-032,0.702,Middle East/Africa,Electronics,Road,2023-06-20,2023-06-23,2023-07-07,14,0.417,0.119,0.078,433.7,666.5,539.5,3685.97,1
ORD-104671,SUP-011,0.936,Middle East/Africa,Pharma,Rail,2023-08-24,2023-09-02,2023-09-05,3,0.482,0.117,0.09,723.4,254.3,251.5,6717.52,1
ORD-104672,SUP-008,0.711,Middle East/Africa,Electronics,Road,2023-11-25,2023-12-01,2023-12-06,5,0.0,0.033,0.065,646.6,249.6,241.6,7158.09,1
ORD-104673,SUP-017,0.619,Europe,Textiles,Rail,2023-06-27,2023-07-06,2023-07-06,0,0.387,0.169,0.081,307.6,532.8,561.0,3954.6,0
ORD-104674,SUP-023,0.548,Asia Pacific,Pharma,Rail,2023-09-15,2023-09-23,2023-09-28,5,0.344,0.167,0.081,128.9,381.2,408.5,3407.68,1
ORD-104675,SUP-024,0.818,North America,Electronics,Rail,2023-02-07,2023-02-13,2023-03-08,23,0.448,0.342,0.063,440.9,398.4,407.8,4397.64,1
ORD-104676,SUP-021,0.656,Middle East/Africa,Machinery,Road,2023-08-28,2023-09-02,2023-09-02,0,0.166,0.182,0.062,413.2,319.9,294.5,5422.97,0
ORD-104677,SUP-038,0.957,Middle East/Africa,FMCG,Sea,2024-01-08,2024-01-31,2024-01-31,0,0.088,0.29,0.52,524.5,460.3,354.6,6174.14,0
ORD-104678,SUP-028,0.644,Europe,Pharma,Road,2023-03-17,2023-03-21,2023-03-23,2,0.172,0.045,0.05,755.3,629.8,663.7,15649.92,0
ORD-104679,SUP-011,0.936,Latin America,Automotive Parts,Road,2024-07-26,2024-07-30,2024-07-31,1,0.073,0.0,0.066,594.9,492.0,427.7,9623.94,0
ORD-104680,SUP-031,0.712,North America,Automotive Parts,Sea,2023-01-03,2023-01-26,2023-01-27,1,0.31,0.331,0.45,385.8,396.7,393.8,3795.24,0
ORD-104681,SUP-027,0.793,North America,Machinery,Sea,2024-06-28,2024-07-20,2024-07-20,0,0.0,0.167,0.317,582.1,443.1,413.8,6999.33,0
ORD-104682,SUP-008,0.711,Latin America,Automotive Parts,Road,2023-06-05,2023-06-08,2023-06-09,1,0.497,0.203,0.093,717.0,528.7,493.3,6901.95,0
ORD-104683,SUP-027,0.793,Middle East/Africa,Electronics,Rail,2024-05-07,2024-05-14,2024-05-14,0,0.314,0.169,0.05,486.8,254.4,275.6,3960.01,0
ORD-104684,SUP-022,0.872,North America,Pharma,Sea,2023-10-11,2023-11-02,2023-11-02,0,0.213,0.236,0.13,552.5,249.8,265.0,16154.45,0
ORD-104685,SUP-009,0.768,Middle East/Africa,Pharma,Air,2024-08-05,2024-08-08,2024-08-08,0,0.467,0.274,0.065,549.8,371.8,469.5,2264.64,0
ORD-104686,SUP-008,0.711,Asia Pacific,Automotive Parts,Road,2023-01-01,2023-01-07,2023-01-07,0,0.405,0.12,0.015,277.1,158.3,125.8,5974.68,0
ORD-104687,SUP-003,0.783,Latin America,Pharma,Road,2024-01-19,2024-01-25,2024-01-25,0,0.441,0.143,0.077,246.8,541.3,403.2,4532.69,0
ORD-104688,SUP-018,0.727,Latin America,Pharma,Rail,2023-11-17,2023-11-25,2023-12-04,9,0.63,0.207,0.001,727.6,547.5,503.4,3545.79,1
ORD-104689,SUP-029,0.765,Europe,Machinery,Sea,2024-07-09,2024-07-30,2024-07-30,0,0.471,0.12,0.222,372.5,306.7,343.1,5650.77,0
ORD-104690,SUP-040,0.607,Asia Pacific,Textiles,Rail,2024-07-10,2024-07-17,2024-07-17,0,0.312,0.034,0.005,292.7,661.1,678.5,1403.87,0
ORD-104691,SUP-024,0.818,Latin America,FMCG,Road,2023-07-29,2023-08-04,2023-08-04,0,0.135,0.141,0.081,207.3,527.6,605.9,4356.27,0
ORD-104692,SUP-022,0.872,Europe,Textiles,Sea,2023-03-10,2023-04-02,2023-04-13,11,0.344,0.0,0.129,381.9,599.3,475.5,3680.02,1
ORD-104693,SUP-008,0.711,North America,Electronics,Air,2023-05-20,2023-05-24,2023-05-24,0,0.271,0.263,0.021,567.5,355.2,303.9,10279.3,0
ORD-104694,SUP-013,0.8,Asia Pacific,FMCG,Sea,2023-12-08,2023-12-31,2023-12-31,0,0.0,0.316,0.265,523.9,487.6,593.4,7637.74,0
ORD-104695,SUP-024,0.818,Europe,Machinery,Air,2024-05-02,2024-05-04,2024-05-11,7,0.478,0.376,0.012,431.6,400.1,311.5,3940.17,1
ORD-104696,SUP-028,0.644,Latin America,Textiles,Road,2024-05-23,2024-05-28,2024-05-30,2,0.514,0.51,0.055,599.8,371.8,396.4,2264.29,1
ORD-104697,SUP-008,0.711,Asia Pacific,Pharma,Road,2023-07-25,2023-07-29,2023-07-29,0,0.493,0.315,0.083,529.2,305.4,318.0,4403.25,0
ORD-104698,SUP-031,0.712,Middle East/Africa,Electronics,Road,2024-07-05,2024-07-10,2024-07-10,0,0.187,0.238,0.042,153.8,266.1,267.1,5147.39,0
ORD-104699,SUP-007,0.877,Europe,FMCG,Road,2024-07-18,2024-07-21,2024-07-21,0,0.122,0.331,0.054,350.1,280.6,243.0,8494.98,0
ORD-104700,SUP-035,0.443,North America,Machinery,Rail,2023-08-31,2023-09-09,2023-09-09,0,0.163,0.279,0.082,452.4,388.8,416.4,1331.74,0
ORD-104701,SUP-017,0.619,Middle East/Africa,Electronics,Sea,2023-07-17,2023-08-09,2023-08-09,0,0.543,0.056,0.201,506.2,419.6,443.4,5323.06,0
ORD-104702,SUP-026,0.782,Asia Pacific,Machinery,Air,2023-05-11,2023-05-14,2023-05-15,1,0.369,0.165,0.084,520.1,450.2,476.3,7978.3,0
ORD-104703,SUP-026,0.782,Asia Pacific,Pharma,Sea,2023-01-15,2023-02-04,2023-02-04,0,0.356,0.0,0.146,427.8,520.2,502.3,5909.53,0
ORD-104704,SUP-039,0.777,Europe,Automotive Parts,Sea,2024-09-08,2024-09-28,2024-09-28,0,0.393,0.287,0.465,301.7,550.0,591.7,4155.53,0
ORD-104705,SUP-014,0.805,Europe,Electronics,Sea,2024-04-10,2024-05-02,2024-05-02,0,0.199,0.222,0.092,418.1,400.0,462.6,3426.6,0
ORD-104706,SUP-009,0.768,North America,Automotive Parts,Road,2024-07-24,2024-07-29,2024-08-03,5,0.375,0.26,0.034,558.0,575.1,528.0,2615.72,1
ORD-104707,SUP-023,0.548,Latin America,Textiles,Rail,2024-06-04,2024-06-11,2024-06-11,0,0.302,0.077,0.006,298.6,609.5,732.2,3357.48,0
ORD-104708,SUP-013,0.8,North America,Textiles,Road,2023-03-28,2023-04-02,2023-04-02,0,0.688,0.135,0.09,634.1,668.0,623.7,5666.88,0
ORD-104709,SUP-025,0.704,Latin America,Automotive Parts,Rail,2023-06-07,2023-06-16,2023-06-17,1,0.102,0.177,0.008,526.8,441.6,475.0,5605.19,0
ORD-104710,SUP-039,0.777,Latin America,FMCG,Sea,2023-07-31,2023-08-22,2023-08-22,0,0.623,0.192,0.23,236.6,445.3,498.8,2242.71,0
ORD-104711,SUP-021,0.656,Middle East/Africa,Pharma,Road,2023-08-27,2023-08-31,2023-08-31,0,0.007,0.347,0.097,630.7,570.2,606.9,3879.09,0
ORD-104712,SUP-020,0.762,Middle East/Africa,Pharma,Road,2024-07-19,2024-07-22,2024-07-22,0,0.171,0.072,0.065,449.0,658.4,634.6,4712.37,0
ORD-104713,SUP-003,0.783,Middle East/Africa,Pharma,Sea,2024-01-02,2024-01-24,2024-02-04,11,0.656,0.176,0.0,456.3,575.7,499.1,3600.09,1
ORD-104714,SUP-019,0.75,North America,Textiles,Air,2023-01-18,2023-01-21,2023-01-21,0,0.139,0.223,0.04,293.1,600.8,697.0,16203.21,0
ORD-104715,SUP-010,0.898,Middle East/Africa,Machinery,Sea,2023-01-21,2023-02-13,2023-02-13,0,0.482,0.121,0.321,800.1,351.4,282.9,11138.3,0
ORD-104716,SUP-025,0.704,North America,Machinery,Road,2024-07-28,2024-07-31,2024-07-31,0,0.254,0.257,0.069,309.1,381.1,291.5,2813.63,0
ORD-104717,SUP-026,0.782,Europe,Automotive Parts,Air,2023-10-15,2023-10-20,2023-10-20,0,0.333,0.057,0.077,649.0,274.1,292.5,8618.27,0
ORD-104718,SUP-029,0.765,Latin America,FMCG,Road,2024-08-18,2024-08-23,2024-08-23,0,0.298,0.183,0.084,721.1,450.7,487.5,6452.53,0
ORD-104719,SUP-040,0.607,North America,Machinery,Rail,2023-09-19,2023-09-26,2023-10-12,16,0.325,0.416,0.064,467.4,504.0,681.1,3368.77,1
ORD-104720,SUP-022,0.872,Europe,Electronics,Road,2024-03-28,2024-03-31,2024-04-01,1,0.448,0.499,0.061,462.2,384.8,445.5,2644.19,0
ORD-104721,SUP-024,0.818,Latin America,FMCG,Rail,2023-01-04,2023-01-12,2023-01-12,0,0.676,0.371,0.052,639.3,417.4,386.5,5922.73,0
ORD-104722,SUP-038,0.957,Asia Pacific,Automotive Parts,Road,2024-01-22,2024-01-27,2024-01-27,0,0.0,0.213,0.079,646.0,368.0,345.3,5357.35,0
ORD-104723,SUP-010,0.898,North America,Pharma,Rail,2023-07-20,2023-07-29,2023-07-30,1,0.27,0.144,0.068,586.0,485.1,478.6,4520.11,0
ORD-104724,SUP-038,0.957,Latin America,Automotive Parts,Air,2023-02-17,2023-02-19,2023-02-19,0,0.224,0.2,0.055,406.7,498.6,467.5,4921.17,0
ORD-104725,SUP-014,0.805,North America,Pharma,Road,2023-06-29,2023-07-05,2023-07-05,0,0.465,0.469,0.0,423.9,391.9,385.7,2880.34,0
ORD-104726,SUP-007,0.877,Middle East/Africa,FMCG,Road,2023-08-25,2023-08-30,2023-08-30,0,0.339,0.293,0.028,814.0,351.4,322.1,6274.58,0
ORD-104727,SUP-008,0.711,North America,Machinery,Road,2023-07-28,2023-07-31,2023-07-31,0,0.0,0.383,0.099,394.2,564.5,507.2,6200.42,0
ORD-104728,SUP-028,0.644,Middle East/Africa,Automotive Parts,Road,2023-04-17,2023-04-20,2023-04-20,0,0.266,0.0,0.022,302.4,339.2,346.9,2394.65,0
ORD-104729,SUP-038,,Europe,Machinery,Road,2023-03-05,2023-03-08,2023-03-08,0,0.467,0.255,0.028,554.9,481.6,414.8,2039.95,0
ORD-104730,SUP-037,0.757,Middle East/Africa,Machinery,Road,2023-08-09,2023-08-15,2023-08-15,0,0.554,0.385,0.074,422.8,400.2,365.7,5968.2,0
ORD-104731,SUP-024,0.818,Europe,Automotive Parts,Air,2023-05-17,2023-05-20,2023-05-20,0,0.284,0.34,0.1,713.9,572.9,358.8,804.38,0
ORD-104732,SUP-002,0.788,Latin America,Pharma,Rail,2024-05-17,2024-05-24,2024-05-25,1,0.0,0.336,0.035,288.3,446.9,510.5,8177.55,0
ORD-104733,SUP-040,0.607,Asia Pacific,Pharma,Rail,2024-04-07,2024-04-14,2024-04-14,0,0.348,0.0,0.075,737.9,578.0,346.8,2686.28,0
ORD-104734,SUP-031,0.712,Latin America,Textiles,Sea,2023-06-19,2023-07-12,2023-07-13,1,,0.37,0.018,569.5,477.1,486.0,3245.84,0
ORD-104735,SUP-034,0.576,North America,Pharma,Air,2023-09-26,2023-09-29,2023-09-29,0,0.464,0.237,0.072,429.9,527.7,574.3,2716.36,0
ORD-104736,SUP-004,0.652,North America,Automotive Parts,Road,2023-10-10,2023-10-14,2023-10-16,2,,0.492,0.088,528.7,268.5,339.5,5757.79,0
ORD-104737,SUP-022,0.872,Middle East/Africa,Automotive Parts,Sea,2024-08-07,2024-08-30,2024-09-02,3,0.312,0.104,0.236,609.7,396.7,289.5,3359.04,1
ORD-104738,SUP-027,0.793,Europe,FMCG,Sea,2023-11-10,2023-12-03,2023-12-03,0,0.265,0.0,0.243,519.8,478.0,459.8,5716.96,0
ORD-104739,SUP-036,0.714,Asia Pacific,Machinery,Rail,2024-03-14,2024-03-21,2024-03-29,8,0.237,0.056,0.038,513.4,167.6,223.4,10710.07,1
ORD-104740,SUP-004,0.652,Asia Pacific,FMCG,Road,2023-06-26,2023-06-29,2023-06-29,0,0.341,0.141,0.024,591.3,299.4,307.9,8133.99,0
ORD-104741,SUP-010,0.898,North America,Machinery,Road,2024-08-21,2024-08-25,2024-08-26,1,0.601,0.0,0.053,780.1,434.2,497.9,8240.56,0
ORD-104742,SUP-035,0.443,North America,Textiles,Sea,2024-02-22,2024-03-16,2024-03-16,0,0.414,0.0,0.0,206.7,447.0,351.9,2616.43,0
ORD-104743,SUP-030,0.76,Middle East/Africa,Machinery,Sea,2024-08-21,2024-09-13,2024-09-16,3,0.505,0.395,0.104,326.5,574.4,513.3,9410.24,1
ORD-104744,SUP-029,0.765,Asia Pacific,FMCG,Rail,2023-11-11,2023-11-19,2023-11-19,0,0.029,0.33,0.008,817.4,383.7,368.3,5242.69,0
ORD-104745,SUP-002,0.788,Latin America,Machinery,Sea,2023-02-15,2023-03-10,2023-03-10,0,0.432,0.32,0.043,473.3,331.0,196.5,3583.15,0
ORD-104746,SUP-022,0.872,North America,FMCG,Sea,2023-06-08,2023-06-29,2023-07-05,6,0.534,0.097,0.08,527.9,233.7,243.8,7941.39,1
ORD-104747,SUP-023,0.548,North America,Machinery,Road,2023-11-15,2023-11-21,2023-11-21,0,0.552,0.306,0.091,784.8,614.9,531.5,5412.77,0
ORD-104748,SUP-026,0.782,Europe,FMCG,Rail,2023-07-23,2023-07-29,2023-08-17,19,0.379,0.178,0.047,492.8,267.2,254.7,3147.98,1
ORD-104749,SUP-010,0.898,Middle East/Africa,Machinery,Sea,2024-04-23,2024-05-14,2024-05-26,12,0.617,0.271,0.445,426.2,428.6,414.8,7347.25,1
ORD-104750,SUP-024,0.818,Asia Pacific,Machinery,Air,2024-05-19,2024-05-21,2024-05-22,1,0.304,0.283,0.057,618.5,418.7,406.9,18719.51,0
ORD-104751,SUP-018,0.727,Asia Pacific,FMCG,Road,2023-06-02,2023-06-07,2023-06-07,0,,0.111,0.02,595.7,308.6,333.1,16835.18,0
ORD-104752,SUP-024,0.818,Europe,Electronics,Sea,2024-02-09,2024-03-02,2024-03-13,11,0.194,0.099,0.2,613.2,471.2,491.9,4415.37,1
ORD-104753,SUP-022,0.872,North America,Textiles,Sea,2024-06-07,2024-06-28,2024-07-05,7,0.411,0.069,0.259,469.0,506.8,540.5,6193.75,1
ORD-104754,SUP-004,0.652,Middle East/Africa,Machinery,Rail,2023-01-12,2023-01-18,2023-01-25,7,0.222,0.077,0.082,550.9,614.7,672.4,7951.7,1
ORD-104755,SUP-015,0.574,Latin America,FMCG,Sea,2023-06-08,2023-07-01,2023-07-02,1,0.145,0.037,0.0,590.3,324.6,303.1,13288.58,0
ORD-104756,SUP-004,0.652,Latin America,Electronics,Road,2023-08-05,2023-08-08,2023-08-27,19,0.222,0.272,0.036,545.4,393.0,436.3,2357.08,1
ORD-104757,SUP-014,0.805,Middle East/Africa,Electronics,Road,2024-03-18,2024-03-24,2024-03-24,0,,0.0,0.023,100.9,666.0,853.6,12709.46,0
ORD-104758,SUP-024,0.818,North America,Machinery,Road,2024-06-02,2024-06-08,2024-06-15,7,0.379,0.255,0.012,549.4,462.2,462.8,1762.41,1
ORD-104759,SUP-033,0.8,Asia Pacific,Pharma,Sea,2023-10-11,2023-11-03,2023-11-03,0,0.196,0.038,0.164,474.3,604.4,460.6,16560.36,0
ORD-104760,SUP-008,0.711,North America,Textiles,Road,2023-09-02,2023-09-07,2023-09-07,0,0.255,0.407,0.097,697.6,518.4,586.6,2768.62,0
ORD-104761,SUP-027,0.793,Europe,Electronics,Road,2023-07-01,2023-07-04,2023-07-04,0,0.28,0.0,0.009,721.8,436.5,535.2,2821.94,0
ORD-104762,SUP-012,0.612,Europe,Textiles,Road,2023-02-15,2023-02-19,2023-02-19,0,0.503,0.048,0.028,743.4,467.4,547.6,5486.32,0
ORD-104763,SUP-030,0.76,Asia Pacific,Pharma,Rail,2023-01-14,2023-01-20,2023-01-20,0,0.167,0.49,0.071,401.2,352.5,335.5,3043.63,0
ORD-104764,SUP-006,0.63,North America,Electronics,Road,2023-02-21,2023-02-25,2023-02-27,2,0.063,0.36,0.017,407.5,487.1,427.7,1892.27,0
ORD-104765,SUP-030,0.76,Middle East/Africa,Automotive Parts,Sea,2024-01-21,2024-02-10,2024-02-27,17,0.319,0.215,0.434,566.4,339.4,393.5,5068.59,1
ORD-104766,SUP-006,0.63,Europe,Textiles,Sea,2024-08-19,2024-09-08,2024-09-08,0,0.518,0.089,0.445,618.1,377.1,390.6,4329.35,0
ORD-104767,SUP-011,0.936,North America,FMCG,Road,2024-05-16,2024-05-22,2024-05-22,0,0.0,0.195,0.073,333.2,302.7,319.9,8222.72,0
ORD-104768,SUP-040,0.607,Asia Pacific,FMCG,Rail,2024-01-20,2024-01-28,2024-01-28,0,0.183,0.03,0.003,410.4,684.0,714.0,14240.07,0
ORD-104769,SUP-040,0.607,Asia Pacific,Pharma,Rail,2024-05-13,2024-05-20,2024-05-20,0,0.0,0.252,0.029,479.7,425.1,372.4,10808.22,0
ORD-104770,SUP-016,0.842,Asia Pacific,FMCG,Road,2023-04-29,2023-05-04,2023-05-05,1,0.419,0.111,0.052,298.4,386.2,428.8,9779.69,0
ORD-104771,SUP-008,0.711,Asia Pacific,Automotive Parts,Road,2024-01-13,2024-01-17,2024-01-22,5,0.369,0.25,0.054,665.7,385.3,275.8,4632.86,1
ORD-104772,SUP-008,0.711,North America,Pharma,Road,2024-01-01,2024-01-05,2024-01-05,0,0.527,0.452,0.092,602.9,534.2,471.3,2924.57,0
ORD-104773,SUP-031,0.712,Latin America,Machinery,Sea,2023-02-14,2023-03-06,2023-03-06,0,0.629,0.474,0.14,238.7,433.4,516.6,3545.11,0
ORD-104774,SUP-026,0.782,Europe,Machinery,Sea,2023-02-10,2023-03-03,2023-03-03,0,0.631,0.0,0.0,453.5,522.9,597.6,4711.08,0
ORD-104775,SUP-028,0.644,Asia Pacific,Machinery,Road,2023-12-28,2024-01-03,2024-01-03,0,0.285,0.505,0.004,475.8,425.5,515.1,7684.33,0
ORD-104776,SUP-002,0.788,Europe,FMCG,Air,2024-06-27,2024-06-29,2024-06-29,0,0.11,0.556,0.01,537.2,580.5,756.2,7882.75,0
ORD-104777,SUP-027,0.793,Middle East/Africa,Textiles,Road,2023-08-26,2023-08-30,2023-09-02,3,0.0,0.242,0.013,264.5,535.4,532.0,3346.6,1
ORD-104778,SUP-005,0.967,Asia Pacific,Textiles,Sea,2024-02-17,2024-03-09,2024-03-09,0,0.107,0.272,0.362,315.4,586.3,720.0,10225.92,0
ORD-104779,SUP-040,0.607,Middle East/Africa,Machinery,Air,2024-07-12,2024-07-14,2024-07-17,3,0.467,0.171,0.094,507.1,389.5,423.7,7558.89,1
ORD-104780,SUP-013,0.8,Latin America,Electronics,Road,2024-09-21,2024-09-25,2024-09-29,4,0.187,0.077,0.042,286.2,494.4,626.6,5360.11,1
ORD-104781,SUP-019,0.75,Latin America,FMCG,Road,2023-10-11,2023-10-14,2023-10-14,0,0.428,0.059,0.056,368.3,501.1,636.8,2385.85,0
ORD-104782,SUP-026,0.782,Europe,Textiles,Road,2023-04-07,2023-04-10,2023-04-10,0,0.416,0.28,0.014,585.5,368.2,376.0,6705.19,0
ORD-104783,SUP-015,0.574,Asia Pacific,Electronics,Rail,2024-07-06,2024-07-14,2024-07-14,0,0.529,0.212,0.061,405.0,515.7,559.4,7092.21,0
ORD-104784,SUP-027,0.793,Latin America,Textiles,Road,2024-02-26,2024-03-01,2024-03-01,0,0.202,0.284,0.08,385.5,531.8,461.0,13874.21,0
ORD-104785,SUP-037,0.757,Middle East/Africa,FMCG,Road,2023-02-14,2023-02-18,2023-02-18,0,0.0,0.33,0.04,236.4,485.7,718.1,7656.94,0
ORD-104786,SUP-035,0.443,Middle East/Africa,FMCG,Rail,2024-05-08,2024-05-17,2024-05-17,0,0.208,0.378,0.049,482.5,407.7,439.7,13806.19,0
ORD-104787,SUP-003,0.783,Asia Pacific,Machinery,Air,2023-06-21,2023-06-26,2023-07-01,5,0.665,0.259,0.002,570.5,541.1,585.0,2943.7,1
ORD-104788,SUP-025,0.704,North America,Machinery,Sea,2024-03-28,2024-04-19,2024-04-24,5,0.653,0.022,0.302,410.7,276.9,238.0,5313.03,1
ORD-104789,SUP-036,0.714,Europe,FMCG,Rail,2024-08-21,2024-08-28,2024-08-28,0,0.685,0.33,0.046,451.4,439.0,351.0,12849.96,0
ORD-104790,SUP-021,0.656,Europe,Electronics,Rail,2023-10-26,2023-11-02,2023-11-11,9,0.617,0.23,0.075,518.4,298.8,269.0,1177.07,1
ORD-104791,SUP-001,0.823,Europe,Automotive Parts,Sea,2023-10-10,2023-11-02,2023-11-03,1,0.502,0.165,0.228,585.4,469.9,435.7,3281.23,0
ORD-104792,SUP-002,0.788,Europe,FMCG,Road,2023-06-17,2023-06-20,2023-07-06,16,0.0,0.496,0.028,684.0,357.4,334.9,10608.89,1
ORD-104793,SUP-033,0.8,Latin America,Automotive Parts,Rail,2023-05-21,2023-05-29,2023-05-29,0,0.085,0.287,0.012,399.1,481.1,438.2,5679.3,0
ORD-104794,SUP-012,0.612,Latin America,Machinery,Road,2024-08-31,2024-09-04,2024-09-04,0,0.144,0.286,0.048,783.9,376.2,380.6,9541.85,0
ORD-104795,SUP-012,0.612,Latin America,Textiles,Air,2023-06-17,2023-06-19,2023-06-19,0,,0.013,0.015,412.7,457.2,533.6,2616.24,0
ORD-104796,SUP-015,0.574,Asia Pacific,FMCG,Sea,2023-07-13,2023-08-02,2023-08-10,8,0.165,0.045,0.689,349.8,341.1,265.4,18706.71,1
ORD-104797,SUP-002,0.788,Europe,FMCG,Rail,2024-03-17,2024-03-26,2024-03-28,2,0.285,0.034,0.059,422.9,561.5,713.5,4112.38,1
ORD-104798,SUP-018,0.727,North America,Textiles,Road,2023-07-07,2023-07-11,2023-07-11,0,0.401,0.062,0.082,572.5,546.1,572.3,2796.54,0
ORD-104799,SUP-015,0.574,Latin America,Pharma,Air,2024-01-18,2024-01-23,2024-01-23,0,0.231,0.191,0.072,446.1,423.8,394.2,5355.65,0
ORD-104800,SUP-004,0.652,Middle East/Africa,Electronics,Sea,2023-03-16,2023-04-07,2023-04-12,5,0.475,0.403,0.257,748.4,356.8,416.9,14245.93,1
ORD-104801,SUP-015,0.574,Asia Pacific,Automotive Parts,Road,2023-07-24,2023-07-30,2023-07-31,1,0.563,0.248,0.08,431.4,345.3,407.1,10521.36,0
ORD-104802,SUP-019,0.75,Middle East/Africa,Pharma,Road,2023-10-23,2023-10-26,2023-10-26,0,,0.247,0.048,670.7,401.1,391.3,4129.92,0
ORD-104803,SUP-039,0.777,Latin America,Pharma,Sea,2023-12-25,2024-01-16,2024-01-16,0,0.743,0.36,0.079,505.1,227.0,240.3,6114.34,0
ORD-104804,SUP-023,0.548,North America,Pharma,Road,2023-12-13,2023-12-16,2023-12-22,6,0.0,0.084,0.019,623.2,408.7,412.4,4211.51,1
ORD-104805,SUP-014,0.805,Latin America,Pharma,Road,2024-06-10,2024-06-13,2024-06-29,16,0.728,0.095,0.016,193.4,387.9,285.3,10171.24,1
ORD-104806,SUP-029,0.765,Latin America,FMCG,Rail,2023-07-14,2023-07-22,2023-08-05,14,0.479,0.122,0.049,613.8,285.4,303.0,3557.88,1
ORD-104807,SUP-004,0.652,North America,Electronics,Sea,2024-09-01,2024-09-23,2024-09-23,0,0.275,0.303,0.727,223.5,396.7,436.6,1834.42,0
ORD-104808,SUP-018,0.727,Latin America,Textiles,Road,2024-02-17,2024-02-20,2024-02-23,3,0.512,0.235,0.085,154.6,482.5,485.4,6860.0,1
ORD-104809,SUP-038,0.957,North America,Textiles,Air,2023-08-30,2023-09-03,2023-09-03,0,0.399,0.133,0.011,452.7,592.7,550.7,9282.71,0
ORD-104810,SUP-030,0.76,Europe,Automotive Parts,Rail,2024-05-15,2024-05-22,2024-05-22,0,0.212,0.228,0.077,759.5,604.1,552.9,1975.17,0
ORD-104811,SUP-015,0.574,Europe,Electronics,Road,2024-07-15,2024-07-19,2024-07-19,0,0.141,0.086,0.036,611.0,652.3,488.4,4243.28,0
ORD-104812,SUP-010,0.898,North America,FMCG,Road,2023-08-18,2023-08-22,2023-08-22,0,0.211,0.014,0.028,417.4,487.8,486.3,8713.46,0
ORD-104813,SUP-030,0.76,Asia Pacific,FMCG,Sea,2023-07-10,2023-07-30,2023-07-30,0,0.354,0.14,0.054,738.9,412.4,449.1,8982.17,0
ORD-104814,SUP-001,0.823,North America,Machinery,Road,2024-07-25,2024-07-30,2024-07-30,0,0.374,0.084,0.02,511.5,492.2,436.9,2200.72,0
ORD-104815,SUP-039,0.777,North America,Electronics,Rail,2023-06-11,2023-06-19,2023-06-19,0,0.282,0.262,0.022,435.2,497.7,473.1,6801.86,0
ORD-104816,SUP-003,0.783,North America,Automotive Parts,Road,2023-02-03,2023-02-09,2023-02-09,0,0.369,0.102,0.099,678.6,570.5,597.8,6600.5,0
ORD-104817,SUP-009,0.768,Latin America,FMCG,Road,2023-02-26,2023-03-01,2023-03-01,0,0.0,0.161,0.05,310.0,329.4,434.8,4090.38,0
ORD-104818,SUP-026,0.782,North America,Electronics,Rail,2024-05-08,2024-05-14,2024-05-14,0,0.356,0.189,0.064,630.3,464.7,515.0,2933.51,0
ORD-104819,SUP-037,0.757,Asia Pacific,Automotive Parts,Air,2024-08-15,2024-08-19,2024-08-19,0,0.441,0.03,0.027,729.5,601.2,721.1,9349.6,0
ORD-104820,SUP-016,0.842,North America,Textiles,Road,2023-06-15,2023-06-19,2023-06-19,0,0.0,0.363,0.078,801.8,315.0,304.0,5342.44,0
ORD-104821,SUP-002,0.788,Latin America,Machinery,Road,2023-05-03,2023-05-06,2023-05-06,0,0.084,0.081,0.048,587.5,475.5,554.7,2415.59,0
ORD-104822,SUP-029,0.765,North America,Automotive Parts,Road,2023-11-07,2023-11-11,2023-11-11,0,0.35,0.232,0.097,561.3,228.4,192.5,3381.36,0
ORD-104823,SUP-024,0.818,North America,Textiles,Rail,2023-10-07,2023-10-15,2023-11-06,22,0.097,0.471,0.04,426.7,470.0,375.5,1648.95,1
ORD-104824,SUP-035,0.443,Latin America,Pharma,Road,2023-07-10,2023-07-13,2023-07-13,0,0.332,0.488,0.034,511.6,721.2,743.0,10135.35,0
ORD-104825,SUP-029,0.765,Latin America,FMCG,Sea,2023-11-02,2023-11-23,2023-11-23,0,0.266,0.0,0.253,252.9,348.3,277.7,4109.38,0
ORD-104826,SUP-040,0.607,Asia Pacific,Pharma,Road,2023-04-29,2023-05-05,2023-05-05,0,0.28,0.199,0.093,246.5,486.9,396.3,7346.8,0
ORD-104827,SUP-023,0.548,Asia Pacific,Electronics,Road,2023-04-27,2023-05-02,2023-05-02,0,0.388,0.155,0.075,607.0,200.1,185.4,7120.05,0
ORD-104828,SUP-028,0.644,Latin America,Textiles,Rail,2023-03-17,2023-03-26,2023-03-29,3,0.788,0.181,0.034,135.0,433.0,368.3,3566.46,1
ORD-104829,SUP-007,0.877,North America,Automotive Parts,Road,2023-12-15,2023-12-19,2023-12-19,0,0.348,0.262,0.019,595.3,552.1,393.7,2492.18,0
ORD-104830,SUP-028,0.644,Asia Pacific,FMCG,Sea,2023-08-30,2023-09-22,2023-09-22,0,0.232,0.0,0.0,691.8,394.3,357.1,5945.0,0
ORD-104831,SUP-005,0.967,Latin America,Textiles,Rail,2023-08-14,2023-08-22,2023-08-22,0,0.101,0.267,0.035,596.0,572.7,630.2,6074.16,0
ORD-104832,SUP-017,0.619,Asia Pacific,FMCG,Road,2023-02-13,2023-02-16,2023-03-12,24,0.0,0.332,0.008,422.2,608.8,419.3,3665.4,1
ORD-104833,SUP-035,0.443,Asia Pacific,Machinery,Road,2024-02-05,2024-02-11,2024-02-12,1,0.0,0.184,0.065,514.7,477.7,445.5,1655.82,0
ORD-104834,SUP-028,0.644,North America,Automotive Parts,Road,2024-06-01,2024-06-05,2024-06-12,7,,0.0,0.057,285.1,256.5,286.2,2747.95,1
ORD-104835,SUP-009,0.768,Latin America,Machinery,Sea,2024-04-15,2024-05-05,2024-05-05,0,0.252,0.001,0.337,392.8,494.2,373.0,5891.46,0
ORD-104836,SUP-022,,Europe,Electronics,Sea,2023-08-14,2023-09-04,2023-09-04,0,0.176,0.222,0.423,584.0,344.4,369.8,5922.1,0
ORD-104837,SUP-006,0.63,Latin America,Automotive Parts,Sea,2023-06-04,2023-06-27,2023-06-28,1,0.314,0.105,0.65,383.6,210.0,238.6,4901.02,0
ORD-104838,SUP-028,0.644,Asia Pacific,Pharma,Rail,2024-05-25,2024-06-02,2024-06-02,0,0.398,0.141,0.084,365.5,483.1,472.9,9699.25,0
ORD-104839,SUP-022,0.872,North America,Automotive Parts,Road,2023-06-18,2023-06-21,2023-06-21,0,0.449,0.221,0.082,356.2,446.2,387.0,2603.69,0
ORD-104840,SUP-013,0.8,North America,Machinery,Road,2023-01-05,2023-01-10,2023-01-10,0,,0.132,0.089,517.5,345.0,380.6,2903.76,0
ORD-104841,SUP-028,0.644,Europe,Electronics,Rail,2023-04-24,2023-05-01,2023-05-05,4,0.409,0.106,0.038,331.3,569.3,695.7,5479.01,1
ORD-104842,SUP-007,0.877,Middle East/Africa,Automotive Parts,Sea,2024-02-29,2024-03-23,2024-03-24,1,0.328,0.323,0.088,356.0,258.9,256.7,5858.25,0
ORD-104843,SUP-012,0.612,Europe,Textiles,Road,2023-01-25,2023-01-29,2023-01-29,0,0.237,0.265,0.046,913.9,386.8,352.5,9221.06,0
ORD-104844,SUP-037,0.757,Latin America,Pharma,Road,2023-12-08,2023-12-14,2023-12-14,0,0.571,0.349,0.055,670.3,461.0,440.3,2171.56,0
ORD-104845,SUP-037,0.757,Latin America,FMCG,Sea,2023-08-29,2023-09-19,2023-09-20,1,0.245,0.074,0.174,469.7,590.2,648.6,3246.76,0
ORD-104846,SUP-005,0.967,Europe,Pharma,Road,2023-11-03,2023-11-09,2023-11-09,0,0.214,0.182,0.033,428.2,450.8,543.4,5010.44,0
ORD-104847,SUP-024,0.818,Asia Pacific,Machinery,Rail,2024-07-10,2024-07-18,2024-07-18,0,0.23,0.058,0.085,470.1,350.7,275.4,8244.03,0
ORD-104848,SUP-037,0.757,Asia Pacific,FMCG,Rail,2023-04-16,2023-04-23,2023-04-26,3,0.419,0.019,0.029,178.0,480.0,555.7,2164.15,1
ORD-104849,SUP-007,0.877,Asia Pacific,Textiles,Sea,2024-08-11,2024-08-31,2024-08-31,0,0.077,0.148,0.218,622.4,352.9,317.5,6044.06,0
ORD-104850,SUP-012,0.612,Middle East/Africa,Textiles,Road,2023-06-10,2023-06-16,2023-06-21,5,0.518,0.41,0.098,702.1,349.2,383.7,11663.13,1
ORD-104851,SUP-004,0.652,Latin America,Textiles,Sea,2024-04-24,2024-05-15,2024-05-23,8,0.223,0.277,0.425,535.7,423.3,378.7,2498.01,1
ORD-104852,SUP-037,0.757,Asia Pacific,FMCG,Road,2023-01-19,2023-01-23,2023-01-23,0,0.299,0.212,0.076,628.9,629.5,631.2,3093.35,0
ORD-104853,SUP-019,0.75,Europe,Automotive Parts,Rail,2024-02-26,2024-03-03,2024-03-03,0,0.025,0.199,0.021,811.1,478.1,387.1,19085.25,0
ORD-104854,SUP-028,0.644,Asia Pacific,Electronics,Road,2023-02-02,2023-02-06,2023-02-06,0,,0.0,0.044,571.2,390.6,315.9,5285.3,0
ORD-104855,SUP-031,0.712,Europe,Machinery,Road,2023-08-23,2023-08-26,2023-08-26,0,0.417,0.0,0.097,541.0,336.4,332.7,7098.78,0
ORD-104856,SUP-016,0.842,Latin America,Pharma,Air,2023-12-04,2023-12-07,2023-12-08,1,0.522,0.024,0.015,778.8,617.3,505.9,4043.66,0
ORD-104857,SUP-020,0.762,Middle East/Africa,Machinery,Rail,2024-02-20,2024-02-27,2024-03-02,4,0.073,0.048,0.017,291.7,361.4,336.8,10089.1,1
ORD-104858,SUP-038,0.957,Asia Pacific,Machinery,Sea,2024-01-07,2024-01-30,2024-01-30,0,0.337,0.409,0.046,634.4,434.2,521.3,5722.6,0
ORD-104859,SUP-034,0.576,Latin America,Automotive Parts,Sea,2024-02-03,2024-02-25,2024-02-25,0,0.249,0.115,0.265,264.1,246.8,273.1,2714.46,0
ORD-104860,SUP-034,0.576,Middle East/Africa,Machinery,Road,2024-07-05,2024-07-08,2024-07-08,0,0.099,0.143,0.024,504.1,458.9,482.2,5053.89,0
ORD-104861,SUP-020,0.762,Latin America,Textiles,Road,2024-04-25,2024-04-30,2024-04-30,0,0.802,0.108,0.031,407.0,435.5,542.6,5529.87,0
ORD-104862,SUP-030,0.76,Asia Pacific,Pharma,Sea,2024-02-28,2024-03-20,2024-03-20,0,0.0,0.044,0.261,573.9,547.8,688.6,2192.29,0
ORD-104863,SUP-026,0.782,Latin America,Electronics,Rail,2023-09-07,2023-09-13,2023-09-13,0,0.284,0.12,0.009,334.6,550.2,472.8,7407.9,0
ORD-104864,SUP-010,0.898,Asia Pacific,Machinery,Rail,2024-03-29,2024-04-07,2024-04-10,3,0.476,0.184,0.07,377.8,508.0,542.7,1899.09,1
ORD-104865,SUP-022,0.872,Asia Pacific,Automotive Parts,Rail,2023-09-14,2023-09-22,2023-10-02,10,0.112,0.337,0.056,92.4,275.4,248.8,4933.4,1
ORD-104866,SUP-022,0.872,Asia Pacific,Textiles,Road,2024-03-27,2024-03-30,2024-03-30,0,0.147,0.18,0.073,524.8,363.8,355.4,3881.29,0
ORD-104867,SUP-007,0.877,Latin America,Electronics,Sea,2024-08-19,2024-09-09,2024-09-09,0,0.209,0.335,0.496,716.9,403.3,394.1,4022.51,0
ORD-104868,SUP-015,0.574,North America,Textiles,Road,2023-05-25,2023-05-31,2023-05-31,0,0.394,0.269,0.024,499.4,367.2,377.6,4627.18,0
ORD-104869,SUP-028,0.644,Asia Pacific,Electronics,Rail,2024-01-18,2024-01-25,2024-01-26,1,0.39,0.225,0.073,385.1,372.4,343.7,10285.89,0
ORD-104870,SUP-018,0.727,Asia Pacific,Automotive Parts,Rail,2024-04-20,2024-04-26,2024-04-26,0,0.0,0.351,0.027,638.3,485.8,290.8,11777.38,0
ORD-104871,SUP-023,0.548,North America,FMCG,Road,2024-07-15,2024-07-19,2024-07-19,0,0.0,0.0,0.036,546.2,497.2,559.0,3774.91,0
ORD-104872,SUP-027,0.793,Latin America,Machinery,Rail,2023-01-23,2023-01-30,2023-01-30,0,0.221,0.271,0.08,105.8,352.2,252.5,6975.5,0
ORD-104873,SUP-012,0.612,Middle East/Africa,Machinery,Road,2024-05-11,2024-05-15,2024-05-19,4,0.378,0.237,0.013,514.4,457.2,462.7,17912.84,1
ORD-104874,SUP-027,0.793,Latin America,Textiles,Road,2023-06-06,2023-06-12,2023-06-12,0,0.61,0.0,0.055,534.7,465.2,412.0,3826.09,0
ORD-104875,SUP-010,0.898,Asia Pacific,Pharma,Road,2023-01-08,2023-01-14,2023-01-27,13,0.251,0.177,0.021,452.9,708.2,688.7,6811.34,1
ORD-104876,SUP-030,0.76,Europe,Textiles,Sea,2024-01-10,2024-02-02,2024-02-02,0,0.532,0.218,0.093,523.3,484.9,537.0,9064.38,0
ORD-104877,SUP-008,0.711,North America,FMCG,Road,2024-02-13,2024-02-19,2024-02-19,0,0.652,0.107,0.08,526.3,352.2,417.7,4794.35,0
ORD-104878,SUP-023,0.548,Europe,FMCG,Road,2024-02-26,2024-03-01,2024-03-01,0,0.158,0.047,0.022,511.2,480.7,496.1,5473.99,0
ORD-104879,SUP-032,0.702,Europe,Automotive Parts,Road,2024-02-24,2024-02-27,2024-02-28,1,,0.0,0.032,467.6,597.4,623.8,1859.32,0
ORD-104880,SUP-038,0.957,North America,Automotive Parts,Sea,2024-08-25,2024-09-16,2024-09-16,0,0.457,0.172,0.551,383.9,570.1,714.7,4600.52,0
ORD-104881,SUP-026,0.782,Middle East/Africa,Machinery,Road,2023-04-02,2023-04-08,2023-04-08,0,0.454,0.125,0.086,460.1,452.4,374.8,2682.38,0
ORD-104882,SUP-009,0.768,Asia Pacific,Machinery,Air,2024-03-22,2024-03-27,2024-03-29,2,0.0,0.001,0.058,391.9,386.5,393.1,3881.08,0
ORD-104883,SUP-039,0.777,Asia Pacific,FMCG,Road,2024-07-11,2024-07-14,2024-07-17,3,0.0,0.247,0.072,295.1,445.4,577.3,11419.08,1
ORD-104884,SUP-012,0.612,North America,Machinery,Road,2023-09-03,2023-09-09,2023-09-09,0,0.646,0.205,0.04,773.9,413.9,369.3,3362.18,0
ORD-104885,SUP-020,0.762,Asia Pacific,Automotive Parts,Sea,2023-05-06,2023-05-26,2023-05-26,0,0.0,0.295,0.163,254.3,417.5,451.8,3059.72,0
ORD-104886,SUP-039,0.777,Asia Pacific,Electronics,Sea,2023-05-30,2023-06-20,2023-06-20,0,0.194,0.244,0.173,287.0,607.0,638.7,6413.74,0
ORD-104887,SUP-010,0.898,Latin America,Textiles,Rail,2024-06-02,2024-06-08,2024-06-12,4,0.531,0.269,0.089,515.3,241.3,305.4,4239.62,1
ORD-104888,SUP-005,0.967,Europe,FMCG,Road,2024-05-09,2024-05-13,2024-05-19,6,0.414,0.255,0.031,425.8,353.8,317.9,2322.21,1
ORD-104889,SUP-005,0.967,Latin America,Pharma,Sea,2023-11-13,2023-12-06,2023-12-19,13,0.464,0.0,0.0,223.0,486.9,500.0,6059.32,1
ORD-104890,SUP-033,0.8,Middle East/Africa,FMCG,Sea,2023-09-03,2023-09-26,2023-09-26,0,0.157,0.259,0.288,698.2,493.1,475.6,5229.28,0
ORD-104891,SUP-015,0.574,Latin America,Pharma,Road,2024-05-19,2024-05-23,2024-05-23,0,0.213,0.141,0.086,643.6,489.8,570.7,9144.24,0
ORD-104892,SUP-037,0.757,Europe,Electronics,Rail,2023-10-04,2023-10-13,2023-10-13,0,0.383,0.079,0.062,593.3,641.5,800.8,4369.53,0
ORD-104893,SUP-015,0.574,Middle East/Africa,FMCG,Road,2023-10-23,2023-10-26,2023-10-26,0,0.276,0.377,0.084,391.9,605.6,597.4,3539.23,0
ORD-104894,SUP-012,0.612,Latin America,Pharma,Sea,2024-04-03,2024-04-24,2024-04-24,0,0.0,0.394,0.146,434.0,263.6,330.0,13666.66,0
ORD-104895,SUP-040,0.607,Europe,Machinery,Sea,2023-05-15,2023-06-07,2023-06-07,0,0.49,0.356,0.506,380.6,662.0,652.6,3057.01,0
ORD-104896,SUP-019,0.75,North America,FMCG,Sea,2023-05-07,2023-05-27,2023-05-27,0,0.002,0.172,0.098,541.2,508.1,636.7,9477.74,0
ORD-104897,SUP-030,0.76,Europe,Automotive Parts,Rail,2023-12-20,2023-12-27,2023-12-27,0,0.203,0.316,0.047,757.8,347.3,285.8,2145.36,0
ORD-104898,SUP-014,0.805,Europe,Electronics,Rail,2023-12-06,2023-12-13,2023-12-14,1,0.523,0.188,0.041,515.9,494.9,499.5,10240.2,0
ORD-104899,SUP-006,0.63,Asia Pacific,Automotive Parts,Road,2023-09-21,2023-09-24,2023-09-24,0,0.412,0.458,0.095,587.9,346.6,384.1,15847.18,0
ORD-104900,SUP-023,0.548,Europe,Textiles,Road,2024-09-18,2024-09-22,2024-09-22,0,0.641,0.166,0.062,625.4,705.1,682.0,7003.06,0
ORD-104901,SUP-023,0.548,Latin America,Textiles,Air,2023-09-07,2023-09-12,2023-09-26,14,0.5,0.27,0.083,475.9,512.2,389.0,3311.33,1
ORD-104902,SUP-001,0.823,Middle East/Africa,FMCG,Rail,2024-05-25,2024-06-02,2024-06-02,0,0.027,0.0,0.021,588.2,261.8,277.0,6320.46,0
ORD-104903,SUP-003,0.783,Asia Pacific,Pharma,Sea,2024-04-29,2024-05-22,2024-05-22,0,0.0,0.025,0.0,249.8,315.8,305.2,3266.55,0
ORD-104904,SUP-005,0.967,Europe,Automotive Parts,Road,2023-09-10,2023-09-15,2023-09-15,0,0.262,0.227,0.038,457.7,409.8,437.8,2605.11,0
ORD-104905,SUP-020,0.762,Middle East/Africa,FMCG,Sea,2024-01-09,2024-01-29,2024-02-12,14,0.092,0.244,0.287,318.8,336.4,249.0,14131.84,1
ORD-104906,SUP-010,0.898,Europe,FMCG,Air,2023-07-27,2023-07-31,2023-08-11,11,0.532,0.208,0.045,444.9,447.9,439.7,2640.85,1
ORD-104907,SUP-007,0.877,North America,Electronics,Sea,2023-09-21,2023-10-11,2023-10-18,7,0.572,0.385,0.458,589.8,564.1,587.3,4568.46,1
ORD-104908,SUP-010,0.898,Latin America,Pharma,Road,2024-05-31,2024-06-06,2024-06-06,0,0.136,0.0,0.024,241.4,533.4,698.8,2674.54,0
ORD-104909,SUP-003,0.783,Middle East/Africa,Automotive Parts,Road,2023-11-29,2023-12-03,2023-12-03,0,0.534,0.254,0.038,314.3,433.3,278.8,5714.52,0
ORD-104910,SUP-011,0.936,Middle East/Africa,Machinery,Sea,2023-07-19,2023-08-08,2023-08-18,10,0.235,0.247,0.0,393.1,304.1,267.0,2847.83,1
ORD-104911,SUP-027,0.793,Middle East/Africa,Pharma,Road,2024-04-01,2024-04-04,2024-04-04,0,0.119,0.181,0.006,376.0,641.7,518.6,12413.35,0
ORD-104912,SUP-014,0.805,Latin America,Electronics,Road,2023-01-11,2023-01-17,2023-01-30,13,0.134,0.15,0.089,665.9,364.1,399.3,2815.61,1
ORD-104913,SUP-011,0.936,North America,Machinery,Road,2023-03-02,2023-03-06,2023-03-06,0,0.242,0.321,0.063,823.4,446.6,544.1,1784.39,0
ORD-104914,SUP-009,0.768,Latin America,Automotive Parts,Road,2023-12-21,2023-12-24,2023-12-24,0,0.429,0.283,0.04,259.9,432.0,440.1,4924.39,0
ORD-104915,SUP-009,0.768,Middle East/Africa,Automotive Parts,Sea,2023-08-08,2023-08-30,2023-08-30,0,0.039,0.453,0.152,312.9,669.1,816.5,3261.63,0
ORD-104916,SUP-020,0.762,Europe,FMCG,Sea,2023-05-26,2023-06-16,2023-06-16,0,0.419,0.411,0.257,749.2,363.9,406.8,6062.26,0
ORD-104917,SUP-036,0.714,Latin America,Automotive Parts,Road,2023-11-14,2023-11-20,2023-11-24,4,0.143,0.194,0.03,460.9,509.3,560.4,2941.31,1
ORD-104918,SUP-019,0.75,Asia Pacific,Textiles,Road,2023-10-24,2023-10-27,2023-10-27,0,0.0,0.412,0.09,599.4,466.5,350.1,14107.43,0
ORD-104919,SUP-001,0.823,Asia Pacific,Pharma,Road,2023-12-17,2023-12-20,2023-12-20,0,0.361,0.278,0.063,527.9,528.4,517.1,6478.25,0
ORD-104920,SUP-002,0.788,North America,Machinery,Road,2023-10-30,2023-11-05,2023-11-05,0,0.517,0.229,0.031,300.8,520.7,588.2,12857.26,0
ORD-104921,SUP-034,0.576,Asia Pacific,Automotive Parts,Sea,2023-03-26,2023-04-15,2023-04-25,10,0.052,0.203,0.393,371.1,281.3,250.6,5797.49,1
ORD-104922,SUP-017,0.619,Asia Pacific,FMCG,Rail,2023-11-28,2023-12-04,2023-12-04,0,0.337,0.244,0.097,430.4,310.6,317.5,6476.06,0
ORD-104923,SUP-006,0.63,Latin America,Textiles,Sea,2023-03-30,2023-04-20,2023-04-23,3,0.375,0.163,0.124,327.3,376.4,465.8,8176.76,1
ORD-104924,SUP-015,0.574,Asia Pacific,Textiles,Rail,2023-09-09,2023-09-18,2023-09-18,0,0.276,0.442,0.004,522.3,526.9,401.2,8533.13,0
ORD-104925,SUP-010,0.898,Middle East/Africa,FMCG,Rail,2023-10-21,2023-10-29,2023-10-29,0,0.183,0.0,0.028,502.7,374.4,359.5,2379.58,0
ORD-104926,SUP-025,0.704,Latin America,Machinery,Air,2023-02-08,2023-02-11,2023-02-11,0,0.626,0.057,0.027,655.6,459.1,336.4,6136.55,0
ORD-104927,SUP-033,0.8,Asia Pacific,Automotive Parts,Road,2023-05-03,2023-05-09,2023-05-15,6,0.989,0.133,0.07,495.5,425.2,354.4,8180.94,1
ORD-104928,SUP-003,0.783,Middle East/Africa,Automotive Parts,Air,2023-03-22,2023-03-27,2023-03-28,1,0.361,0.151,0.004,488.0,594.4,641.9,2474.67,0
ORD-104929,SUP-008,0.711,North America,FMCG,Road,2023-04-02,2023-04-05,2023-04-05,0,0.434,0.127,0.025,683.6,185.4,194.8,8784.08,0
ORD-104930,SUP-015,0.574,Europe,Textiles,Road,2023-11-09,2023-11-12,2023-11-17,5,0.137,0.194,0.007,628.2,596.0,510.0,998.08,1
ORD-104931,SUP-036,0.714,Middle East/Africa,Pharma,Road,2024-02-26,2024-03-03,2024-03-04,1,0.317,0.292,0.055,323.5,612.1,623.8,3484.13,0
ORD-104932,SUP-040,0.607,Asia Pacific,Automotive Parts,Sea,2024-07-14,2024-08-03,2024-08-08,5,0.339,0.285,0.757,623.2,405.1,396.4,1488.97,1
ORD-104933,SUP-026,0.782,Middle East/Africa,Electronics,Rail,2023-05-08,2023-05-15,2023-05-16,1,0.408,0.097,0.008,489.2,574.1,635.7,11502.91,0
ORD-104934,SUP-030,0.76,Middle East/Africa,Electronics,Air,2024-06-30,2024-07-04,2024-07-05,1,0.599,0.278,0.038,524.7,469.7,516.8,6104.02,0
ORD-104935,SUP-039,0.777,Middle East/Africa,Textiles,Road,2023-10-29,2023-11-04,2023-11-04,0,0.292,0.364,0.062,434.7,389.7,445.3,4861.74,0
ORD-104936,SUP-001,0.823,Middle East/Africa,Electronics,Road,2024-06-15,2024-06-21,2024-06-22,1,0.014,0.376,0.055,515.8,571.9,634.3,12689.61,0
ORD-104937,SUP-015,0.574,Europe,Pharma,Road,2024-08-01,2024-08-07,2024-08-07,0,0.338,0.101,0.006,595.2,418.7,459.1,6871.6,0
ORD-104938,SUP-015,0.574,Asia Pacific,Automotive Parts,Air,2023-07-14,2023-07-16,2023-07-16,0,0.209,0.17,0.082,424.6,276.4,354.0,4071.88,0
ORD-104939,SUP-006,0.63,North America,Textiles,Road,2023-05-21,2023-05-26,2023-05-26,0,0.0,0.294,0.015,350.3,480.5,510.1,1689.31,0
ORD-104940,SUP-003,0.783,Asia Pacific,Pharma,Sea,2023-12-04,2023-12-27,2024-01-03,7,0.268,0.459,0.451,499.1,339.0,275.2,6204.58,1
ORD-104941,SUP-014,,North America,Electronics,Sea,2024-01-20,2024-02-09,2024-02-09,0,0.486,0.17,0.428,313.5,313.2,378.9,2853.11,0
ORD-104942,SUP-016,0.842,Latin America,Machinery,Rail,2023-04-07,2023-04-14,2023-04-14,0,0.17,0.383,0.042,355.9,505.3,520.6,4769.08,0
ORD-104943,SUP-015,0.574,Latin America,Textiles,Rail,2024-07-05,2024-07-13,2024-07-13,0,0.43,0.421,0.02,562.9,444.0,421.4,4340.26,0
ORD-104944,SUP-007,0.877,North America,FMCG,Road,2023-05-13,2023-05-17,2023-05-17,0,0.4,0.301,0.039,697.6,474.9,452.7,6503.68,0
ORD-104945,SUP-014,0.805,Middle East/Africa,Pharma,Rail,2023-08-15,2023-08-21,2023-08-21,0,0.834,0.148,0.07,506.2,616.8,709.9,4725.82,0
ORD-104946,SUP-016,0.842,North America,Textiles,Rail,2023-06-17,2023-06-25,2023-06-25,0,0.247,0.406,0.072,186.1,655.4,591.9,3825.99,0
ORD-104947,SUP-022,0.872,Europe,Textiles,Road,2024-09-29,2024-10-05,2024-10-06,1,0.262,0.486,0.029,613.0,324.0,321.8,6144.03,0
ORD-104948,SUP-013,0.8,Europe,Pharma,Road,2024-08-08,2024-08-11,2024-08-11,0,0.094,0.328,0.035,656.2,662.0,723.8,1815.77,0
ORD-104949,SUP-035,0.443,Asia Pacific,Electronics,Road,2024-07-19,2024-07-25,2024-07-25,0,0.32,0.144,0.082,262.2,352.6,412.8,7343.76,0
ORD-104950,SUP-015,0.574,Asia Pacific,FMCG,Road,2023-05-26,2023-06-01,2023-06-02,1,0.12,0.399,0.015,431.7,509.7,414.8,4007.15,0
ORD-104951,SUP-010,0.898,North America,Automotive Parts,Sea,2024-01-08,2024-01-28,2024-01-28,0,0.106,0.324,0.129,389.3,446.7,407.4,5037.19,0
ORD-104952,SUP-005,0.967,North America,Textiles,Rail,2023-06-14,2023-06-22,2023-06-22,0,0.552,0.009,0.012,507.3,530.5,351.2,953.5,0
ORD-104953,SUP-016,0.842,North America,Machinery,Sea,2023-10-14,2023-11-04,2023-11-06,2,0.227,0.111,0.121,828.4,334.1,364.4,5187.13,0
ORD-104954,SUP-014,0.805,Europe,Machinery,Road,2024-08-05,2024-08-10,2024-08-10,0,0.505,0.112,0.005,508.3,409.4,380.3,5818.04,0
ORD-104955,SUP-021,0.656,Asia Pacific,Electronics,Road,2023-01-30,2023-02-04,2023-02-14,10,0.49,0.0,0.074,115.4,449.8,462.6,6048.17,1
ORD-104956,SUP-008,0.711,Latin America,Pharma,Sea,2024-03-31,2024-04-22,2024-04-23,1,0.421,0.231,0.414,312.0,276.4,200.5,7698.63,0
ORD-104957,SUP-013,0.8,Europe,Machinery,Rail,2023-03-19,2023-03-25,2023-03-27,2,0.015,0.293,0.006,426.9,487.3,390.1,8281.73,0
ORD-104958,SUP-003,0.783,Latin America,FMCG,Sea,2023-10-03,2023-10-25,2023-10-25,0,0.26,0.013,0.052,552.6,433.8,395.9,7471.91,0
ORD-104959,SUP-020,0.762,Latin America,Machinery,Road,2023-12-21,2023-12-26,2023-12-26,0,0.024,0.366,0.048,338.1,297.0,369.1,6401.76,0
ORD-104960,SUP-011,0.936,Asia Pacific,FMCG,Air,2023-05-11,2023-05-15,2023-05-15,0,0.425,0.367,0.034,489.5,600.8,388.9,6610.02,0
ORD-104961,SUP-034,0.576,Asia Pacific,Pharma,Road,2023-09-22,2023-09-25,2023-09-25,0,0.0,0.072,0.044,596.7,472.2,413.8,4885.96,0
ORD-104962,SUP-031,0.712,Middle East/Africa,Textiles,Rail,2024-07-22,2024-07-30,2024-07-30,0,0.308,0.231,0.011,653.4,547.5,554.8,5344.69,0
ORD-104963,SUP-015,0.574,Europe,Textiles,Rail,2023-06-06,2023-06-14,2023-06-24,10,0.519,0.201,0.051,615.9,481.1,515.4,4235.42,1
ORD-104964,SUP-026,0.782,Europe,Electronics,Road,2024-08-04,2024-08-09,2024-08-09,0,0.364,0.0,0.02,652.9,328.8,288.0,11155.05,0
ORD-104965,SUP-036,0.714,Asia Pacific,Machinery,Sea,2024-02-04,2024-02-26,2024-02-26,0,0.1,0.142,0.268,348.0,391.2,313.0,3666.94,0
ORD-104966,SUP-012,0.612,Latin America,Automotive Parts,Rail,2023-01-24,2023-02-01,2023-02-01,0,0.274,0.271,0.0,639.0,443.6,526.7,5584.79,0
ORD-104967,SUP-010,0.898,Middle East/Africa,Textiles,Road,2023-03-08,2023-03-14,2023-03-15,1,0.323,0.186,0.009,396.3,497.1,454.1,3959.34,0
ORD-104968,SUP-018,0.727,North America,Electronics,Rail,2024-06-20,2024-06-27,2024-07-22,25,0.125,0.242,0.049,416.5,383.0,537.6,4942.63,1
ORD-104969,SUP-020,0.762,Latin America,Machinery,Road,2024-04-12,2024-04-15,2024-04-15,0,0.356,0.056,0.095,422.1,415.5,376.9,4054.59,0
ORD-104970,SUP-029,0.765,Europe,Automotive Parts,Road,2024-06-08,2024-06-12,2024-06-12,0,0.534,0.321,0.03,347.4,456.2,567.4,15903.11,0
ORD-104971,SUP-037,0.757,Europe,Automotive Parts,Road,2023-07-29,2023-08-01,2023-08-01,0,0.306,0.151,0.006,411.7,351.4,309.0,2622.54,0
ORD-104972,SUP-014,0.805,Europe,FMCG,Road,2023-02-10,2023-02-15,2023-02-15,0,0.424,0.236,0.092,607.6,413.2,399.2,3498.82,0
ORD-104973,SUP-015,0.574,Latin America,Electronics,Sea,2023-08-22,2023-09-12,2023-09-14,2,0.566,0.167,0.195,506.1,522.7,531.8,5485.88,0
ORD-104974,SUP-032,0.702,North America,FMCG,Rail,2023-02-15,2023-02-21,2023-02-21,0,0.51,0.319,0.028,357.6,405.7,395.7,4042.09,0
ORD-104975,SUP-015,0.574,Latin America,Electronics,Rail,2024-04-11,2024-04-18,2024-04-23,5,0.353,0.14,0.047,368.0,484.4,586.5,8097.44,1
ORD-104976,SUP-016,0.842,Asia Pacific,Automotive Parts,Rail,2023-04-16,2023-04-24,2023-04-25,1,0.154,0.233,0.054,500.5,259.1,160.1,4002.92,0
ORD-104977,SUP-008,0.711,North America,Textiles,Road,2023-03-09,2023-03-12,2023-03-13,1,0.425,0.004,0.018,293.6,626.7,625.2,7973.64,0
ORD-104978,SUP-002,0.788,Latin America,Textiles,Sea,2023-10-17,2023-11-09,2023-11-09,0,0.107,0.28,0.025,366.1,540.5,385.4,3698.04,0
ORD-104979,SUP-006,0.63,Asia Pacific,Pharma,Road,2023-09-11,2023-09-15,2023-09-16,1,0.303,0.21,0.012,606.7,449.7,418.6,4919.81,0
ORD-104980,SUP-031,0.712,Latin America,Machinery,Road,2024-01-25,2024-01-28,2024-01-29,1,0.544,0.464,0.046,445.2,398.1,325.8,2579.35,0
ORD-104981,SUP-015,0.574,Middle East/Africa,Automotive Parts,Air,2023-05-14,2023-05-19,2023-05-20,1,0.319,0.331,0.088,373.4,497.3,463.0,5109.35,0
ORD-104982,SUP-019,0.75,Asia Pacific,FMCG,Road,2023-12-28,2023-12-31,2023-12-31,0,0.399,0.192,0.079,347.8,495.9,539.2,5942.12,0
ORD-104983,SUP-018,0.727,Middle East/Africa,Textiles,Sea,2024-05-25,2024-06-17,2024-06-17,0,0.56,0.15,0.028,471.6,196.5,192.2,5562.73,0
ORD-104984,SUP-040,0.607,Asia Pacific,Pharma,Rail,2023-05-04,2023-05-11,2023-05-11,0,0.332,0.348,0.066,699.8,571.1,429.2,7988.99,0
ORD-104985,SUP-027,0.793,Latin America,Pharma,Sea,2024-06-19,2024-07-12,2024-07-14,2,0.0,0.0,0.222,498.2,162.4,158.8,3977.23,1
ORD-104986,SUP-002,0.788,Asia Pacific,Electronics,Sea,2023-11-28,2023-12-18,2023-12-18,0,0.035,0.2,0.393,394.0,499.2,491.1,3831.61,0
ORD-104987,SUP-014,0.805,Europe,Machinery,Sea,2023-11-27,2023-12-17,2023-12-26,9,0.026,0.477,0.324,778.4,408.1,437.0,3991.0,1
ORD-104988,SUP-004,0.652,Middle East/Africa,Pharma,Air,2023-12-03,2023-12-08,2023-12-08,0,0.834,0.153,0.019,406.9,593.1,368.6,24982.87,0
ORD-104989,SUP-038,0.957,Latin America,Electronics,Sea,2024-04-05,2024-04-25,2024-04-25,0,0.22,0.315,0.294,746.3,509.1,711.2,5628.03,0
ORD-104990,SUP-016,0.842,North America,Pharma,Road,2024-05-26,2024-05-31,2024-05-31,0,0.58,0.077,0.077,715.5,478.6,401.5,6305.14,0
ORD-104991,SUP-023,0.548,Asia Pacific,Textiles,Rail,2023-05-18,2023-05-24,2023-05-24,0,0.476,0.0,0.034,587.8,644.1,605.8,6409.76,0
ORD-104992,SUP-028,0.644,Middle East/Africa,Pharma,Rail,2023-10-06,2023-10-14,2023-10-15,1,0.218,0.088,0.074,508.0,219.8,204.0,1491.29,0
ORD-104993,SUP-031,0.712,Asia Pacific,Automotive Parts,Road,2024-08-21,2024-08-24,2024-08-24,0,0.355,0.262,0.028,429.8,290.3,285.9,3648.62,0
ORD-104994,SUP-014,0.805,North America,Electronics,Rail,2024-09-27,2024-10-06,2024-10-06,0,0.602,0.455,0.099,715.2,601.5,602.2,7454.27,0
ORD-104995,SUP-033,0.8,Latin America,Textiles,Rail,2024-06-13,2024-06-19,2024-06-19,0,0.435,0.237,0.098,102.3,368.3,428.9,5478.88,0
ORD-104996,SUP-034,0.576,North America,Electronics,Rail,2024-01-11,2024-01-20,2024-01-21,1,0.065,0.077,0.08,865.4,477.5,470.3,13919.34,0
ORD-104997,SUP-023,0.548,Middle East/Africa,Automotive Parts,Rail,2024-07-21,2024-07-27,2024-07-28,1,0.329,0.447,0.0,482.0,428.6,453.1,7920.72,0
ORD-104998,SUP-007,0.877,North America,Pharma,Sea,2023-11-02,2023-11-23,2023-11-23,0,0.217,0.179,0.112,378.4,285.1,270.3,11248.99,0
ORD-104999,SUP-037,0.757,Asia Pacific,Machinery,Sea,2023-04-08,2023-04-30,2023-04-30,0,0.065,0.009,0.106,476.2,427.5,424.9,9920.55,0
ORD-105000,SUP-016,0.842,Asia Pacific,FMCG,Road,2024-07-06,2024-07-10,2024-07-18,8,0.21,0.0,0.071,481.8,298.5,277.5,5214.41,1
ORD-105001,SUP-040,0.607,Asia Pacific,FMCG,Road,2023-05-13,2023-05-19,2023-05-19,0,0.397,0.218,0.045,649.5,366.2,360.5,2539.79,0
ORD-105002,SUP-038,0.957,Europe,Electronics,Road,2023-06-06,2023-06-10,2023-06-10,0,0.331,0.091,0.01,520.8,382.7,333.1,2262.13,0
ORD-105003,SUP-036,0.714,Middle East/Africa,Machinery,Road,2024-04-03,2024-04-07,2024-04-07,0,0.048,0.39,0.045,410.4,585.3,550.8,2840.67,0
ORD-105004,SUP-003,0.783,Asia Pacific,Pharma,Road,2024-08-13,2024-08-18,2024-08-18,0,0.362,0.238,0.047,276.9,447.7,443.2,8207.55,0
ORD-105005,SUP-001,0.823,Europe,Machinery,Rail,2023-10-09,2023-10-15,2023-10-16,1,0.177,0.052,0.016,439.1,390.7,376.4,2620.01,0
ORD-105006,SUP-031,0.712,Latin America,Machinery,Rail,2024-02-09,2024-02-15,2024-02-29,14,0.345,0.288,0.05,346.3,586.9,616.6,4758.56,1
ORD-105007,SUP-013,0.8,Middle East/Africa,Machinery,Air,2023-09-22,2023-09-24,2023-09-24,0,0.341,0.35,0.086,327.0,388.9,464.6,2481.7,0
ORD-105008,SUP-009,0.768,Europe,Electronics,Road,2023-03-08,2023-03-13,2023-03-13,0,0.401,0.261,0.022,654.6,418.7,365.0,8932.06,0
ORD-105009,SUP-026,0.782,Middle East/Africa,Textiles,Air,2023-04-08,2023-04-12,2023-04-12,0,0.319,0.021,0.007,313.4,400.6,335.3,2356.7,0
ORD-105010,SUP-031,0.712,North America,Automotive Parts,Rail,2023-05-11,2023-05-19,2023-05-23,4,0.672,0.368,0.054,524.9,756.2,551.4,5969.65,1
ORD-105011,SUP-002,0.788,Latin America,Pharma,Road,2023-08-30,2023-09-05,2023-09-05,0,0.449,0.095,0.049,626.5,395.2,359.0,5046.7,0
ORD-105012,SUP-035,0.443,North America,FMCG,Air,2024-02-12,2024-02-16,2024-02-17,1,0.144,0.209,0.069,777.1,473.8,408.5,4591.65,0
ORD-105013,SUP-021,0.656,North America,Pharma,Road,2023-06-14,2023-06-19,2023-06-19,0,0.432,0.199,0.095,461.0,321.6,276.1,6793.38,0
ORD-105014,SUP-019,0.75,Europe,Pharma,Sea,2024-09-19,2024-10-10,2024-10-11,1,0.443,0.297,0.288,488.7,556.2,451.6,3408.43,0
ORD-105015,SUP-030,0.76,Middle East/Africa,FMCG,Sea,2024-01-26,2024-02-18,2024-02-18,0,0.184,0.305,0.095,648.0,620.8,502.2,2384.03,0
ORD-105016,SUP-035,0.443,Middle East/Africa,Machinery,Road,2024-05-31,2024-06-04,2024-06-04,0,0.311,0.0,0.046,663.1,413.2,453.7,5811.67,0
ORD-105017,SUP-001,0.823,Middle East/Africa,Automotive Parts,Road,2024-02-08,2024-02-11,2024-02-11,0,0.421,0.305,0.027,628.8,547.9,590.2,7680.06,0
ORD-105018,SUP-006,0.63,Asia Pacific,Electronics,Rail,2024-08-14,2024-08-23,2024-08-23,0,0.177,0.0,0.093,410.9,578.6,649.7,3201.16,0
ORD-105019,SUP-022,0.872,Europe,Electronics,Road,2024-08-12,2024-08-18,2024-08-18,0,0.197,0.067,0.079,607.7,536.8,502.4,3608.01,0
ORD-105020,SUP-012,0.612,Middle East/Africa,Machinery,Air,2024-09-14,2024-09-18,2024-09-18,0,0.437,0.536,0.002,623.5,464.8,416.1,8573.5,0
ORD-105021,SUP-019,0.75,Europe,Automotive Parts,Road,2023-02-09,2023-02-13,2023-02-26,13,0.494,0.487,0.051,262.0,459.7,419.1,4058.93,1
ORD-105022,SUP-023,0.548,Middle East/Africa,Electronics,Road,2024-06-26,2024-06-29,2024-07-01,2,0.29,0.061,0.019,553.0,369.4,348.3,6543.35,1
ORD-105023,SUP-016,0.842,Middle East/Africa,Electronics,Rail,2023-04-07,2023-04-15,2023-04-15,0,0.67,0.163,0.004,380.1,491.4,556.5,6978.47,0
ORD-105024,SUP-001,0.823,Asia Pacific,Electronics,Sea,2024-05-12,2024-06-03,2024-06-03,0,0.368,0.273,0.308,454.2,429.7,517.2,3887.21,0
ORD-105025,SUP-015,0.574,Latin America,Textiles,Road,2023-03-15,2023-03-20,2023-03-20,0,0.157,0.309,0.044,715.0,268.2,263.5,6007.42,0
ORD-105026,SUP-009,0.768,North America,Textiles,Rail,2023-04-02,2023-04-10,2023-04-11,1,0.578,0.378,0.021,408.4,513.2,473.4,30194.57,0
ORD-105027,SUP-014,0.805,Middle East/Africa,FMCG,Road,2024-01-14,2024-01-18,2024-01-18,0,0.397,0.007,0.062,590.8,503.0,467.4,4054.29,0
ORD-105028,SUP-020,0.762,Middle East/Africa,Textiles,Air,2024-05-24,2024-05-29,2024-06-02,4,0.0,0.162,0.077,162.4,553.8,639.3,9892.36,1
ORD-105029,SUP-001,0.823,Latin America,Automotive Parts,Road,2024-08-02,2024-08-07,2024-08-07,0,0.166,0.261,0.018,227.6,218.9,231.4,2104.85,0
ORD-105030,SUP-025,0.704,Europe,Machinery,Sea,2024-04-18,2024-05-08,2024-05-08,0,0.016,0.138,0.446,467.2,308.2,330.0,9105.34,0
ORD-105031,SUP-001,0.823,Europe,Textiles,Sea,2024-08-10,2024-08-30,2024-08-30,0,0.419,0.298,0.0,629.1,306.0,282.1,7393.51,0
ORD-105032,SUP-039,0.777,Middle East/Africa,Textiles,Road,2024-02-14,2024-02-19,2024-02-19,0,0.501,0.0,0.01,581.4,414.8,488.5,3170.17,0
ORD-105033,SUP-027,0.793,Asia Pacific,Automotive Parts,Sea,2023-04-29,2023-05-20,2023-05-20,0,0.121,0.097,0.263,661.3,352.2,314.3,3047.32,0
ORD-105034,SUP-035,0.443,Asia Pacific,Textiles,Sea,2024-08-22,2024-09-11,2024-09-12,1,0.11,0.248,0.182,345.4,648.3,695.7,4820.99,0
ORD-105035,SUP-022,0.872,Latin America,Machinery,Road,2023-03-06,2023-03-11,2023-03-11,0,0.004,0.194,0.014,560.2,523.1,562.6,4698.69,0
ORD-105036,SUP-035,0.443,Europe,Pharma,Road,2024-01-28,2024-02-02,2024-02-10,8,0.255,0.165,0.081,895.7,364.0,415.4,4705.7,1
ORD-105037,SUP-025,0.704,Europe,Automotive Parts,Rail,2023-12-07,2023-12-13,2023-12-22,9,,0.244,0.051,265.7,464.3,511.0,7399.87,1
ORD-105038,SUP-016,0.842,Latin America,Textiles,Air,2024-08-15,2024-08-18,2024-08-19,1,0.108,0.213,0.017,466.0,437.2,499.7,9120.13,0
ORD-105039,SUP-019,0.75,Asia Pacific,Automotive Parts,Road,2024-04-14,2024-04-18,2024-04-19,1,0.244,0.289,0.069,446.6,461.4,516.9,1609.28,0
ORD-105040,SUP-018,0.727,Middle East/Africa,Automotive Parts,Air,2024-09-20,2024-09-22,2024-09-24,2,0.473,0.226,0.081,400.4,804.2,957.5,3595.32,1
ORD-105041,SUP-039,0.777,Asia Pacific,Pharma,Sea,2023-10-04,2023-10-27,2023-10-27,0,0.275,0.069,0.0,624.6,609.9,565.0,5757.88,0
ORD-105042,SUP-037,0.757,Asia Pacific,Automotive Parts,Road,2023-01-05,2023-01-08,2023-01-08,0,0.304,0.18,0.024,554.3,532.0,589.7,3321.41,0
ORD-105043,SUP-011,,Latin America,Pharma,Sea,2024-07-09,2024-08-01,2024-08-02,1,0.29,0.246,0.139,452.5,302.0,338.4,5034.8,0
ORD-105044,SUP-015,0.574,Middle East/Africa,Automotive Parts,Rail,2024-02-03,2024-02-09,2024-02-09,0,0.048,0.29,0.018,498.6,504.6,434.2,6240.04,0
ORD-105045,SUP-011,0.936,North America,Pharma,Rail,2023-01-11,2023-01-17,2023-01-17,0,0.215,0.0,0.061,339.7,693.6,692.5,5127.6,0
ORD-105046,SUP-014,0.805,Europe,Machinery,Road,2023-08-23,2023-08-26,2023-08-27,1,0.418,0.217,0.055,477.3,497.4,524.2,1211.93,0
ORD-105047,SUP-021,0.656,North America,FMCG,Road,2023-12-31,2024-01-05,2024-01-05,0,0.752,0.0,0.001,411.6,428.3,438.8,1673.11,0
ORD-105048,SUP-004,0.652,Asia Pacific,FMCG,Air,2024-04-04,2024-04-08,2024-04-19,11,0.428,0.241,0.09,420.2,349.7,345.1,4329.53,1
ORD-105049,SUP-015,0.574,Europe,FMCG,Road,2023-10-10,2023-10-13,2023-10-13,0,0.247,0.117,0.079,334.9,411.9,372.5,7316.29,0
ORD-105050,SUP-002,0.788,Europe,Pharma,Rail,2023-05-31,2023-06-08,2023-06-08,0,0.291,0.159,0.079,603.4,626.0,590.0,2333.43,0
ORD-105051,SUP-010,0.898,Europe,Electronics,Air,2024-06-03,2024-06-08,2024-06-12,4,0.206,0.079,0.023,795.7,436.2,363.2,5115.9,1
ORD-105052,SUP-024,0.818,Asia Pacific,Electronics,Road,2023-11-27,2023-11-30,2023-11-30,0,0.45,0.167,0.041,502.2,372.8,422.9,4608.46,0
ORD-105053,SUP-017,0.619,Asia Pacific,Machinery,Sea,2024-06-28,2024-07-19,2024-07-20,1,0.385,0.135,0.0,767.8,332.0,334.7,2461.95,0
ORD-105054,SUP-038,0.957,Asia Pacific,Electronics,Road,2024-01-15,2024-01-20,2024-01-24,4,0.417,0.307,0.07,663.2,530.8,410.3,6374.93,1
ORD-105055,SUP-023,0.548,Asia Pacific,Automotive Parts,Rail,2023-10-18,2023-10-27,2023-10-27,0,0.353,0.218,0.089,275.3,687.8,595.4,1416.84,0
ORD-105056,SUP-013,0.8,Latin America,Electronics,Rail,2023-09-26,2023-10-05,2023-10-20,15,0.464,0.521,0.006,160.3,455.8,499.1,5127.18,1
ORD-105057,SUP-001,0.823,Europe,Textiles,Sea,2023-02-15,2023-03-07,2023-03-09,2,0.355,0.164,0.372,432.1,387.4,382.3,4546.33,1
ORD-105058,SUP-007,0.877,Latin America,FMCG,Road,2023-10-18,2023-10-22,2023-10-22,0,0.06,0.305,0.096,341.2,379.2,383.3,4756.63,0
ORD-105059,SUP-031,0.712,Asia Pacific,Electronics,Road,2023-11-12,2023-11-16,2023-11-16,0,0.281,0.09,0.064,374.9,367.5,434.6,8595.2,0
ORD-105060,SUP-021,0.656,Asia Pacific,Electronics,Sea,2024-09-19,2024-10-10,2024-10-20,10,0.57,0.154,0.191,247.8,517.4,459.1,9942.75,1
ORD-105061,SUP-038,0.957,North America,FMCG,Road,2024-06-25,2024-06-30,2024-07-15,15,0.195,0.088,0.041,537.6,403.4,446.5,7121.09,1
ORD-105062,SUP-011,0.936,Latin America,FMCG,Rail,2023-07-20,2023-07-28,2023-07-28,0,0.259,0.085,0.076,630.1,496.0,437.1,9232.42,0
ORD-105063,SUP-009,0.768,Latin America,Textiles,Road,2023-11-12,2023-11-17,2023-11-17,0,0.277,0.048,0.027,439.1,246.6,262.3,6104.29,0
ORD-105064,SUP-037,0.757,Latin America,FMCG,Road,2024-09-18,2024-09-23,2024-10-01,8,0.487,0.115,0.09,387.0,377.1,495.3,4335.4,1
ORD-105065,SUP-005,0.967,Asia Pacific,Machinery,Rail,2024-01-10,2024-01-18,2024-01-20,2,0.243,0.36,0.094,628.0,405.2,419.4,1658.2,0
ORD-105066,SUP-032,0.702,Europe,Textiles,Road,2023-04-08,2023-04-13,2023-04-27,14,0.334,0.375,0.084,661.5,485.6,417.9,10794.22,1
ORD-105067,SUP-033,0.8,Latin America,Electronics,Road,2023-10-24,2023-10-30,2023-10-30,0,0.683,0.239,0.027,614.4,539.3,323.4,9645.46,0
ORD-105068,SUP-024,0.818,Middle East/Africa,FMCG,Sea,2024-07-27,2024-08-17,2024-08-18,1,0.0,0.291,0.107,383.6,502.9,508.6,13841.4,0
ORD-105069,SUP-011,0.936,Middle East/Africa,Textiles,Air,2024-06-28,2024-07-02,2024-07-11,9,0.427,0.087,0.071,516.0,465.7,525.1,12743.63,1
ORD-105070,SUP-021,0.656,Asia Pacific,Pharma,Road,2024-07-23,2024-07-28,2024-07-28,0,0.458,0.121,0.052,259.6,370.3,275.0,4492.69,0
ORD-105071,SUP-011,0.936,Europe,Machinery,Road,2023-05-29,2023-06-04,2023-06-05,1,0.232,0.293,0.028,799.1,110.2,89.7,2114.57,0
ORD-105072,SUP-015,0.574,Middle East/Africa,Pharma,Rail,2024-08-02,2024-08-09,2024-08-10,1,0.366,0.366,0.087,780.9,479.8,457.0,5222.67,0
ORD-105073,SUP-025,0.704,Middle East/Africa,Textiles,Rail,2024-06-23,2024-06-29,2024-06-30,1,0.22,0.442,0.051,432.2,564.6,560.4,10132.31,0
ORD-105074,SUP-039,0.777,Europe,Textiles,Sea,2024-09-22,2024-10-13,2024-10-13,0,0.186,0.0,0.538,330.5,438.1,388.4,2478.15,0
ORD-105075,SUP-028,0.644,Middle East/Africa,Machinery,Road,2023-07-29,2023-08-04,2023-08-07,3,0.448,0.213,0.066,219.2,298.2,308.8,4384.02,1
ORD-105076,SUP-032,0.702,Latin America,Electronics,Rail,2023-10-28,2023-11-03,2023-11-03,0,0.302,0.07,0.024,690.5,583.2,686.3,8309.06,0
ORD-105077,SUP-011,0.936,North America,FMCG,Rail,2023-04-10,2023-04-18,2023-04-19,1,0.407,0.258,0.077,535.8,376.1,381.5,7984.83,0
ORD-105078,SUP-009,0.768,Middle East/Africa,FMCG,Road,2023-01-22,2023-01-27,2023-01-27,0,0.558,0.0,0.014,685.8,469.5,514.7,13106.83,0
ORD-105079,SUP-005,0.967,Europe,Textiles,Sea,2023-06-10,2023-06-30,2023-06-30,0,0.327,0.337,0.456,417.7,264.3,280.0,1709.2,0
ORD-105080,SUP-013,0.8,Latin America,FMCG,Air,2024-03-04,2024-03-09,2024-03-18,9,0.312,0.0,0.009,446.8,495.5,500.6,4195.63,1
ORD-105081,SUP-039,0.777,Europe,Textiles,Road,2023-12-07,2023-12-13,2023-12-15,2,0.61,0.231,0.022,812.7,476.7,517.5,1563.02,0
ORD-105082,SUP-007,0.877,North America,Textiles,Rail,2023-09-17,2023-09-25,2023-09-30,5,0.229,0.16,0.021,755.8,519.9,620.6,3766.98,1
ORD-105083,SUP-019,0.75,Middle East/Africa,FMCG,Rail,2024-03-31,2024-04-08,2024-04-08,0,0.072,0.606,0.013,634.7,346.3,272.6,9082.44,0
ORD-105084,SUP-007,0.877,Latin America,FMCG,Sea,2023-06-11,2023-07-04,2023-07-04,0,0.661,0.246,0.258,467.0,356.5,347.0,3895.51,0
ORD-105085,SUP-003,0.783,North America,Pharma,Air,2023-09-19,2023-09-21,2023-09-28,7,0.281,0.181,0.072,651.0,286.6,292.9,3475.33,1
ORD-105086,SUP-020,0.762,Latin America,Electronics,Road,2023-12-29,2024-01-03,2024-01-06,3,0.467,0.146,0.058,473.1,344.0,312.3,3794.8,1
ORD-105087,SUP-032,0.702,Asia Pacific,Textiles,Road,2023-09-21,2023-09-26,2023-09-28,2,0.333,0.356,0.013,355.4,586.5,542.9,8940.19,1
ORD-105088,SUP-040,0.607,North America,FMCG,Road,2024-07-04,2024-07-09,2024-07-09,0,0.573,0.363,0.035,527.7,316.2,326.4,2528.43,0
ORD-105089,SUP-027,,Middle East/Africa,Electronics,Rail,2024-05-27,2024-06-05,2024-06-05,0,0.538,0.06,0.0,254.5,110.8,115.6,3112.68,0
ORD-105090,SUP-023,0.548,Europe,Pharma,Road,2024-08-14,2024-08-20,2024-08-20,0,0.0,0.112,0.004,487.6,435.3,503.5,5586.6,0
ORD-105091,SUP-019,0.75,Middle East/Africa,Pharma,Road,2024-07-20,2024-07-25,2024-07-25,0,0.538,0.395,0.086,539.2,412.4,427.3,6896.38,0
ORD-105092,SUP-018,0.727,Europe,FMCG,Sea,2023-03-04,2023-03-24,2023-03-24,0,0.265,0.219,0.373,683.1,360.6,349.6,10290.33,0
ORD-105093,SUP-024,0.818,Middle East/Africa,Electronics,Road,2023-01-27,2023-01-30,2023-01-30,0,0.243,0.161,0.02,595.7,216.6,177.9,6125.1,0
ORD-105094,SUP-001,0.823,Asia Pacific,Electronics,Road,2023-09-19,2023-09-24,2023-10-03,9,0.638,0.11,0.091,151.5,274.3,307.3,17808.29,1
ORD-105095,SUP-006,0.63,Europe,FMCG,Road,2023-07-21,2023-07-27,2023-08-12,16,0.291,0.0,0.047,383.7,516.0,677.6,2389.94,1
ORD-105096,SUP-037,0.757,Middle East/Africa,Machinery,Road,2023-12-11,2023-12-16,2023-12-17,1,0.417,0.348,0.047,462.9,505.2,518.1,11481.17,0
ORD-105097,SUP-037,0.757,North America,Textiles,Road,2023-09-24,2023-09-27,2023-10-16,19,0.271,0.0,0.028,505.3,385.8,335.1,2397.56,1
ORD-105098,SUP-018,0.727,Asia Pacific,Pharma,Sea,2023-07-15,2023-08-07,2023-08-07,0,0.177,0.256,0.326,698.3,465.7,408.2,11773.49,0
ORD-105099,SUP-040,0.607,Europe,Machinery,Sea,2023-11-06,2023-11-26,2023-11-26,0,0.152,0.097,0.258,625.1,335.3,418.2,2551.93,0
ORD-105100,SUP-027,0.793,Europe,Machinery,Sea,2024-04-19,2024-05-11,2024-05-11,0,0.225,0.366,0.492,357.5,538.4,573.4,3365.59,0
ORD-105101,SUP-031,0.712,Europe,Machinery,Road,2023-10-03,2023-10-07,2023-10-07,0,0.26,0.366,0.035,646.3,522.6,595.7,2436.57,0
ORD-105102,SUP-024,0.818,Latin America,Pharma,Road,2023-04-17,2023-04-21,2023-04-21,0,0.176,0.198,0.006,534.6,522.4,642.3,1200.31,0
ORD-105103,SUP-017,0.619,Latin America,FMCG,Road,2024-09-10,2024-09-13,2024-09-13,0,0.664,0.237,0.061,669.7,384.4,305.3,1933.33,0
ORD-105104,SUP-031,0.712,Europe,Textiles,Sea,2024-01-23,2024-02-13,2024-02-19,6,0.072,0.204,0.651,584.1,732.3,714.2,6076.08,1
ORD-105105,SUP-028,0.644,Europe,FMCG,Sea,2024-07-31,2024-08-20,2024-08-27,7,0.559,0.166,0.164,492.9,397.3,529.6,9555.72,1
ORD-105106,SUP-028,0.644,Europe,Machinery,Road,2024-01-29,2024-02-02,2024-02-07,5,0.496,0.361,0.049,475.8,257.0,276.8,5344.76,1
ORD-105107,SUP-018,0.727,Europe,FMCG,Road,2023-12-01,2023-12-07,2023-12-07,0,0.498,0.258,0.04,151.0,521.1,419.0,6146.06,0
ORD-105108,SUP-015,0.574,North America,Electronics,Sea,2024-09-19,2024-10-09,2024-10-13,4,0.273,0.075,0.358,501.9,417.3,442.7,5811.28,1
ORD-105109,SUP-011,0.936,Middle East/Africa,Textiles,Rail,2023-04-13,2023-04-20,2023-04-21,1,0.326,0.237,0.047,688.6,482.7,438.0,3330.68,0
ORD-105110,SUP-029,0.765,Europe,Automotive Parts,Rail,2023-06-26,2023-07-05,2023-07-06,1,0.015,0.24,0.048,614.1,454.3,414.5,1343.42,0
ORD-105111,SUP-001,0.823,Latin America,Electronics,Sea,2024-07-11,2024-08-01,2024-08-01,0,0.356,0.267,0.023,433.8,503.2,465.9,4730.33,0
ORD-105112,SUP-004,0.652,Middle East/Africa,Pharma,Sea,2023-02-01,2023-02-23,2023-02-23,0,0.366,0.236,0.305,422.2,431.2,313.4,14808.88,0
ORD-105113,SUP-036,0.714,Europe,Machinery,Air,2023-08-11,2023-08-14,2023-08-21,7,0.154,0.082,0.081,392.6,227.1,237.4,7450.98,1
ORD-105114,SUP-031,0.712,Latin America,Pharma,Rail,2023-11-21,2023-11-27,2023-12-21,24,0.59,0.245,0.077,696.1,382.5,442.1,2887.35,1
ORD-105115,SUP-033,0.8,Latin America,Textiles,Sea,2023-02-10,2023-03-03,2023-03-03,0,0.339,0.174,0.347,403.2,612.6,729.8,4273.55,0
ORD-105116,SUP-034,0.576,Middle East/Africa,Machinery,Rail,2023-12-24,2024-01-02,2024-01-12,10,0.243,0.394,0.022,463.3,399.6,424.0,5880.61,1
ORD-105117,SUP-001,0.823,Europe,Automotive Parts,Road,2023-04-22,2023-04-26,2023-04-30,4,0.657,0.242,0.088,554.1,441.9,552.6,11551.09,1
ORD-105118,SUP-032,0.702,Asia Pacific,Textiles,Road,2024-01-19,2024-01-23,2024-01-23,0,0.745,0.027,0.004,476.7,151.5,139.5,9642.78,0
ORD-105119,SUP-023,0.548,Asia Pacific,Automotive Parts,Road,2023-04-03,2023-04-09,2023-04-09,0,0.136,0.0,0.095,148.3,543.9,508.9,2560.75,0
ORD-105120,SUP-031,0.712,Asia Pacific,Pharma,Road,2023-04-28,2023-05-02,2023-05-02,0,0.288,0.109,0.022,326.0,651.1,747.4,8777.95,0
ORD-105121,SUP-011,0.936,Middle East/Africa,Electronics,Rail,2023-06-20,2023-06-27,2023-06-27,0,,0.132,0.003,362.7,591.1,718.5,15253.96,0
ORD-105122,SUP-026,0.782,North America,Electronics,Road,2023-06-19,2023-06-22,2023-07-02,10,0.326,0.173,0.095,479.0,546.9,482.6,8502.8,1
ORD-105123,SUP-038,0.957,Asia Pacific,Machinery,Road,2023-08-11,2023-08-16,2023-08-17,1,0.223,0.204,0.045,518.2,352.5,340.6,2831.16,0
ORD-105124,SUP-017,0.619,Middle East/Africa,FMCG,Rail,2024-07-22,2024-07-29,2024-08-06,8,0.07,0.122,0.091,519.1,285.2,320.2,4415.91,1
ORD-105125,SUP-025,0.704,Latin America,Electronics,Sea,2023-10-08,2023-10-31,2023-11-01,1,0.339,0.258,0.503,594.1,358.7,387.8,6727.99,0
ORD-105126,SUP-011,0.936,Latin America,FMCG,Road,2023-10-07,2023-10-13,2023-10-13,0,0.475,0.135,0.035,513.7,258.6,239.6,9061.1,0
ORD-105127,SUP-015,0.574,Middle East/Africa,Textiles,Rail,2023-04-18,2023-04-27,2023-04-28,1,0.084,0.236,0.021,371.4,555.6,661.1,10638.75,1
ORD-105128,SUP-004,0.652,Latin America,Pharma,Road,2023-11-10,2023-11-15,2023-11-15,0,0.362,0.14,0.014,336.3,475.5,377.5,10297.52,0
ORD-105129,SUP-038,0.957,Asia Pacific,Electronics,Sea,2024-06-23,2024-07-16,2024-07-17,1,0.25,0.0,0.127,874.2,454.3,385.0,4161.03,0
ORD-105130,SUP-040,0.607,Europe,FMCG,Rail,2023-08-27,2023-09-05,2023-09-15,10,0.162,0.11,0.072,723.4,256.2,174.0,28923.2,1
ORD-105131,SUP-039,0.777,Middle East/Africa,Electronics,Rail,2024-07-04,2024-07-10,2024-07-20,10,0.323,0.297,0.019,654.9,267.8,225.3,8847.15,1
ORD-105132,SUP-024,0.818,North America,Machinery,Rail,2023-03-28,2023-04-05,2023-04-15,10,0.0,0.228,0.064,926.5,440.8,409.3,7783.77,1
ORD-105133,SUP-013,0.8,Europe,Electronics,Road,2023-12-31,2024-01-05,2024-01-09,4,0.1,0.2,0.035,800.2,491.3,529.1,5441.37,1
ORD-105134,SUP-015,0.574,Middle East/Africa,FMCG,Rail,2023-09-02,2023-09-08,2023-09-11,3,0.512,0.193,0.086,440.9,513.2,551.2,11621.78,1
ORD-105135,SUP-036,0.714,Europe,Automotive Parts,Road,2023-10-14,2023-10-19,2023-10-22,3,0.546,0.249,0.096,380.8,455.4,448.9,6264.03,1
ORD-105136,SUP-012,0.612,Middle East/Africa,Automotive Parts,Sea,2024-03-01,2024-03-21,2024-03-21,0,0.265,0.184,0.015,512.8,372.1,444.2,2567.93,0
ORD-105137,SUP-022,0.872,Asia Pacific,Machinery,Rail,2023-02-02,2023-02-10,2023-02-10,0,0.511,0.0,0.033,574.5,594.8,727.0,4826.85,0
ORD-105138,SUP-027,0.793,Asia Pacific,Machinery,Sea,2024-07-19,2024-08-10,2024-08-13,3,0.39,0.338,0.0,542.9,384.6,344.3,4280.4,1
ORD-105139,SUP-029,0.765,North America,Automotive Parts,Rail,2024-01-27,2024-02-04,2024-02-11,7,0.482,0.401,0.098,498.0,372.9,387.4,4541.03,1
ORD-105140,SUP-011,0.936,Asia Pacific,FMCG,Rail,2023-10-24,2023-11-01,2023-11-03,2,0.631,0.31,0.058,909.5,261.8,263.7,4049.96,0
ORD-105141,SUP-004,0.652,Asia Pacific,Electronics,Sea,2023-08-28,2023-09-20,2023-09-20,0,0.033,0.181,0.089,304.9,369.8,434.3,21555.57,0
ORD-105142,SUP-007,0.877,Latin America,Electronics,Road,2023-08-26,2023-08-30,2023-08-30,0,0.331,0.113,0.067,367.9,493.1,433.4,5701.29,0
ORD-105143,SUP-025,0.704,Middle East/Africa,Textiles,Air,2023-09-10,2023-09-12,2023-09-12,0,0.288,0.226,0.05,300.9,268.2,192.6,4402.23,0
ORD-105144,SUP-028,0.644,Asia Pacific,Machinery,Road,2023-03-31,2023-04-03,2023-04-09,6,0.191,0.176,0.069,295.6,574.7,552.5,7949.11,1
ORD-105145,SUP-028,0.644,Asia Pacific,FMCG,Road,2024-08-04,2024-08-10,2024-08-24,14,0.199,0.247,0.061,645.1,456.2,390.7,13265.19,1
ORD-105146,SUP-029,0.765,North America,Electronics,Road,2023-07-03,2023-07-06,2023-07-06,0,0.125,0.124,0.026,469.4,345.9,375.0,2181.39,0
ORD-105147,SUP-032,0.702,Europe,Electronics,Road,2023-11-02,2023-11-06,2023-11-06,0,0.276,0.202,0.097,537.0,500.9,663.0,3000.26,0
ORD-105148,SUP-009,0.768,Middle East/Africa,FMCG,Road,2023-11-04,2023-11-10,2023-11-10,0,0.037,0.463,0.066,544.8,485.3,509.9,4475.69,0
ORD-105149,SUP-013,0.8,Europe,Pharma,Sea,2023-12-14,2024-01-04,2024-01-05,1,0.217,0.16,0.231,530.9,300.0,265.0,2822.07,0
ORD-105150,SUP-019,0.75,Middle East/Africa,FMCG,Road,2023-12-16,2023-12-19,2023-12-20,1,0.415,0.0,0.037,373.0,455.4,593.5,3969.18,0
ORD-105151,SUP-030,0.76,Latin America,Pharma,Rail,2024-06-18,2024-06-26,2024-06-26,0,0.28,0.105,0.08,571.9,376.3,360.3,2661.59,0
ORD-105152,SUP-009,0.768,Middle East/Africa,Pharma,Rail,2024-08-02,2024-08-11,2024-08-11,0,0.202,0.29,0.026,646.0,488.9,423.0,6501.03,0
ORD-105153,SUP-035,0.443,North America,Textiles,Air,2023-12-03,2023-12-06,2023-12-19,13,0.056,0.24,0.016,329.3,569.9,578.2,9275.29,1
ORD-105154,SUP-004,0.652,North America,Machinery,Road,2024-02-21,2024-02-24,2024-02-24,0,0.0,0.0,0.068,341.3,630.0,675.1,3403.06,0
ORD-105155,SUP-018,0.727,Latin America,Electronics,Sea,2023-09-15,2023-10-08,2023-10-13,5,0.255,0.277,0.085,386.3,339.2,301.4,3111.27,1
ORD-105156,SUP-029,0.765,Europe,Automotive Parts,Road,2023-05-04,2023-05-07,2023-05-07,0,0.392,0.254,0.047,712.3,399.9,366.5,4758.97,0
ORD-105157,SUP-038,0.957,Latin America,FMCG,Road,2023-02-10,2023-02-16,2023-02-16,0,0.007,0.167,0.06,578.5,375.4,306.5,3906.74,0
ORD-105158,SUP-006,0.63,Europe,FMCG,Sea,2023-01-17,2023-02-08,2023-02-08,0,0.472,0.0,0.338,578.8,218.1,262.2,3749.17,0
ORD-105159,SUP-015,0.574,North America,FMCG,Sea,2023-03-10,2023-03-30,2023-04-03,4,0.126,0.0,0.09,703.6,707.8,525.5,3516.49,1
ORD-105160,SUP-028,0.644,Middle East/Africa,Electronics,Sea,2023-09-02,2023-09-24,2023-10-14,20,0.549,0.143,0.0,452.8,342.9,378.1,2239.53,1
ORD-105161,SUP-036,0.714,Europe,Automotive Parts,Road,2023-04-11,2023-04-17,2023-04-18,1,0.273,0.074,0.072,472.2,349.5,341.6,3201.21,0
ORD-105162,SUP-009,0.768,Latin America,Textiles,Road,2024-04-13,2024-04-16,2024-04-16,0,0.0,0.212,0.033,528.5,434.7,408.3,4574.37,0
ORD-105163,SUP-037,0.757,North America,Machinery,Rail,2023-09-19,2023-09-27,2023-09-28,1,0.482,0.0,0.028,577.5,517.1,420.6,9169.2,0
ORD-105164,SUP-024,0.818,Latin America,Machinery,Road,2024-09-29,2024-10-03,2024-10-03,0,0.153,0.53,0.012,683.3,526.6,476.4,2458.58,0
ORD-105165,SUP-007,0.877,Latin America,FMCG,Road,2024-01-19,2024-01-23,2024-01-23,0,0.064,0.253,0.083,509.9,680.2,696.9,3236.51,0
ORD-105166,SUP-005,0.967,Europe,Machinery,Road,2024-02-21,2024-02-25,2024-02-25,0,0.345,0.196,0.016,823.0,205.1,204.6,1904.64,0
ORD-105167,SUP-023,0.548,North America,Machinery,Road,2024-08-27,2024-09-01,2024-09-03,2,0.569,0.178,0.054,401.5,371.5,313.8,5759.2,1
ORD-105168,SUP-039,0.777,Asia Pacific,Machinery,Rail,2023-04-19,2023-04-26,2023-04-26,0,0.542,0.166,0.042,935.7,366.2,385.7,1933.38,0
ORD-105169,SUP-008,0.711,Middle East/Africa,Textiles,Sea,2023-10-01,2023-10-24,2023-10-25,1,0.177,0.298,0.314,603.7,480.8,487.4,3276.32,0
ORD-105170,SUP-022,0.872,Middle East/Africa,Machinery,Rail,2023-09-19,2023-09-28,2023-10-09,11,0.427,0.358,0.044,656.6,477.2,464.5,3607.48,1
ORD-105171,SUP-002,0.788,Europe,Textiles,Sea,2023-10-12,2023-11-01,2023-11-01,0,0.182,0.503,0.402,379.5,315.5,287.2,4848.32,0
ORD-105172,SUP-037,0.757,Asia Pacific,Pharma,Road,2024-09-14,2024-09-20,2024-09-20,0,0.193,0.463,0.023,759.2,258.8,258.8,5911.09,0
ORD-105173,SUP-027,0.793,Middle East/Africa,Textiles,Sea,2024-07-09,2024-07-29,2024-08-12,14,0.075,0.241,0.101,535.1,430.3,419.3,3422.78,1
ORD-105174,SUP-039,0.777,Latin America,Electronics,Road,2023-02-17,2023-02-23,2023-02-23,0,0.428,0.061,0.074,442.5,437.0,440.4,2560.47,0
ORD-105175,SUP-033,0.8,Latin America,Textiles,Sea,2023-06-03,2023-06-24,2023-06-24,0,0.567,0.169,0.139,442.6,207.1,206.7,4045.56,0
ORD-105176,SUP-010,0.898,Europe,FMCG,Sea,2023-12-29,2024-01-18,2024-01-19,1,0.453,0.379,0.332,513.8,608.3,507.6,10474.97,0
ORD-105177,SUP-001,0.823,Asia Pacific,Electronics,Rail,2023-07-31,2023-08-06,2023-08-06,0,0.0,0.256,0.074,406.0,531.4,549.4,11502.63,0
ORD-105178,SUP-007,0.877,Middle East/Africa,Automotive Parts,Sea,2024-04-01,2024-04-23,2024-04-23,0,0.382,0.214,0.223,423.7,357.6,305.0,5079.7,0
ORD-105179,SUP-037,0.757,Middle East/Africa,FMCG,Road,2024-07-23,2024-07-27,2024-08-07,11,0.737,0.42,0.058,517.8,424.5,383.4,2233.79,1
ORD-105180,SUP-034,0.576,Middle East/Africa,Electronics,Road,2023-09-27,2023-09-30,2023-10-13,13,0.421,0.158,0.004,749.3,612.7,693.7,4382.63,1
ORD-105181,SUP-033,0.8,Middle East/Africa,Automotive Parts,Rail,2023-06-24,2023-07-02,2023-07-02,0,0.37,0.024,0.049,365.7,602.7,592.5,8263.88,0
ORD-105182,SUP-027,0.793,Middle East/Africa,Automotive Parts,Sea,2024-03-28,2024-04-17,2024-04-28,11,0.263,0.184,0.229,601.3,412.1,438.3,5308.74,1
ORD-105183,SUP-035,0.443,North America,Machinery,Sea,2023-10-20,2023-11-10,2023-11-24,14,0.457,0.427,0.481,423.7,441.8,557.9,7256.66,1
ORD-105184,SUP-022,0.872,Europe,FMCG,Road,2023-05-01,2023-05-04,2023-05-04,0,0.502,0.292,0.002,620.6,612.0,655.9,2940.92,0
ORD-105185,SUP-013,0.8,Asia Pacific,Electronics,Rail,2024-03-21,2024-03-30,2024-03-31,1,0.161,0.272,0.053,145.9,465.8,494.9,6503.23,0
ORD-105186,SUP-036,0.714,Europe,Automotive Parts,Air,2024-06-29,2024-07-02,2024-07-02,0,0.212,0.058,0.089,298.4,437.4,378.6,11349.2,0
ORD-105187,SUP-027,0.793,Middle East/Africa,Pharma,Rail,2023-04-08,2023-04-17,2023-05-16,29,0.431,0.088,0.016,673.6,589.7,677.1,3507.59,1
ORD-105188,SUP-010,0.898,Asia Pacific,FMCG,Road,2024-09-30,2024-10-06,2024-10-17,11,0.155,0.167,0.074,300.9,704.6,557.7,4678.67,1
ORD-105189,SUP-036,,North America,Automotive Parts,Road,2023-01-29,2023-02-01,2023-02-01,0,0.228,0.212,0.059,575.8,519.8,432.3,4814.25,0
ORD-105190,SUP-021,0.656,Latin America,Automotive Parts,Road,2024-06-07,2024-06-10,2024-06-10,0,0.063,0.278,0.005,461.8,493.4,518.0,13839.6,0
ORD-105191,SUP-032,0.702,North America,Automotive Parts,Sea,2024-06-13,2024-07-06,2024-07-06,0,0.266,0.0,0.079,338.8,624.8,690.9,5299.69,0
ORD-105192,SUP-023,0.548,Middle East/Africa,Automotive Parts,Sea,2023-04-15,2023-05-05,2023-05-07,2,0.436,0.101,0.36,743.6,371.4,349.7,4635.98,1
ORD-105193,SUP-017,0.619,Asia Pacific,Machinery,Road,2023-10-11,2023-10-15,2023-10-16,1,0.491,0.0,0.011,507.6,383.7,365.4,2781.52,0
ORD-105194,SUP-005,0.967,Asia Pacific,Machinery,Air,2023-09-06,2023-09-09,2023-09-27,18,0.397,0.212,0.041,410.6,368.4,277.7,1651.9,1
ORD-105195,SUP-022,0.872,Europe,Textiles,Air,2024-04-29,2024-05-04,2024-05-04,0,0.18,0.071,0.088,523.6,588.3,671.5,10977.9,0
ORD-105196,SUP-009,,Middle East/Africa,FMCG,Road,2024-07-11,2024-07-15,2024-07-15,0,0.22,0.346,0.033,337.6,156.3,159.3,6424.9,0
ORD-105197,SUP-018,0.727,Europe,Pharma,Rail,2024-07-26,2024-08-02,2024-08-05,3,0.596,0.037,0.076,766.7,542.9,489.5,7942.56,1
ORD-105198,SUP-018,0.727,Latin America,Pharma,Air,2023-03-21,2023-03-23,2023-03-23,0,0.336,0.378,0.03,353.3,456.8,508.4,1868.23,0
ORD-105199,SUP-005,0.967,Asia Pacific,Automotive Parts,Road,2024-03-29,2024-04-02,2024-04-02,0,0.188,0.091,0.076,652.2,233.4,245.0,3322.43,0
ORD-105200,SUP-010,0.898,Middle East/Africa,Automotive Parts,Road,2023-07-01,2023-07-04,2023-07-04,0,0.243,0.275,0.032,305.8,566.6,633.4,3230.14,0
ORD-105201,SUP-032,0.702,Latin America,Automotive Parts,Sea,2024-06-06,2024-06-29,2024-06-30,1,0.218,0.187,0.026,634.3,262.3,288.4,6535.63,0
ORD-105202,SUP-023,0.548,Middle East/Africa,Machinery,Rail,2023-03-22,2023-03-30,2023-03-30,0,0.335,0.0,0.079,828.3,387.9,338.8,6889.71,0
ORD-105203,SUP-040,0.607,Europe,Automotive Parts,Road,2023-11-01,2023-11-06,2023-11-06,0,0.189,0.124,0.001,738.1,615.7,588.1,8384.17,0
ORD-105204,SUP-014,0.805,Latin America,Textiles,Road,2024-03-20,2024-03-24,2024-03-24,0,0.648,0.34,0.034,560.0,583.3,477.6,23996.84,0
ORD-105205,SUP-039,0.777,North America,Pharma,Air,2023-05-03,2023-05-08,2023-05-16,8,0.497,0.196,0.093,575.7,458.6,480.3,7996.36,1
ORD-105206,SUP-008,0.711,Europe,Machinery,Air,2023-05-25,2023-05-29,2023-05-30,1,0.538,0.173,0.07,722.0,562.6,406.7,4990.47,0
ORD-105207,SUP-019,0.75,Asia Pacific,FMCG,Road,2023-06-14,2023-06-17,2023-06-17,0,0.028,0.074,0.071,720.3,537.1,398.5,7399.83,0
ORD-105208,SUP-030,0.76,Europe,FMCG,Road,2023-03-18,2023-03-22,2023-04-02,11,0.537,0.213,0.057,608.5,532.7,503.5,2471.05,1
ORD-105209,SUP-011,0.936,Latin America,Machinery,Sea,2024-04-15,2024-05-07,2024-05-07,0,0.28,0.26,0.078,583.7,841.9,809.4,5313.49,0
ORD-105210,SUP-030,0.76,Middle East/Africa,Machinery,Road,2023-06-03,2023-06-07,2023-06-07,0,0.337,0.18,0.046,749.3,608.9,587.8,9970.9,0
ORD-105211,SUP-040,0.607,North America,Automotive Parts,Road,2023-08-10,2023-08-13,2023-08-13,0,0.326,0.0,0.008,539.8,401.6,384.0,1234.17,0
ORD-105212,SUP-004,0.652,North America,Automotive Parts,Road,2024-08-26,2024-09-01,2024-09-01,0,0.362,0.0,0.02,299.1,465.1,429.5,11890.6,0
ORD-105213,SUP-005,0.967,Latin America,Machinery,Road,2024-02-07,2024-02-13,2024-02-13,0,0.326,0.3,0.088,634.7,418.5,496.6,6563.42,0
ORD-105214,SUP-037,0.757,Latin America,Automotive Parts,Air,2023-11-30,2023-12-04,2023-12-04,0,0.0,0.268,0.001,631.4,360.8,278.5,6231.56,0
ORD-105215,SUP-034,0.576,Middle East/Africa,Pharma,Rail,2024-07-16,2024-07-23,2024-07-23,0,0.475,0.112,0.091,528.8,590.5,529.8,5871.35,0
ORD-105216,SUP-034,0.576,Middle East/Africa,Electronics,Road,2023-08-09,2023-08-15,2023-08-15,0,0.134,0.523,0.0,284.3,376.6,398.7,5317.28,0
ORD-105217,SUP-003,0.783,Middle East/Africa,FMCG,Road,2023-05-04,2023-05-08,2023-05-08,0,0.02,0.321,0.024,366.9,438.9,303.0,8230.81,0
ORD-105218,SUP-017,0.619,Europe,FMCG,Road,2024-08-12,2024-08-15,2024-08-15,0,0.0,0.178,0.097,353.8,447.5,460.9,2604.49,0
ORD-105219,SUP-020,,Latin America,Textiles,Sea,2024-03-18,2024-04-09,2024-04-10,1,0.153,0.386,0.522,310.0,393.9,404.0,4654.17,0
ORD-105220,SUP-029,0.765,Latin America,Electronics,Sea,2023-12-14,2024-01-05,2024-01-05,0,0.369,0.45,0.508,695.0,626.5,718.7,3603.73,0
ORD-105221,SUP-025,0.704,North America,Pharma,Road,2024-08-28,2024-08-31,2024-09-05,5,0.204,0.278,0.066,344.7,360.2,393.0,3366.02,1
ORD-105222,SUP-035,0.443,North America,Automotive Parts,Sea,2023-08-22,2023-09-12,2023-09-12,0,0.342,0.174,0.286,266.4,448.4,308.0,8673.29,0
ORD-105223,SUP-005,0.967,Latin America,FMCG,Road,2023-02-04,2023-02-10,2023-02-10,0,0.207,0.171,0.073,499.5,746.8,837.2,8372.6,0
ORD-105224,SUP-008,0.711,Europe,Textiles,Sea,2023-03-21,2023-04-13,2023-04-17,4,0.145,0.139,0.0,828.5,562.0,622.7,8791.9,1
ORD-105225,SUP-028,0.644,Middle East/Africa,Machinery,Air,2024-07-03,2024-07-07,2024-07-10,3,0.048,0.297,0.062,432.0,483.5,548.9,4205.43,1
ORD-105226,SUP-033,0.8,Asia Pacific,Pharma,Rail,2023-12-14,2023-12-20,2023-12-20,0,0.058,0.1,0.031,322.6,455.5,509.2,2631.58,0
ORD-105227,SUP-015,0.574,North America,Textiles,Road,2024-03-31,2024-04-03,2024-04-04,1,0.148,0.0,0.044,540.7,420.2,430.5,7866.16,0
ORD-105228,SUP-028,0.644,Europe,Textiles,Sea,2023-07-07,2023-07-30,2023-07-30,0,0.297,0.255,0.316,670.8,382.2,363.1,7742.46,0
ORD-105229,SUP-017,0.619,North America,FMCG,Road,2024-05-30,2024-06-03,2024-06-26,23,0.557,0.168,0.014,656.8,259.8,230.2,7992.99,1
ORD-105230,SUP-019,0.75,Latin America,Machinery,Road,2023-08-15,2023-08-20,2023-08-20,0,0.577,0.053,0.008,492.9,528.1,510.6,4041.67,0
ORD-105231,SUP-031,0.712,Europe,Textiles,Road,2023-10-12,2023-10-18,2023-10-19,1,0.452,0.416,0.012,836.6,390.4,358.7,7556.21,0
ORD-105232,SUP-016,0.842,North America,Automotive Parts,Rail,2023-10-28,2023-11-04,2023-11-05,1,0.195,0.381,0.027,699.6,392.3,482.9,10013.81,0
ORD-105233,SUP-028,0.644,Middle East/Africa,Pharma,Sea,2024-02-16,2024-03-07,2024-03-13,6,0.542,0.098,0.148,689.5,455.3,552.7,5458.65,1
ORD-105234,SUP-022,0.872,North America,Textiles,Sea,2023-10-01,2023-10-22,2023-10-22,0,0.572,0.067,0.215,473.4,721.1,844.2,2381.45,0
ORD-105235,SUP-007,0.877,Europe,Textiles,Rail,2023-02-12,2023-02-19,2023-02-19,0,0.152,0.11,0.022,612.6,272.5,302.3,6508.88,0
ORD-105236,SUP-007,0.877,Europe,Automotive Parts,Sea,2023-01-21,2023-02-13,2023-02-13,0,0.57,0.0,0.378,717.0,387.9,395.8,2945.96,0
ORD-105237,SUP-036,0.714,Middle East/Africa,Machinery,Road,2023-04-16,2023-04-19,2023-04-19,0,0.193,0.283,0.032,621.7,337.5,399.2,2719.85,0
ORD-105238,SUP-031,0.712,Latin America,Machinery,Road,2024-08-18,2024-08-22,2024-08-23,1,0.1,0.258,0.015,412.2,287.2,260.6,2698.79,0
ORD-105239,SUP-006,0.63,Latin America,Automotive Parts,Road,2024-02-25,2024-02-29,2024-03-11,11,0.25,0.097,0.065,496.2,669.5,750.3,7738.35,1
ORD-105240,SUP-024,0.818,Middle East/Africa,FMCG,Road,2023-10-07,2023-10-12,2023-10-12,0,0.665,0.077,0.052,496.7,541.9,532.2,4921.78,0
ORD-105241,SUP-034,0.576,Europe,Pharma,Sea,2024-02-11,2024-03-05,2024-03-05,0,0.093,0.207,0.372,412.0,517.7,577.4,4394.74,0
ORD-105242,SUP-033,0.8,Middle East/Africa,Machinery,Rail,2023-02-01,2023-02-08,2023-02-18,10,0.649,0.246,0.069,577.5,381.6,399.0,2563.67,1
ORD-105243,SUP-003,0.783,North America,Electronics,Road,2024-02-19,2024-02-25,2024-03-15,19,0.077,0.364,0.019,747.4,651.0,665.5,11009.91,1
ORD-105244,SUP-023,0.548,Middle East/Africa,Automotive Parts,Road,2023-03-24,2023-03-29,2023-04-01,3,0.212,0.118,0.0,440.3,383.6,338.8,4106.44,1
ORD-105245,SUP-006,0.63,Middle East/Africa,Electronics,Rail,2024-09-21,2024-09-28,2024-09-29,1,0.0,0.35,0.065,344.9,214.7,192.1,6577.67,0
ORD-105246,SUP-032,,Asia Pacific,FMCG,Rail,2023-03-24,2023-03-30,2023-03-30,0,0.687,0.057,0.002,435.0,464.8,480.3,4761.72,0
ORD-105247,SUP-003,0.783,Asia Pacific,Automotive Parts,Air,2023-12-26,2023-12-30,2023-12-30,0,0.374,0.22,0.023,703.8,309.6,240.0,2391.54,0
ORD-105248,SUP-032,0.702,Asia Pacific,Machinery,Road,2024-07-28,2024-07-31,2024-08-03,3,0.364,0.253,0.074,209.4,480.1,466.9,3470.69,1
ORD-105249,SUP-028,0.644,Europe,Automotive Parts,Road,2024-05-01,2024-05-05,2024-05-09,4,0.271,0.274,0.098,504.3,469.0,525.5,6828.21,1
ORD-105250,SUP-036,0.714,Latin America,Machinery,Road,2023-02-11,2023-02-17,2023-03-02,13,0.217,0.17,0.032,149.8,389.1,331.7,6202.96,1
ORD-105251,SUP-006,0.63,Asia Pacific,Textiles,Sea,2023-01-15,2023-02-04,2023-02-08,4,0.328,0.357,0.797,662.3,340.9,296.4,6767.89,1
ORD-105252,SUP-007,0.877,Asia Pacific,Textiles,Road,2024-04-10,2024-04-16,2024-04-26,10,0.422,0.128,0.074,377.3,409.3,433.8,8058.7,1
ORD-105253,SUP-018,0.727,North America,Textiles,Road,2024-05-06,2024-05-12,2024-05-12,0,,0.321,0.012,501.3,607.2,649.6,4890.33,0
ORD-105254,SUP-030,0.76,North America,Pharma,Road,2024-05-21,2024-05-26,2024-05-27,1,0.402,0.0,0.05,588.3,366.8,408.0,4983.11,0
ORD-105255,SUP-038,0.957,Latin America,Machinery,Road,2024-06-08,2024-06-12,2024-06-12,0,0.32,0.18,0.058,661.7,436.2,336.2,5401.64,0
ORD-105256,SUP-016,0.842,Asia Pacific,Machinery,Sea,2023-06-25,2023-07-17,2023-07-17,0,0.003,0.046,0.538,470.4,477.6,497.2,3231.02,0
ORD-105257,SUP-003,0.783,Middle East/Africa,Electronics,Rail,2023-03-30,2023-04-07,2023-04-07,0,0.524,0.105,0.078,345.0,435.8,449.9,6599.49,0
ORD-105258,SUP-025,0.704,North America,Electronics,Road,2024-01-17,2024-01-22,2024-01-22,0,0.634,0.382,0.05,532.1,421.8,507.7,6575.62,0
ORD-105259,SUP-028,0.644,Middle East/Africa,Automotive Parts,Rail,2024-08-24,2024-09-01,2024-09-01,0,0.386,0.281,0.077,597.5,434.7,429.1,9289.56,0
ORD-105260,SUP-038,0.957,Middle East/Africa,FMCG,Road,2023-10-18,2023-10-21,2023-10-21,0,0.203,0.152,0.043,534.8,531.7,620.2,7436.56,0
ORD-105261,SUP-007,0.877,Asia Pacific,Automotive Parts,Road,2023-05-18,2023-05-24,2023-05-24,0,0.201,0.38,0.086,649.6,380.3,365.6,7204.08,0
ORD-105262,SUP-020,0.762,Latin America,Machinery,Air,2023-04-05,2023-04-10,2023-04-13,3,0.109,0.408,0.002,402.5,480.2,433.9,2233.28,1
ORD-105263,SUP-024,0.818,Latin America,Pharma,Road,2023-02-05,2023-02-08,2023-02-16,8,0.538,0.366,0.014,566.2,498.8,476.1,7642.23,1
ORD-105264,SUP-025,0.704,Asia Pacific,Pharma,Rail,2024-07-10,2024-07-19,2024-07-19,0,0.557,0.158,0.027,757.8,585.1,627.8,5309.44,0
ORD-105265,SUP-022,0.872,Latin America,Machinery,Sea,2023-06-06,2023-06-27,2023-06-27,0,0.342,0.259,0.353,556.9,591.5,557.2,4901.02,0
ORD-105266,SUP-028,0.644,Asia Pacific,Automotive Parts,Sea,2023-10-17,2023-11-08,2023-11-08,0,0.0,0.212,0.25,676.7,306.9,226.6,5287.93,0
ORD-105267,SUP-008,0.711,North America,Pharma,Rail,2023-09-18,2023-09-25,2023-09-25,0,0.0,0.147,0.03,598.2,427.3,473.4,21227.06,0
ORD-105268,SUP-032,0.702,Middle East/Africa,Electronics,Sea,2024-09-07,2024-09-27,2024-09-27,0,0.279,0.046,0.0,267.5,392.9,482.2,3932.45,0
ORD-105269,SUP-014,0.805,Latin America,FMCG,Air,2023-06-11,2023-06-16,2023-06-16,0,0.386,0.117,0.041,542.1,383.2,361.5,4596.18,0
ORD-105270,SUP-014,0.805,North America,Textiles,Rail,2023-04-11,2023-04-19,2023-04-20,1,0.214,0.0,0.056,793.8,674.6,695.5,7738.42,0
ORD-105271,SUP-031,0.712,Latin America,Textiles,Rail,2024-03-19,2024-03-28,2024-03-28,0,0.456,0.186,0.023,551.7,406.7,320.8,4741.28,0
ORD-105272,SUP-038,0.957,Middle East/Africa,Electronics,Road,2023-02-25,2023-03-01,2023-03-02,1,0.073,0.26,0.086,545.0,233.9,216.8,6416.5,0
ORD-105273,SUP-020,0.762,Europe,Electronics,Air,2023-12-16,2023-12-20,2023-12-20,0,0.503,0.347,0.061,594.7,447.6,311.0,6339.11,0
ORD-105274,SUP-008,0.711,Asia Pacific,Automotive Parts,Rail,2023-05-13,2023-05-21,2023-05-21,0,0.093,0.221,0.009,600.7,325.6,343.3,4109.52,0
ORD-105275,SUP-039,0.777,Middle East/Africa,Machinery,Sea,2024-05-16,2024-06-07,2024-06-12,5,0.461,0.04,0.529,388.9,360.2,351.1,4789.52,1
ORD-105276,SUP-030,0.76,Latin America,Automotive Parts,Sea,2024-09-04,2024-09-24,2024-10-13,19,0.0,0.418,0.555,561.2,174.5,144.3,6645.71,1
ORD-105277,SUP-040,0.607,Asia Pacific,Electronics,Road,2023-12-25,2023-12-29,2023-12-29,0,0.108,0.057,0.026,605.1,382.9,378.3,4116.68,0
ORD-105278,SUP-020,0.762,Asia Pacific,FMCG,Road,2024-08-30,2024-09-05,2024-09-05,0,0.0,0.039,0.063,508.3,574.7,524.3,7879.05,0
ORD-105279,SUP-022,0.872,Europe,Pharma,Sea,2023-06-18,2023-07-11,2023-07-11,0,0.213,0.243,0.564,703.1,327.4,386.4,1868.02,0
ORD-105280,SUP-026,0.782,Asia Pacific,Pharma,Road,2024-05-21,2024-05-25,2024-05-25,0,0.454,0.2,0.057,452.4,499.9,457.1,11425.27,0
ORD-105281,SUP-028,,Europe,Automotive Parts,Road,2024-07-29,2024-08-01,2024-08-01,0,0.658,0.656,0.004,392.5,502.3,525.8,6597.65,0
ORD-105282,SUP-002,0.788,Latin America,Machinery,Sea,2023-10-29,2023-11-20,2023-12-01,11,0.147,0.536,0.44,497.2,302.1,298.6,4426.95,1
ORD-105283,SUP-011,0.936,Middle East/Africa,Machinery,Road,2023-03-19,2023-03-24,2023-03-24,0,0.0,0.314,0.094,260.2,313.1,359.8,4099.79,0
ORD-105284,SUP-007,0.877,North America,Machinery,Road,2023-02-14,2023-02-19,2023-02-19,0,,0.129,0.005,332.3,534.5,637.1,19373.93,0
ORD-105285,SUP-037,0.757,Asia Pacific,Machinery,Road,2024-02-15,2024-02-19,2024-02-19,0,0.119,0.053,0.072,653.5,548.9,494.1,8147.64,0
ORD-105286,SUP-036,0.714,Latin America,Electronics,Road,2023-04-22,2023-04-28,2023-04-28,0,0.368,0.059,0.026,608.7,702.8,712.4,6803.91,0
ORD-105287,SUP-024,0.818,Asia Pacific,Automotive Parts,Road,2023-07-27,2023-07-31,2023-07-31,0,0.296,0.081,0.091,536.6,420.5,339.8,5399.42,0
ORD-105288,SUP-010,0.898,Europe,Textiles,Rail,2023-11-26,2023-12-05,2023-12-05,0,0.156,0.0,0.029,335.7,477.0,378.0,8059.86,0
ORD-105289,SUP-003,0.783,Europe,Machinery,Sea,2023-03-29,2023-04-18,2023-04-18,0,0.291,0.253,0.025,577.1,406.9,391.3,9639.66,0
ORD-105290,SUP-019,0.75,Europe,FMCG,Sea,2024-09-08,2024-10-01,2024-10-05,4,0.71,0.065,0.358,297.7,547.8,464.8,1666.3,1
ORD-105291,SUP-013,0.8,North America,Textiles,Rail,2023-06-20,2023-06-29,2023-06-29,0,0.09,0.027,0.031,497.6,442.4,421.1,3016.42,0
ORD-105292,SUP-027,0.793,Europe,Textiles,Road,2023-11-02,2023-11-08,2023-11-08,0,0.434,0.122,0.078,244.2,646.1,684.3,3471.84,0
ORD-105293,SUP-005,0.967,Latin America,FMCG,Road,2023-08-13,2023-08-16,2023-08-16,0,0.37,0.149,0.002,346.4,448.8,382.1,4875.45,0
ORD-105294,SUP-013,0.8,Asia Pacific,Machinery,Air,2023-11-08,2023-11-12,2023-11-12,0,0.256,0.342,0.052,705.0,536.4,607.3,14744.99,0
ORD-105295,SUP-007,0.877,Asia Pacific,Electronics,Rail,2024-02-28,2024-03-08,2024-03-15,7,0.167,0.324,0.081,430.9,453.2,468.9,2400.13,1
ORD-105296,SUP-027,0.793,Europe,FMCG,Road,2023-03-28,2023-03-31,2023-03-31,0,0.146,0.389,0.001,458.0,518.3,428.2,4335.63,0
ORD-105297,SUP-038,0.957,North America,Automotive Parts,Road,2024-07-04,2024-07-10,2024-07-10,0,0.248,0.188,0.045,915.6,368.0,335.5,3157.36,0
ORD-105298,SUP-010,0.898,North America,Textiles,Sea,2023-10-26,2023-11-17,2023-11-25,8,0.505,0.326,0.511,496.8,461.5,488.0,2720.72,1
ORD-105299,SUP-032,0.702,Asia Pacific,FMCG,Sea,2024-03-15,2024-04-04,2024-04-04,0,0.0,0.132,0.415,595.1,420.3,359.6,4977.97,0
ORD-105300,SUP-028,0.644,North America,Machinery,Road,2024-02-02,2024-02-06,2024-02-06,0,0.255,0.092,0.073,646.0,494.2,586.2,4931.99,0
ORD-105301,SUP-003,0.783,Latin America,Machinery,Air,2023-07-23,2023-07-25,2023-07-25,0,0.0,0.0,0.057,517.2,575.3,437.9,9820.49,0
ORD-105302,SUP-019,0.75,Middle East/Africa,Textiles,Rail,2024-09-15,2024-09-24,2024-09-24,0,0.214,0.456,0.083,323.6,171.6,131.1,4727.85,0
ORD-105303,SUP-006,0.63,Middle East/Africa,Automotive Parts,Road,2024-07-11,2024-07-16,2024-07-16,0,0.084,0.263,0.093,559.2,404.1,323.2,10962.35,0
ORD-105304,SUP-018,0.727,North America,Automotive Parts,Sea,2024-02-20,2024-03-11,2024-03-11,0,0.325,0.08,0.0,486.1,612.9,545.0,7149.15,0
ORD-105305,SUP-012,0.612,North America,Pharma,Rail,2024-05-06,2024-05-14,2024-05-14,0,,0.068,0.03,441.0,366.8,334.0,4901.77,0
ORD-105306,SUP-027,0.793,Latin America,FMCG,Road,2024-07-09,2024-07-12,2024-07-12,0,0.235,0.061,0.084,666.6,567.3,538.5,2416.45,0
ORD-105307,SUP-037,0.757,Asia Pacific,Automotive Parts,Road,2023-07-12,2023-07-17,2023-07-18,1,0.561,0.0,0.094,515.4,431.3,426.3,5428.39,0
ORD-105308,SUP-004,0.652,Middle East/Africa,Pharma,Road,2023-07-02,2023-07-05,2023-07-05,0,0.586,0.243,0.018,422.7,579.0,450.8,2847.89,0
ORD-105309,SUP-008,0.711,Asia Pacific,Electronics,Sea,2024-07-18,2024-08-07,2024-08-07,0,0.377,0.226,0.382,595.7,471.9,449.0,1392.68,0
ORD-105310,SUP-040,0.607,Europe,Pharma,Road,2024-03-20,2024-03-23,2024-03-23,0,0.571,0.313,0.071,732.6,705.6,784.8,2939.52,0
ORD-105311,SUP-028,0.644,North America,Automotive Parts,Sea,2023-07-14,2023-08-06,2023-08-08,2,0.074,0.387,0.434,565.3,477.3,423.6,1638.33,1
ORD-105312,SUP-013,0.8,Middle East/Africa,Pharma,Sea,2024-06-28,2024-07-18,2024-07-18,0,0.0,0.409,0.543,361.9,401.9,488.7,1296.19,0
ORD-105313,SUP-001,0.823,North America,Textiles,Rail,2024-04-10,2024-04-19,2024-04-19,0,0.233,0.301,0.072,421.3,645.4,859.5,5534.7,0
ORD-105314,SUP-008,0.711,Latin America,Automotive Parts,Sea,2023-08-19,2023-09-11,2023-09-13,2,0.488,0.076,0.477,521.8,339.7,369.8,5459.15,1
ORD-105315,SUP-003,0.783,Europe,FMCG,Rail,2023-01-10,2023-01-17,2023-01-18,1,0.271,0.213,0.003,582.1,617.1,567.8,15249.13,0
ORD-105316,SUP-015,0.574,Middle East/Africa,FMCG,Sea,2024-04-10,2024-05-02,2024-05-08,6,0.339,0.305,0.287,367.1,362.7,392.6,8379.7,1
ORD-105317,SUP-022,0.872,Latin America,Automotive Parts,Air,2023-02-25,2023-02-28,2023-02-28,0,0.332,0.182,0.004,308.3,496.0,611.5,8906.78,0
ORD-105318,SUP-006,0.63,Latin America,Automotive Parts,Sea,2023-02-17,2023-03-11,2023-03-12,1,0.056,0.29,0.519,554.8,275.5,286.9,4875.43,0
ORD-105319,SUP-016,0.842,Europe,Textiles,Road,2024-06-22,2024-06-27,2024-06-27,0,0.561,0.078,0.066,334.3,381.6,339.6,5665.16,0
ORD-105320,SUP-002,0.788,North America,FMCG,Rail,2023-01-31,2023-02-06,2023-02-06,0,0.317,0.602,0.037,422.9,488.6,450.8,9556.69,0
ORD-105321,SUP-019,0.75,Middle East/Africa,Automotive Parts,Sea,2023-11-08,2023-11-29,2023-12-04,5,0.308,0.232,0.042,131.3,358.5,431.1,2390.47,1
ORD-105322,SUP-022,0.872,Asia Pacific,Automotive Parts,Rail,2024-02-08,2024-02-16,2024-02-16,0,0.0,0.26,0.041,280.2,399.1,317.7,5746.27,0
ORD-105323,SUP-037,0.757,Europe,Textiles,Air,2023-10-26,2023-10-28,2023-10-28,0,0.24,0.043,0.059,333.3,436.2,479.1,1557.34,0
ORD-105324,SUP-016,0.842,Europe,Machinery,Sea,2023-05-20,2023-06-12,2023-06-16,4,0.383,0.198,0.253,443.7,461.3,461.6,7108.74,1
ORD-105325,SUP-022,0.872,North America,Textiles,Road,2024-04-23,2024-04-27,2024-04-27,0,0.171,0.266,0.092,566.5,498.4,448.0,3236.15,0
ORD-105326,SUP-016,0.842,Latin America,Pharma,Sea,2024-08-28,2024-09-18,2024-09-27,9,0.62,0.149,0.231,532.5,538.0,492.1,11623.22,1
ORD-105327,SUP-035,0.443,Asia Pacific,Pharma,Road,2023-10-30,2023-11-04,2023-11-04,0,0.36,0.149,0.074,717.8,496.9,529.3,2517.54,0
ORD-105328,SUP-032,,Middle East/Africa,Electronics,Road,2023-08-20,2023-08-24,2023-08-24,0,0.401,0.086,0.026,622.9,662.0,725.3,3997.15,0
ORD-105329,SUP-009,0.768,Middle East/Africa,Machinery,Road,2023-07-09,2023-07-14,2023-07-14,0,0.347,0.239,0.013,306.9,407.3,433.6,3015.15,0
ORD-105330,SUP-020,0.762,Middle East/Africa,FMCG,Road,2024-01-16,2024-01-20,2024-01-24,4,0.238,0.195,0.044,578.3,403.8,416.8,5139.52,1
ORD-105331,SUP-023,0.548,Latin America,Automotive Parts,Air,2023-06-28,2023-06-30,2023-07-03,3,0.2,0.157,0.073,327.7,508.7,647.2,9464.45,1
ORD-105332,SUP-006,0.63,Middle East/Africa,Automotive Parts,Sea,2024-09-28,2024-10-19,2024-10-19,0,0.337,0.208,0.364,507.2,457.7,398.7,3492.48,0
ORD-105333,SUP-038,0.957,Europe,Electronics,Road,2023-05-27,2023-05-31,2023-05-31,0,0.229,0.066,0.098,830.4,342.1,311.2,5121.12,0
ORD-105334,SUP-023,0.548,Middle East/Africa,Pharma,Rail,2023-09-03,2023-09-10,2023-10-04,24,0.141,0.22,0.024,675.4,598.3,613.5,2346.17,1
ORD-105335,SUP-040,0.607,Middle East/Africa,Machinery,Sea,2023-04-19,2023-05-09,2023-05-09,0,0.201,0.259,0.249,464.8,163.5,198.1,21724.74,0
ORD-105336,SUP-004,0.652,Middle East/Africa,Textiles,Air,2023-07-25,2023-07-29,2023-08-07,9,,0.216,0.019,789.9,313.7,322.6,3545.43,1
ORD-105337,SUP-003,,Asia Pacific,Pharma,Road,2024-07-27,2024-07-30,2024-07-30,0,0.39,0.369,0.046,989.3,529.4,613.2,35910.08,0
ORD-105338,SUP-038,0.957,Europe,Electronics,Rail,2023-02-09,2023-02-16,2023-02-16,0,0.32,0.233,0.065,719.8,528.0,582.1,3622.22,0
ORD-105339,SUP-017,0.619,Latin America,Machinery,Sea,2023-12-07,2023-12-28,2024-01-01,4,0.123,0.326,0.193,706.3,369.0,462.5,10700.62,1
ORD-105340,SUP-029,0.765,Asia Pacific,Machinery,Sea,2023-03-19,2023-04-09,2023-04-09,0,0.01,0.025,0.066,466.5,433.6,333.0,19717.52,0
ORD-105341,SUP-040,0.607,Asia Pacific,Pharma,Road,2023-01-29,2023-02-01,2023-02-04,3,0.127,0.056,0.071,544.1,528.6,469.4,7837.3,1
ORD-105342,SUP-013,0.8,Europe,Automotive Parts,Road,2023-12-08,2023-12-14,2023-12-14,0,0.47,0.073,0.084,473.7,606.2,580.7,5035.93,0
ORD-105343,SUP-030,0.76,North America,Automotive Parts,Sea,2023-09-11,2023-10-03,2023-10-03,0,0.5,0.332,0.381,507.0,601.9,541.1,1640.4,0
ORD-105344,SUP-015,0.574,Asia Pacific,Automotive Parts,Road,2024-08-21,2024-08-26,2024-08-26,0,0.338,0.229,0.037,674.6,469.1,444.0,9118.98,0
ORD-105345,SUP-023,0.548,Latin America,Textiles,Air,2024-05-30,2024-06-04,2024-06-04,0,0.119,0.15,0.086,514.2,322.7,282.7,2797.18,0
ORD-105346,SUP-002,0.788,Latin America,FMCG,Sea,2023-12-17,2024-01-06,2024-01-06,0,0.424,0.136,0.392,271.1,423.2,450.3,4128.98,0
ORD-105347,SUP-007,0.877,Latin America,Electronics,Road,2023-01-16,2023-01-21,2023-01-22,1,0.6,0.465,0.068,782.1,647.2,485.9,2240.89,0
ORD-105348,SUP-038,0.957,Asia Pacific,Textiles,Road,2024-02-26,2024-03-03,2024-03-03,0,0.532,0.038,0.057,491.5,569.1,467.3,1326.21,0
ORD-105349,SUP-037,0.757,Asia Pacific,Electronics,Road,2023-03-25,2023-03-30,2023-03-30,0,0.338,0.173,0.016,496.7,459.2,465.1,6370.64,0
ORD-105350,SUP-006,0.63,Asia Pacific,Automotive Parts,Road,2023-09-14,2023-09-19,2023-10-12,23,0.342,0.0,0.058,207.9,468.6,385.1,3061.91,1
ORD-105351,SUP-031,0.712,Europe,Textiles,Road,2024-09-16,2024-09-21,2024-09-21,0,0.12,0.242,0.055,547.1,418.2,409.8,6370.92,0
ORD-105352,SUP-013,0.8,Asia Pacific,Machinery,Road,2023-06-17,2023-06-22,2023-07-02,10,0.556,0.282,0.044,209.3,661.1,595.2,7943.79,1
ORD-105353,SUP-028,0.644,Asia Pacific,Textiles,Road,2023-12-13,2023-12-17,2023-12-23,6,0.212,0.0,0.02,747.3,423.9,394.9,2092.44,1
ORD-105354,SUP-005,0.967,North America,Electronics,Road,2024-08-25,2024-08-29,2024-08-29,0,0.397,0.31,0.085,568.8,361.6,253.5,3393.87,0
ORD-105355,SUP-031,0.712,Europe,FMCG,Rail,2023-03-24,2023-04-01,2023-04-04,3,0.265,0.251,0.038,692.7,545.9,461.7,10905.56,1
ORD-105356,SUP-014,0.805,Middle East/Africa,Automotive Parts,Sea,2023-03-09,2023-03-29,2023-03-31,2,0.029,0.363,0.293,266.2,439.5,451.2,9021.52,0
ORD-105357,SUP-016,0.842,Asia Pacific,Automotive Parts,Road,2023-11-17,2023-11-20,2023-11-20,0,0.211,0.203,0.074,159.7,506.6,479.3,5446.48,0
ORD-105358,SUP-023,0.548,Middle East/Africa,Textiles,Rail,2023-11-28,2023-12-05,2023-12-06,1,0.341,0.084,0.052,599.6,401.1,375.4,5138.2,0
ORD-105359,SUP-001,0.823,Europe,FMCG,Road,2023-01-27,2023-01-31,2023-02-05,5,0.739,0.207,0.02,496.7,436.6,431.4,13549.24,1
ORD-105360,SUP-021,0.656,Latin America,Machinery,Sea,2023-02-05,2023-02-28,2023-02-28,0,0.346,0.0,0.084,562.4,383.6,311.7,11404.69,0
ORD-105361,SUP-039,0.777,Middle East/Africa,Machinery,Air,2023-07-23,2023-07-27,2023-07-27,0,0.566,0.427,0.017,734.5,361.6,461.7,2150.17,0
ORD-105362,SUP-020,0.762,Asia Pacific,Automotive Parts,Rail,2023-03-17,2023-03-25,2023-03-30,5,0.311,0.426,0.006,704.6,385.6,395.8,6347.85,1
ORD-105363,SUP-011,0.936,Latin America,Textiles,Rail,2023-09-21,2023-09-27,2023-09-27,0,0.57,0.198,0.055,485.0,338.3,312.6,4940.33,0
ORD-105364,SUP-008,0.711,Europe,Textiles,Air,2023-02-01,2023-02-03,2023-02-04,1,0.151,0.165,0.099,446.2,376.6,462.0,4935.33,0
ORD-105365,SUP-035,0.443,Asia Pacific,Electronics,Road,2024-05-07,2024-05-12,2024-05-12,0,0.0,0.204,0.084,278.0,451.9,468.9,3481.64,0
ORD-105366,SUP-025,0.704,Europe,Electronics,Sea,2024-03-21,2024-04-10,2024-04-21,11,0.502,0.129,0.202,401.0,225.1,240.5,3804.28,1
ORD-105367,SUP-021,0.656,Asia Pacific,Textiles,Rail,2023-06-22,2023-06-30,2023-06-30,0,0.343,0.028,0.042,80.3,496.6,539.1,12329.59,0
ORD-105368,SUP-011,0.936,Europe,Pharma,Road,2023-11-14,2023-11-17,2023-11-17,0,0.473,0.173,0.093,126.1,408.2,379.7,5498.36,0
ORD-105369,SUP-024,0.818,Latin America,FMCG,Road,2023-06-26,2023-06-30,2023-07-01,1,0.418,0.25,0.082,210.7,378.1,323.3,7048.46,0
ORD-105370,SUP-008,0.711,Middle East/Africa,Pharma,Rail,2023-01-19,2023-01-25,2023-02-04,10,0.541,0.283,0.08,562.8,582.8,550.6,1862.88,1
ORD-105371,SUP-007,0.877,Asia Pacific,Electronics,Road,2023-04-15,2023-04-18,2023-04-20,2,0.564,0.0,0.023,561.6,696.2,654.0,3829.81,0
ORD-105372,SUP-014,0.805,North America,Machinery,Sea,2023-02-07,2023-02-28,2023-03-01,1,0.163,0.081,0.182,618.5,328.8,345.6,5254.63,0
ORD-105373,SUP-036,0.714,Asia Pacific,Machinery,Air,2024-01-07,2024-01-11,2024-01-21,10,0.261,0.268,0.053,403.8,276.2,271.4,3513.7,1
ORD-105374,SUP-004,0.652,Europe,Machinery,Rail,2024-08-19,2024-08-28,2024-09-13,16,0.418,0.011,0.039,534.9,410.4,506.1,3705.17,1
ORD-105375,SUP-030,0.76,Europe,FMCG,Rail,2023-10-12,2023-10-21,2023-10-21,0,0.747,0.47,0.047,566.7,646.5,725.8,5057.61,0
ORD-105376,SUP-008,0.711,North America,Pharma,Road,2023-06-30,2023-07-06,2023-07-22,16,0.654,0.31,0.018,521.5,538.6,570.8,3393.96,1
ORD-105377,SUP-006,0.63,Middle East/Africa,Machinery,Sea,2023-12-17,2024-01-06,2024-01-09,3,0.375,0.326,0.633,463.1,695.5,633.2,5819.19,1
ORD-105378,SUP-025,0.704,Europe,FMCG,Sea,2023-09-30,2023-10-21,2023-11-01,11,0.693,0.295,0.24,721.5,516.9,529.3,2763.11,1
ORD-105379,SUP-011,,Asia Pacific,Electronics,Road,2023-12-27,2023-12-30,2024-01-02,3,0.061,0.26,0.033,392.1,473.1,544.3,3109.13,1
ORD-105380,SUP-026,0.782,Latin America,FMCG,Road,2023-12-09,2023-12-14,2023-12-14,0,0.383,0.406,0.091,582.8,392.9,500.8,2776.01,0
ORD-105381,SUP-015,0.574,Middle East/Africa,FMCG,Road,2023-08-16,2023-08-20,2023-09-07,18,0.452,0.253,0.1,520.0,437.3,370.4,23153.62,1
ORD-105382,SUP-037,0.757,Middle East/Africa,Textiles,Road,2023-04-02,2023-04-06,2023-04-06,0,0.122,0.185,0.03,673.8,639.7,716.8,4319.9,0
ORD-105383,SUP-028,0.644,Europe,Electronics,Air,2024-04-13,2024-04-16,2024-04-17,1,0.065,0.372,0.089,344.8,281.4,289.8,3421.45,0
ORD-105384,SUP-028,0.644,North America,Automotive Parts,Road,2023-09-27,2023-09-30,2023-09-30,0,0.441,0.329,0.069,445.3,261.9,339.2,5938.04,0
ORD-105385,SUP-010,0.898,North America,Automotive Parts,Sea,2023-10-06,2023-10-27,2023-10-27,0,0.285,0.205,0.214,324.6,330.3,343.5,7549.09,0
ORD-105386,SUP-033,0.8,Latin America,Pharma,Road,2024-04-28,2024-05-04,2024-05-04,0,0.231,0.085,0.099,283.0,603.4,617.3,9998.97,0
ORD-105387,SUP-025,0.704,Europe,Textiles,Sea,2023-10-12,2023-11-03,2023-11-04,1,0.146,0.424,0.166,572.4,606.1,522.2,7643.76,0
ORD-105388,SUP-014,0.805,Europe,Electronics,Sea,2023-02-20,2023-03-12,2023-03-14,2,0.142,0.236,0.372,665.2,616.0,636.6,2372.76,0
ORD-105389,SUP-004,0.652,Europe,Automotive Parts,Rail,2024-04-15,2024-04-22,2024-04-22,0,0.303,0.054,0.049,700.5,385.0,358.9,2198.45,0
ORD-105390,SUP-037,0.757,Latin America,Automotive Parts,Rail,2024-06-21,2024-06-27,2024-07-02,5,0.337,0.276,0.041,675.4,160.7,130.9,4194.49,1
ORD-105391,SUP-027,0.793,North America,Machinery,Air,2024-01-25,2024-01-27,2024-02-05,9,0.073,0.226,0.037,547.2,380.2,411.7,10427.07,1
ORD-105392,SUP-007,0.877,Latin America,Textiles,Rail,2024-02-23,2024-03-02,2024-03-02,0,0.423,0.296,0.032,329.4,447.4,530.2,13798.15,0
ORD-105393,SUP-003,0.783,Middle East/Africa,Automotive Parts,Road,2024-08-26,2024-08-31,2024-09-11,11,0.741,0.356,0.029,821.0,575.7,442.2,4602.64,1
ORD-105394,SUP-007,0.877,Asia Pacific,Electronics,Road,2024-08-20,2024-08-25,2024-09-08,14,0.05,0.326,0.011,478.2,207.7,204.7,7648.55,1
ORD-105395,SUP-024,0.818,North America,Machinery,Road,2023-01-10,2023-01-13,2023-01-13,0,0.413,0.457,0.076,803.4,307.2,304.5,6984.4,0
ORD-105396,SUP-038,0.957,Asia Pacific,Textiles,Air,2023-03-03,2023-03-08,2023-03-08,0,0.43,0.342,0.012,481.9,483.5,451.7,8623.4,0
ORD-105397,SUP-015,0.574,Europe,FMCG,Sea,2023-09-21,2023-10-13,2023-10-13,0,0.4,0.434,0.254,470.1,665.7,581.9,2482.73,0
ORD-105398,SUP-006,0.63,North America,Pharma,Air,2023-05-19,2023-05-23,2023-05-23,0,0.301,0.099,0.001,356.0,424.3,393.8,8638.1,0
ORD-105399,SUP-017,0.619,Europe,Automotive Parts,Rail,2024-01-01,2024-01-08,2024-01-08,0,0.465,0.059,0.082,406.0,480.6,420.1,4388.41,0
ORD-105400,SUP-020,0.762,North America,Pharma,Road,2023-01-20,2023-01-24,2023-02-02,9,0.182,0.207,0.045,637.5,485.3,543.4,6543.79,1
ORD-105401,SUP-035,0.443,Middle East/Africa,Textiles,Road,2023-10-10,2023-10-13,2023-10-13,0,0.16,0.182,0.047,232.3,262.7,298.8,3447.51,0
ORD-105402,SUP-019,0.75,Asia Pacific,Pharma,Road,2024-09-20,2024-09-26,2024-09-26,0,0.3,0.237,0.036,706.5,621.4,434.5,11520.26,0
ORD-105403,SUP-025,0.704,Europe,Pharma,Road,2023-02-14,2023-02-20,2023-02-27,7,0.209,0.0,0.042,311.7,616.5,566.2,2028.38,1
ORD-105404,SUP-009,0.768,Asia Pacific,Machinery,Air,2024-06-14,2024-06-17,2024-06-17,0,0.158,0.14,0.002,457.6,383.0,413.9,5643.35,0
ORD-105405,SUP-010,0.898,Middle East/Africa,Pharma,Rail,2024-04-30,2024-05-08,2024-05-08,0,0.0,0.291,0.066,520.4,267.1,271.6,1972.74,0
ORD-105406,SUP-001,0.823,Asia Pacific,Machinery,Sea,2023-02-21,2023-03-13,2023-03-13,0,0.078,0.272,0.483,722.5,418.7,418.2,1626.28,0
ORD-105407,SUP-011,0.936,North America,FMCG,Road,2024-02-03,2024-02-09,2024-02-09,0,0.602,0.034,0.011,605.1,346.2,281.7,3018.66,0
ORD-105408,SUP-012,0.612,Latin America,Pharma,Road,2023-07-04,2023-07-07,2023-07-07,0,0.161,0.247,0.041,358.4,616.5,525.4,4304.94,0
ORD-105409,SUP-038,0.957,Middle East/Africa,Machinery,Road,2024-05-06,2024-05-10,2024-05-10,0,0.653,0.285,0.095,749.7,557.0,623.9,5239.55,0
ORD-105410,SUP-016,0.842,Middle East/Africa,Automotive Parts,Road,2024-07-13,2024-07-19,2024-07-20,1,0.353,0.017,0.052,196.4,379.6,387.1,4289.73,0
ORD-105411,SUP-029,0.765,Middle East/Africa,Machinery,Sea,2023-12-11,2023-12-31,2024-01-01,1,0.337,0.232,0.04,411.7,189.1,178.3,9051.09,0
ORD-105412,SUP-005,0.967,Middle East/Africa,Automotive Parts,Sea,2023-02-26,2023-03-21,2023-03-22,1,0.274,0.282,0.26,264.3,370.8,349.7,4993.64,0
ORD-105413,SUP-008,0.711,Europe,Machinery,Road,2023-09-29,2023-10-03,2023-10-04,1,0.398,0.269,0.072,622.5,449.5,365.9,9055.87,0
ORD-105414,SUP-003,0.783,Middle East/Africa,Pharma,Road,2024-01-26,2024-01-30,2024-01-30,0,0.35,0.045,0.014,418.6,232.8,179.2,4222.51,0
ORD-105415,SUP-035,0.443,Latin America,Automotive Parts,Road,2023-05-15,2023-05-19,2023-05-19,0,0.064,0.001,0.007,662.2,416.4,458.1,5174.98,0
ORD-105416,SUP-020,0.762,North America,Electronics,Sea,2023-08-05,2023-08-28,2023-08-28,0,0.31,0.278,0.359,303.9,542.2,686.6,2056.63,0
ORD-105417,SUP-003,0.783,Latin America,Pharma,Road,2023-08-17,2023-08-22,2023-08-23,1,0.183,0.094,0.008,295.7,670.0,426.1,7491.12,0
ORD-105418,SUP-013,0.8,Europe,Textiles,Sea,2024-07-15,2024-08-06,2024-08-06,0,0.349,0.177,0.294,280.4,571.1,500.3,6972.8,0
ORD-105419,SUP-036,0.714,Europe,Automotive Parts,Rail,2024-04-17,2024-04-26,2024-04-26,0,0.063,0.397,0.046,671.8,349.7,409.0,5470.13,0
ORD-105420,SUP-010,0.898,Asia Pacific,Electronics,Road,2023-01-16,2023-01-20,2023-01-20,0,0.276,0.015,0.097,485.8,486.9,394.0,2271.87,0
ORD-105421,SUP-008,0.711,Asia Pacific,Textiles,Road,2023-07-16,2023-07-22,2023-07-22,0,0.27,0.29,0.005,478.2,359.3,510.2,3897.17,0
ORD-105422,SUP-024,0.818,North America,Electronics,Air,2023-11-13,2023-11-17,2023-11-17,0,0.003,0.044,0.069,771.2,329.4,239.7,5353.7,0
ORD-105423,SUP-031,0.712,Europe,Automotive Parts,Road,2023-01-16,2023-01-19,2023-01-19,0,0.439,0.193,0.018,463.6,427.9,469.2,2146.77,0
ORD-105424,SUP-004,0.652,Middle East/Africa,Pharma,Air,2023-05-14,2023-05-19,2023-05-19,0,0.056,0.314,0.053,618.8,316.8,325.9,878.16,0
ORD-105425,SUP-033,0.8,Europe,Machinery,Sea,2024-08-02,2024-08-24,2024-08-24,0,0.232,0.065,0.199,375.5,478.6,381.1,2522.14,0
ORD-105426,SUP-017,0.619,Europe,Automotive Parts,Sea,2023-09-16,2023-10-08,2023-10-09,1,0.027,0.182,0.2,1052.7,361.1,344.8,4986.37,0
ORD-105427,SUP-030,0.76,North America,Pharma,Rail,2024-02-16,2024-02-24,2024-02-24,0,0.0,0.345,0.022,574.0,352.5,348.5,11161.8,0
ORD-105428,SUP-036,0.714,Latin America,Textiles,Rail,2023-11-30,2023-12-07,2023-12-07,0,0.212,0.16,0.032,548.6,335.4,386.6,6748.27,0
ORD-105429,SUP-006,0.63,Asia Pacific,Automotive Parts,Rail,2023-08-24,2023-08-30,2023-08-30,0,0.2,0.31,0.03,633.1,584.7,733.5,2996.15,0
ORD-105430,SUP-020,0.762,Latin America,Textiles,Road,2024-04-18,2024-04-21,2024-04-21,0,0.71,0.005,0.062,746.2,528.0,505.8,5945.9,0
ORD-105431,SUP-037,0.757,North America,Automotive Parts,Road,2024-07-04,2024-07-08,2024-07-08,0,0.432,0.316,0.066,470.1,568.2,607.2,11574.32,0
ORD-105432,SUP-009,0.768,Europe,Automotive Parts,Sea,2023-01-11,2023-01-31,2023-02-10,10,0.476,0.001,0.272,352.5,290.4,304.5,9476.91,1
ORD-105433,SUP-018,0.727,Europe,FMCG,Road,2023-03-26,2023-04-01,2023-04-01,0,0.116,0.238,0.02,344.3,505.2,371.8,4091.35,0
ORD-105434,SUP-012,0.612,Latin America,Automotive Parts,Road,2023-03-26,2023-03-30,2023-03-30,0,0.106,0.533,0.039,387.9,449.7,415.4,3554.27,0
ORD-105435,SUP-002,0.788,Europe,Pharma,Road,2023-07-17,2023-07-20,2023-07-24,4,0.774,0.23,0.018,587.8,294.8,290.6,3658.95,1
ORD-105436,SUP-015,0.574,Asia Pacific,Pharma,Road,2023-06-10,2023-06-13,2023-06-13,0,0.44,0.392,0.02,475.3,709.0,646.0,3524.68,0
ORD-105437,SUP-010,0.898,Middle East/Africa,FMCG,Road,2023-12-03,2023-12-09,2023-12-09,0,0.493,0.338,0.082,371.2,401.2,414.5,1477.77,0
ORD-105438,SUP-033,0.8,North America,Electronics,Road,2023-01-18,2023-01-24,2023-01-24,0,0.259,0.136,0.065,626.1,421.5,464.2,6154.42,0
ORD-105439,SUP-003,0.783,Latin America,Textiles,Road,2024-03-21,2024-03-24,2024-03-24,0,0.19,0.073,0.023,423.4,490.1,422.6,2492.87,0
ORD-105440,SUP-018,0.727,Europe,Machinery,Air,2023-06-26,2023-06-28,2023-06-28,0,,0.019,0.028,244.0,337.9,305.8,15472.65,0
ORD-105441,SUP-014,0.805,Middle East/Africa,Electronics,Road,2023-12-26,2023-12-30,2023-12-30,0,0.057,0.34,0.091,489.9,431.0,372.2,9739.57,0
ORD-105442,SUP-034,0.576,Latin America,FMCG,Rail,2024-08-05,2024-08-12,2024-08-12,0,0.037,0.227,0.048,391.8,624.7,715.6,1987.43,0
ORD-105443,SUP-033,0.8,Middle East/Africa,Textiles,Road,2023-03-26,2023-04-01,2023-04-01,0,0.558,0.258,0.02,326.1,509.5,555.8,10708.13,0
ORD-105444,SUP-001,0.823,Latin America,Machinery,Sea,2024-02-01,2024-02-24,2024-02-27,3,0.459,0.142,0.0,380.8,510.7,349.6,8752.09,1
ORD-105445,SUP-036,0.714,North America,Pharma,Rail,2023-02-17,2023-02-24,2023-02-25,1,0.0,0.0,0.039,618.9,514.2,504.6,5955.64,0
ORD-105446,SUP-031,0.712,Latin America,FMCG,Rail,2023-12-20,2023-12-26,2023-12-26,0,0.411,0.374,0.054,524.2,529.3,547.4,4849.18,0
ORD-105447,SUP-002,0.788,Europe,Pharma,Rail,2023-11-10,2023-11-16,2023-11-20,4,0.257,0.365,0.087,519.5,487.0,533.1,11039.62,1
ORD-105448,SUP-005,0.967,North America,FMCG,Road,2023-12-23,2023-12-26,2023-12-26,0,0.473,0.271,0.021,440.0,344.6,310.2,3300.11,0
ORD-105449,SUP-017,0.619,North America,FMCG,Sea,2023-06-23,2023-07-13,2023-07-13,0,0.396,0.239,0.132,554.8,326.4,302.6,19223.53,0
ORD-105450,SUP-035,0.443,North America,FMCG,Air,2023-09-14,2023-09-18,2023-09-23,5,0.31,0.221,0.044,562.5,308.7,307.7,6613.89,1
ORD-105451,SUP-039,0.777,Middle East/Africa,FMCG,Air,2024-01-01,2024-01-04,2024-01-04,0,0.345,0.174,0.016,458.8,310.4,286.1,5050.14,0
ORD-105452,SUP-014,0.805,Latin America,Electronics,Sea,2024-05-19,2024-06-10,2024-06-10,0,0.334,0.144,0.383,284.0,389.7,424.2,6508.4,0
ORD-105453,SUP-021,0.656,Latin America,FMCG,Rail,2023-08-17,2023-08-25,2023-08-25,0,0.221,0.298,0.093,684.8,493.7,509.3,2259.16,0
ORD-105454,SUP-010,0.898,North America,Automotive Parts,Rail,2024-02-28,2024-03-07,2024-03-07,0,0.388,0.373,0.073,363.4,434.1,328.8,4004.05,0
ORD-105455,SUP-019,0.75,Middle East/Africa,Textiles,Rail,2023-10-26,2023-11-01,2023-11-01,0,0.165,0.212,0.091,707.6,266.1,308.1,4749.84,0
ORD-105456,SUP-007,0.877,North America,Electronics,Sea,2024-09-28,2024-10-19,2024-10-20,1,0.352,0.303,0.549,509.5,589.9,665.0,5109.16,0
ORD-105457,SUP-024,0.818,Latin America,Machinery,Air,2023-11-07,2023-11-09,2023-11-09,0,0.317,0.079,0.093,538.2,302.9,305.6,2775.84,0
ORD-105458,SUP-020,0.762,Latin America,Machinery,Road,2023-06-20,2023-06-24,2023-07-02,8,0.583,0.0,0.025,454.1,459.6,445.6,7481.01,1
ORD-105459,SUP-021,0.656,Asia Pacific,Machinery,Sea,2023-09-13,2023-10-03,2023-10-03,0,0.0,0.106,0.546,604.7,352.5,321.5,2369.36,0
ORD-105460,SUP-011,0.936,Asia Pacific,FMCG,Sea,2023-07-16,2023-08-07,2023-08-08,1,0.333,0.228,0.052,465.1,473.8,540.5,8232.91,1
ORD-105461,SUP-017,0.619,Middle East/Africa,Pharma,Road,2023-05-17,2023-05-21,2023-05-21,0,0.072,0.162,0.051,669.9,255.8,246.0,1903.72,0
ORD-105462,SUP-002,0.788,North America,Machinery,Rail,2024-02-07,2024-02-15,2024-02-21,6,0.042,0.62,0.044,303.2,430.8,419.2,2845.22,1
ORD-105463,SUP-017,0.619,Asia Pacific,FMCG,Road,2023-05-11,2023-05-16,2023-05-19,3,0.365,0.293,0.036,606.9,585.1,475.1,5423.25,1
ORD-105464,SUP-005,0.967,Asia Pacific,Pharma,Air,2024-06-18,2024-06-22,2024-06-22,0,,0.346,0.011,450.5,610.2,649.8,3318.88,0
ORD-105465,SUP-027,0.793,Latin America,Textiles,Sea,2024-07-18,2024-08-08,2024-08-17,9,0.234,0.0,0.151,456.3,472.5,432.1,9597.66,1
ORD-105466,SUP-033,0.8,Europe,FMCG,Sea,2023-02-21,2023-03-13,2023-03-13,0,0.32,0.127,0.403,369.2,313.6,265.1,2094.77,0
ORD-105467,SUP-020,0.762,Latin America,Pharma,Sea,2023-09-23,2023-10-13,2023-10-13,0,0.466,0.041,0.232,287.3,537.4,475.2,10011.22,0
ORD-105468,SUP-027,0.793,North America,Electronics,Rail,2024-09-25,2024-10-02,2024-10-02,0,0.023,0.231,0.082,571.4,405.7,366.4,7130.96,0
ORD-105469,SUP-024,0.818,Asia Pacific,Automotive Parts,Road,2024-05-17,2024-05-20,2024-05-23,3,0.403,0.454,0.046,496.9,491.7,434.0,3173.61,1
ORD-105470,SUP-026,0.782,North America,Electronics,Sea,2023-11-09,2023-12-02,2023-12-10,8,0.345,0.319,0.15,442.6,350.7,425.3,7615.46,1
ORD-105471,SUP-013,0.8,Asia Pacific,Electronics,Road,2023-05-12,2023-05-18,2023-05-18,0,0.296,0.123,0.008,372.5,437.3,386.5,11965.77,0
ORD-105472,SUP-025,0.704,Europe,Machinery,Road,2023-10-31,2023-11-05,2023-11-05,0,0.286,0.251,0.061,413.4,556.3,669.6,2739.25,0
ORD-105473,SUP-017,0.619,Europe,Textiles,Rail,2023-05-20,2023-05-29,2023-05-31,2,0.305,0.304,0.089,447.3,390.4,441.5,1598.79,0
ORD-105474,SUP-013,0.8,Middle East/Africa,FMCG,Road,2024-07-02,2024-07-06,2024-07-07,1,0.386,0.362,0.051,311.1,549.4,352.6,2695.47,0
ORD-105475,SUP-007,0.877,Middle East/Africa,Electronics,Rail,2023-12-06,2023-12-15,2023-12-15,0,0.154,0.207,0.062,462.1,719.2,675.4,3918.47,0
ORD-105476,SUP-007,0.877,Asia Pacific,Pharma,Road,2023-08-13,2023-08-18,2023-08-19,1,0.196,0.242,0.078,405.7,594.4,646.5,4846.87,0
ORD-105477,SUP-016,0.842,Europe,Automotive Parts,Sea,2024-01-03,2024-01-26,2024-01-26,0,0.074,0.415,0.292,377.0,261.3,177.6,5301.67,0
ORD-105478,SUP-025,0.704,Latin America,FMCG,Sea,2023-03-24,2023-04-15,2023-04-15,0,0.0,0.173,0.203,507.2,213.3,181.9,4457.75,0
ORD-105479,SUP-032,0.702,North America,Pharma,Rail,2023-01-25,2023-02-01,2023-02-01,0,0.57,0.603,0.023,664.2,627.0,545.7,5923.33,0
ORD-105480,SUP-021,0.656,Latin America,Textiles,Road,2024-02-19,2024-02-22,2024-02-22,0,0.248,0.327,0.035,336.5,323.2,298.6,4880.73,0
ORD-105481,SUP-018,0.727,Middle East/Africa,Machinery,Road,2024-04-27,2024-04-30,2024-05-13,13,0.164,0.538,0.006,909.6,362.3,366.0,2488.81,1
ORD-105482,SUP-034,0.576,Middle East/Africa,Pharma,Air,2023-01-31,2023-02-05,2023-02-05,0,0.483,0.23,0.094,551.2,547.6,439.9,4085.53,0
ORD-105483,SUP-031,0.712,Latin America,Machinery,Air,2023-04-06,2023-04-09,2023-04-13,4,0.042,0.243,0.044,773.8,380.4,491.8,4070.38,1
ORD-105484,SUP-002,0.788,Middle East/Africa,FMCG,Sea,2024-05-20,2024-06-10,2024-06-16,6,0.477,0.498,0.191,376.8,444.1,528.2,10526.91,1
ORD-105485,SUP-024,0.818,North America,Pharma,Sea,2023-07-15,2023-08-06,2023-08-06,0,0.61,0.228,0.147,603.8,460.1,452.8,7523.2,0
ORD-105486,SUP-038,0.957,Latin America,FMCG,Sea,2023-12-15,2024-01-07,2024-01-07,0,0.302,0.15,0.467,301.7,638.6,725.6,11218.2,0
ORD-105487,SUP-028,0.644,Middle East/Africa,Electronics,Road,2023-08-22,2023-08-27,2023-08-27,0,0.404,0.0,0.048,547.2,297.1,362.7,3851.29,0
ORD-105488,SUP-018,0.727,Europe,Electronics,Road,2024-01-12,2024-01-16,2024-01-17,1,0.558,0.451,0.015,391.7,578.4,641.2,4873.85,1
ORD-105489,SUP-038,0.957,Asia Pacific,Pharma,Sea,2023-03-10,2023-04-02,2023-04-03,1,0.259,0.325,0.247,138.8,436.7,314.8,4792.79,0
ORD-105490,SUP-031,0.712,Europe,Machinery,Air,2023-02-22,2023-02-25,2023-02-25,0,0.397,0.109,0.009,777.2,551.8,659.2,3448.86,0
ORD-105491,SUP-005,0.967,Middle East/Africa,FMCG,Sea,2024-01-17,2024-02-07,2024-02-07,0,0.217,0.507,0.301,567.9,283.6,292.5,3530.82,0
ORD-105492,SUP-026,0.782,Asia Pacific,Electronics,Rail,2024-02-22,2024-02-28,2024-02-28,0,0.271,0.215,0.056,661.9,391.1,364.5,3819.8,0
ORD-105493,SUP-036,0.714,Latin America,Automotive Parts,Road,2024-01-08,2024-01-13,2024-01-13,0,0.602,0.319,0.018,300.5,323.1,288.4,12373.68,0
ORD-105494,SUP-014,0.805,Latin America,Pharma,Sea,2023-02-28,2023-03-20,2023-03-20,0,0.276,0.45,0.0,389.0,373.8,374.3,2200.07,0
ORD-105495,SUP-035,0.443,Asia Pacific,Textiles,Air,2023-09-30,2023-10-03,2023-10-03,0,0.173,0.278,0.024,325.7,668.2,705.9,4032.82,0
ORD-105496,SUP-004,0.652,Middle East/Africa,Pharma,Road,2024-03-09,2024-03-12,2024-03-12,0,0.345,0.064,0.042,542.9,591.8,656.4,5506.67,0
ORD-105497,SUP-014,0.805,Europe,Textiles,Sea,2023-09-25,2023-10-17,2023-10-18,1,0.138,0.0,0.135,641.8,459.0,397.7,3565.7,0
ORD-105498,SUP-037,0.757,Europe,Electronics,Road,2024-04-25,2024-05-01,2024-05-01,0,0.702,0.09,0.054,720.1,543.6,398.0,6184.3,0
ORD-105499,SUP-024,0.818,Middle East/Africa,Machinery,Road,2023-10-23,2023-10-26,2023-10-27,1,0.327,0.365,0.034,636.2,378.4,254.3,4397.71,0
ORD-105500,SUP-004,0.652,Latin America,Textiles,Rail,2023-06-22,2023-07-01,2023-07-01,0,0.467,0.0,0.063,511.9,401.6,284.2,4695.78,0
ORD-105501,SUP-006,0.63,North America,Automotive Parts,Road,2024-05-01,2024-05-06,2024-05-06,0,0.076,0.377,0.099,561.1,235.4,237.9,1570.62,0
ORD-105502,SUP-004,0.652,North America,Textiles,Sea,2024-05-30,2024-06-19,2024-06-19,0,0.366,0.113,0.531,575.8,288.2,294.8,3445.72,0
ORD-105503,SUP-020,0.762,Latin America,Machinery,Road,2023-08-23,2023-08-27,2023-09-10,14,0.186,0.154,0.057,517.8,472.9,445.9,14629.26,1
ORD-105504,SUP-034,0.576,Asia Pacific,FMCG,Road,2024-07-02,2024-07-07,2024-07-10,3,0.4,0.093,0.1,474.6,326.4,343.1,8347.45,1
ORD-105505,SUP-012,0.612,North America,Machinery,Sea,2023-12-21,2024-01-10,2024-01-10,0,,0.122,0.504,560.3,322.5,318.4,3147.6,0
ORD-105506,SUP-033,0.8,Latin America,Automotive Parts,Air,2024-07-22,2024-07-25,2024-07-25,0,0.418,0.064,0.05,951.5,375.7,312.3,2126.71,0
ORD-105507,SUP-020,0.762,Europe,Machinery,Air,2023-02-20,2023-02-24,2023-02-24,0,0.015,0.305,0.024,545.1,545.4,586.6,12265.13,0
ORD-105508,SUP-016,0.842,Middle East/Africa,Automotive Parts,Sea,2023-05-09,2023-06-01,2023-06-02,1,0.066,0.186,0.198,247.5,281.1,339.8,13689.48,0
ORD-105509,SUP-002,0.788,Middle East/Africa,Machinery,Sea,2024-05-11,2024-06-02,2024-06-02,0,0.09,0.312,0.068,551.8,600.7,551.1,1724.53,0
ORD-105510,SUP-003,0.783,North America,Electronics,Sea,2023-03-19,2023-04-08,2023-04-09,1,0.336,0.338,0.125,567.6,420.9,429.4,4482.22,0
ORD-105511,SUP-011,0.936,Middle East/Africa,Textiles,Road,2023-05-30,2023-06-05,2023-06-05,0,0.183,0.529,0.092,498.8,564.7,610.3,1787.98,0
ORD-105512,SUP-011,0.936,Asia Pacific,FMCG,Rail,2023-06-11,2023-06-18,2023-06-23,5,0.371,0.643,0.068,275.1,487.2,390.2,3393.32,1
ORD-105513,SUP-016,0.842,Asia Pacific,Automotive Parts,Road,2023-06-04,2023-06-08,2023-06-08,0,0.254,0.0,0.057,316.1,358.8,292.5,1223.57,0
ORD-105514,SUP-012,0.612,North America,Machinery,Road,2023-08-05,2023-08-08,2023-08-08,0,0.312,0.063,0.011,645.2,230.8,170.4,4493.05,0
ORD-105515,SUP-032,0.702,Europe,Machinery,Sea,2024-01-28,2024-02-18,2024-02-18,0,0.229,0.255,0.445,408.8,615.9,691.1,8224.04,0
ORD-105516,SUP-032,0.702,Middle East/Africa,Electronics,Rail,2023-11-09,2023-11-18,2023-11-20,2,0.0,0.116,0.018,442.7,561.1,754.1,4486.39,0
ORD-105517,SUP-012,0.612,North America,Pharma,Air,2024-05-02,2024-05-05,2024-05-05,0,0.391,0.452,0.059,616.3,393.9,427.4,2527.44,0
ORD-105518,SUP-015,0.574,Asia Pacific,Electronics,Air,2023-07-08,2023-07-11,2023-07-17,6,0.16,0.136,0.031,169.4,595.6,669.7,6874.02,1
ORD-105519,SUP-015,0.574,Middle East/Africa,FMCG,Sea,2023-10-28,2023-11-17,2023-11-17,0,0.459,0.126,0.079,522.0,455.1,489.5,5927.66,0
ORD-105520,SUP-029,0.765,North America,Electronics,Sea,2024-04-14,2024-05-04,2024-05-10,6,0.422,0.227,0.021,329.2,626.8,750.3,2576.1,1
ORD-105521,SUP-027,0.793,Asia Pacific,Electronics,Rail,2023-06-07,2023-06-16,2023-06-16,0,0.358,0.328,0.04,628.1,523.2,449.1,2345.29,0
ORD-105522,SUP-009,0.768,Latin America,FMCG,Road,2024-07-30,2024-08-02,2024-08-02,0,0.191,0.202,0.07,498.0,393.8,448.5,10533.26,0
ORD-105523,SUP-002,0.788,North America,Textiles,Road,2024-04-06,2024-04-09,2024-04-10,1,0.315,0.335,0.005,335.7,610.2,462.6,6819.69,0
ORD-105524,SUP-012,0.612,Middle East/Africa,Textiles,Road,2023-10-27,2023-11-01,2023-11-02,1,0.219,0.233,0.063,448.3,490.1,493.2,9672.25,0
ORD-105525,SUP-004,0.652,North America,Textiles,Road,2024-04-26,2024-05-01,2024-05-01,0,0.0,0.159,0.04,343.1,224.8,254.3,11414.95,0
ORD-105526,SUP-005,0.967,Middle East/Africa,FMCG,Road,2024-05-07,2024-05-10,2024-05-10,0,0.349,0.271,0.1,519.5,423.6,390.1,10191.64,0
ORD-105527,SUP-013,0.8,Middle East/Africa,Electronics,Road,2023-12-15,2023-12-19,2023-12-19,0,0.341,0.297,0.012,727.8,381.7,402.3,2068.71,0
ORD-105528,SUP-018,0.727,Europe,FMCG,Road,2024-06-08,2024-06-13,2024-06-15,2,0.13,0.218,0.036,796.4,577.4,603.1,12873.5,0
ORD-105529,SUP-022,0.872,North America,FMCG,Road,2023-07-13,2023-07-18,2023-07-18,0,0.029,0.263,0.048,650.6,327.3,283.4,5470.91,0
ORD-105530,SUP-040,0.607,Latin America,FMCG,Air,2024-02-22,2024-02-24,2024-02-24,0,0.716,0.453,0.026,292.6,296.8,279.9,4309.6,0
ORD-105531,SUP-029,0.765,Europe,Automotive Parts,Sea,2023-06-04,2023-06-26,2023-06-26,0,0.173,0.335,0.19,573.9,736.7,881.9,6630.25,0
ORD-105532,SUP-034,0.576,Middle East/Africa,Automotive Parts,Road,2024-07-25,2024-07-29,2024-07-29,0,0.261,0.112,0.01,799.9,355.5,417.2,3752.02,0
ORD-105533,SUP-017,0.619,Asia Pacific,FMCG,Road,2023-04-11,2023-04-14,2023-04-21,7,0.191,0.25,0.079,316.5,415.7,443.0,13368.18,1
ORD-105534,SUP-006,0.63,North America,Pharma,Road,2024-08-31,2024-09-04,2024-09-04,0,0.204,0.547,0.024,500.9,450.0,555.4,6430.14,0
ORD-105535,SUP-004,0.652,Asia Pacific,FMCG,Road,2023-01-20,2023-01-26,2023-01-26,0,0.285,0.125,0.033,723.0,503.3,486.1,5015.18,0
ORD-105536,SUP-022,0.872,Middle East/Africa,Electronics,Road,2023-11-23,2023-11-29,2023-11-29,0,0.35,0.258,0.095,447.0,399.2,415.3,19690.14,0
ORD-105537,SUP-030,0.76,Europe,Automotive Parts,Air,2024-06-20,2024-06-22,2024-06-23,1,0.085,0.206,0.015,697.9,518.6,588.4,3618.13,0
ORD-105538,SUP-026,0.782,Middle East/Africa,Pharma,Air,2023-12-02,2023-12-05,2023-12-05,0,0.481,0.244,0.08,464.5,395.6,293.0,8383.5,0
ORD-105539,SUP-036,0.714,Middle East/Africa,Automotive Parts,Rail,2024-07-09,2024-07-17,2024-07-26,9,0.144,0.282,0.086,710.8,490.1,575.5,7528.89,1
ORD-105540,SUP-009,0.768,Latin America,Pharma,Sea,2023-09-14,2023-10-07,2023-10-23,16,0.206,0.148,0.116,552.3,338.7,388.4,13578.09,1
ORD-105541,SUP-004,0.652,Asia Pacific,Pharma,Road,2023-01-25,2023-01-28,2023-01-28,0,0.401,0.274,0.094,556.1,350.8,382.4,3276.01,0
ORD-105542,SUP-023,0.548,Latin America,FMCG,Road,2024-01-30,2024-02-03,2024-02-03,0,0.382,0.327,0.003,324.6,490.7,506.7,2585.79,0
ORD-105543,SUP-021,0.656,North America,Automotive Parts,Air,2023-10-21,2023-10-23,2023-10-31,8,0.655,0.0,0.076,794.0,537.8,513.8,4423.79,1
ORD-105544,SUP-010,0.898,Latin America,Textiles,Rail,2023-01-31,2023-02-06,2023-02-06,0,0.354,0.437,0.011,659.8,482.4,573.4,1835.03,0
ORD-105545,SUP-023,0.548,Middle East/Africa,Pharma,Sea,2023-06-25,2023-07-15,2023-07-16,1,0.0,0.139,0.506,514.3,379.2,355.7,3667.16,0
ORD-105546,SUP-004,0.652,Europe,FMCG,Sea,2023-04-08,2023-04-30,2023-05-17,17,0.604,0.081,0.191,485.8,413.3,499.8,7021.01,1
ORD-105547,SUP-019,0.75,Middle East/Africa,Pharma,Road,2023-06-01,2023-06-07,2023-06-07,0,0.547,0.404,0.056,595.0,361.6,262.3,2682.13,0
ORD-105548,SUP-020,0.762,Middle East/Africa,Electronics,Rail,2023-12-03,2023-12-10,2023-12-10,0,0.189,0.16,0.011,337.4,228.3,195.1,7792.24,0
ORD-105549,SUP-035,,North America,Automotive Parts,Road,2023-11-03,2023-11-07,2023-11-08,1,0.778,0.167,0.013,579.6,473.1,551.1,9390.41,0
ORD-105550,SUP-020,0.762,Latin America,Automotive Parts,Road,2024-07-11,2024-07-16,2024-07-16,0,0.221,0.304,0.003,257.4,640.3,768.6,8025.85,0
ORD-105551,SUP-021,0.656,North America,Textiles,Road,2024-07-29,2024-08-01,2024-08-02,1,0.285,0.261,0.075,397.9,636.0,842.9,5171.77,1
ORD-105552,SUP-029,0.765,Latin America,Automotive Parts,Sea,2024-08-10,2024-08-31,2024-09-08,8,0.247,0.25,0.104,563.1,549.6,577.7,5388.85,1
ORD-105553,SUP-012,0.612,North America,Machinery,Road,2023-01-31,2023-02-05,2023-02-05,0,0.34,0.171,0.034,577.2,555.3,438.3,3186.24,0
ORD-105554,SUP-009,0.768,Middle East/Africa,Pharma,Road,2023-02-17,2023-02-21,2023-02-21,0,0.038,0.209,0.059,686.2,525.9,605.3,2216.1,0
ORD-105555,SUP-031,0.712,Asia Pacific,Machinery,Rail,2023-12-29,2024-01-06,2024-01-07,1,0.088,0.129,0.06,435.3,369.7,381.7,4892.84,0
ORD-105556,SUP-034,0.576,Europe,Textiles,Rail,2023-01-31,2023-02-08,2023-02-08,0,0.421,0.084,0.036,498.3,561.8,438.0,3626.35,0
ORD-105557,SUP-015,0.574,Europe,Automotive Parts,Rail,2024-07-10,2024-07-18,2024-07-22,4,0.494,0.154,0.085,586.8,587.3,687.8,3693.83,1
ORD-105558,SUP-016,0.842,Europe,Pharma,Road,2023-08-17,2023-08-23,2023-08-23,0,0.005,0.233,0.035,726.4,432.4,475.6,4221.41,0
ORD-105559,SUP-021,0.656,North America,Machinery,Sea,2024-03-27,2024-04-19,2024-04-19,0,0.0,0.062,0.208,618.1,387.4,332.5,5674.42,0
ORD-105560,SUP-011,0.936,Europe,Automotive Parts,Rail,2023-10-13,2023-10-20,2023-10-21,1,0.401,0.099,0.068,357.6,579.1,590.3,1477.08,0
ORD-105561,SUP-019,0.75,Middle East/Africa,Electronics,Road,2023-05-02,2023-05-07,2023-05-10,3,0.209,0.354,0.047,388.4,331.0,227.9,4633.42,1
ORD-105562,SUP-032,0.702,Europe,Pharma,Road,2024-08-16,2024-08-21,2024-08-21,0,0.404,0.257,0.039,465.2,503.4,616.2,2185.6,0
ORD-105563,SUP-006,0.63,Middle East/Africa,Textiles,Rail,2023-10-16,2023-10-24,2023-11-12,19,0.316,0.419,0.049,456.2,334.8,311.6,2590.99,1
ORD-105564,SUP-028,0.644,Latin America,Machinery,Road,2024-07-31,2024-08-04,2024-08-04,0,0.406,0.29,0.019,388.6,439.5,265.8,3929.82,0
ORD-105565,SUP-015,0.574,Asia Pacific,Textiles,Road,2023-08-12,2023-08-15,2023-08-15,0,0.291,0.0,0.06,413.4,469.6,459.5,2958.89,0
ORD-105566,SUP-037,0.757,Latin America,Textiles,Road,2023-03-16,2023-03-20,2023-03-20,0,0.629,0.061,0.023,513.5,460.9,203.7,6397.64,0
ORD-105567,SUP-017,0.619,Asia Pacific,Automotive Parts,Rail,2023-09-20,2023-09-27,2023-09-27,0,0.237,0.535,0.058,714.1,408.4,430.3,9012.84,0
ORD-105568,SUP-006,0.63,Asia Pacific,FMCG,Rail,2024-01-31,2024-02-08,2024-02-08,0,0.27,0.376,0.036,631.0,453.4,416.7,1918.97,0
ORD-105569,SUP-040,0.607,Latin America,FMCG,Road,2023-06-07,2023-06-12,2023-06-13,1,0.487,0.183,0.061,627.5,622.6,690.7,1922.71,0
ORD-105570,SUP-035,0.443,Latin America,Automotive Parts,Sea,2023-04-19,2023-05-11,2023-05-11,0,0.0,0.112,0.196,499.2,675.0,592.4,2534.77,0
ORD-105571,SUP-027,0.793,Middle East/Africa,Electronics,Rail,2023-03-27,2023-04-05,2023-04-08,3,0.298,0.448,0.098,429.7,241.0,263.4,3552.05,1
ORD-105572,SUP-033,0.8,Asia Pacific,Pharma,Rail,2024-10-01,2024-10-08,2024-10-08,0,0.671,0.002,0.003,363.5,459.0,512.4,5911.04,0
ORD-105573,SUP-036,0.714,Middle East/Africa,Automotive Parts,Rail,2024-08-19,2024-08-25,2024-09-03,9,0.134,0.064,0.055,292.9,284.0,295.0,3503.8,1
ORD-105574,SUP-032,0.702,Latin America,Machinery,Road,2023-03-13,2023-03-17,2023-03-17,0,0.0,0.0,0.065,384.6,370.9,494.3,4024.37,0
ORD-105575,SUP-019,0.75,Europe,Automotive Parts,Road,2024-09-26,2024-10-02,2024-10-08,6,0.0,0.376,0.086,643.2,479.4,525.2,3153.19,1
ORD-105576,SUP-004,0.652,Europe,FMCG,Sea,2023-07-21,2023-08-11,2023-08-11,0,0.264,0.034,0.41,613.2,496.9,528.9,2864.63,0
ORD-105577,SUP-035,0.443,Europe,FMCG,Air,2023-12-30,2024-01-04,2024-01-04,0,0.243,0.127,0.016,609.7,445.7,436.2,2041.93,0
ORD-105578,SUP-030,0.76,Middle East/Africa,Automotive Parts,Rail,2023-05-20,2023-05-27,2023-05-27,0,0.218,0.004,0.085,752.1,501.3,494.3,3330.55,0
ORD-105579,SUP-007,0.877,Middle East/Africa,Pharma,Road,2023-02-19,2023-02-24,2023-02-24,0,0.118,0.241,0.058,269.9,456.1,432.0,3698.82,0
ORD-105580,SUP-013,0.8,Latin America,Pharma,Road,2023-03-20,2023-03-26,2023-03-26,0,0.294,0.221,0.099,769.3,496.9,577.7,2440.71,0
ORD-105581,SUP-009,0.768,Asia Pacific,Machinery,Rail,2024-07-10,2024-07-16,2024-07-18,2,0.27,0.116,0.07,978.4,407.2,319.3,2143.61,0
ORD-105582,SUP-018,0.727,Asia Pacific,Pharma,Sea,2023-03-17,2023-04-06,2023-04-11,5,0.214,0.577,0.294,442.6,545.9,683.9,5191.32,1
ORD-105583,SUP-020,0.762,North America,Machinery,Sea,2024-02-01,2024-02-21,2024-02-28,7,0.518,0.28,0.53,771.4,471.9,536.3,14636.01,1
ORD-105584,SUP-001,0.823,Europe,Pharma,Sea,2023-02-21,2023-03-14,2023-03-14,0,0.116,0.0,0.507,261.8,543.4,513.7,7370.74,0
ORD-105585,SUP-026,0.782,Middle East/Africa,FMCG,Air,2023-01-29,2023-02-01,2023-02-01,0,0.245,0.294,0.011,280.1,473.0,532.3,6777.28,0
ORD-105586,SUP-026,0.782,North America,Automotive Parts,Sea,2024-05-20,2024-06-12,2024-06-12,0,0.194,0.11,0.357,489.9,203.2,210.5,4154.22,0
ORD-105587,SUP-011,0.936,Latin America,Automotive Parts,Road,2023-05-11,2023-05-16,2023-05-16,0,,0.163,0.094,300.6,405.7,412.4,2978.85,0
ORD-105588,SUP-024,0.818,Europe,Automotive Parts,Sea,2023-01-13,2023-02-02,2023-02-03,1,0.216,0.235,0.109,420.8,521.0,548.1,2180.28,0
ORD-105589,SUP-021,0.656,North America,Textiles,Road,2023-09-14,2023-09-17,2023-09-17,0,0.385,0.158,0.005,542.4,427.6,464.2,21624.48,0
ORD-105590,SUP-025,,Latin America,FMCG,Sea,2023-04-05,2023-04-27,2023-04-28,1,0.0,0.0,0.363,506.1,348.6,387.1,12206.54,0
ORD-105591,SUP-021,0.656,Asia Pacific,Machinery,Air,2024-04-06,2024-04-08,2024-04-16,8,0.413,0.412,0.072,598.5,489.7,542.4,2686.15,1
ORD-105592,SUP-026,0.782,Middle East/Africa,Machinery,Road,2024-07-06,2024-07-09,2024-07-09,0,0.284,0.305,0.074,488.7,458.8,491.7,2481.91,0
ORD-105593,SUP-036,0.714,Latin America,Electronics,Rail,2023-10-02,2023-10-11,2023-10-11,0,0.523,0.071,0.066,344.7,547.5,613.4,11073.35,0
ORD-105594,SUP-021,0.656,Middle East/Africa,Automotive Parts,Road,2024-01-07,2024-01-11,2024-01-12,1,0.002,0.069,0.05,464.1,585.9,478.8,3778.68,0
ORD-105595,SUP-011,0.936,Europe,Electronics,Rail,2023-06-16,2023-06-22,2023-06-22,0,0.2,0.122,0.011,388.1,142.0,117.2,13372.33,0
ORD-105596,SUP-008,0.711,Europe,Pharma,Rail,2024-06-04,2024-06-10,2024-06-10,0,0.0,0.288,0.094,548.9,346.1,346.1,1836.68,0
ORD-105597,SUP-031,0.712,Latin America,Textiles,Rail,2024-01-14,2024-01-20,2024-01-20,0,0.38,0.441,0.011,498.3,597.5,426.4,3703.48,0
ORD-105598,SUP-039,0.777,North America,FMCG,Rail,2024-01-17,2024-01-24,2024-01-27,3,0.439,0.133,0.031,744.4,402.2,406.9,3088.18,1
ORD-105599,SUP-006,0.63,Asia Pacific,Automotive Parts,Rail,2024-03-08,2024-03-15,2024-03-21,6,0.248,0.072,0.07,372.5,579.1,511.7,2661.05,1
ORD-105600,SUP-019,0.75,Middle East/Africa,Pharma,Sea,2024-08-18,2024-09-08,2024-09-08,0,0.11,0.112,0.0,511.6,430.3,457.5,9030.97,0
ORD-105601,SUP-006,0.63,Asia Pacific,Pharma,Rail,2024-03-25,2024-04-02,2024-04-02,0,0.143,0.276,0.099,520.0,593.7,755.7,3630.07,0
ORD-105602,SUP-010,0.898,Asia Pacific,Pharma,Air,2023-12-01,2023-12-03,2023-12-03,0,0.703,0.315,0.089,364.4,528.3,473.4,1980.0,0
ORD-105603,SUP-026,0.782,Asia Pacific,FMCG,Air,2024-01-06,2024-01-08,2024-01-08,0,0.197,0.135,0.072,492.5,424.7,479.9,10475.03,0
ORD-105604,SUP-033,0.8,Europe,FMCG,Road,2023-11-27,2023-11-30,2023-11-30,0,0.0,0.229,0.014,458.3,578.9,659.1,7610.79,0
ORD-105605,SUP-006,0.63,Europe,Machinery,Road,2024-08-10,2024-08-14,2024-08-14,0,0.493,0.182,0.055,467.1,206.4,179.8,9531.77,0
ORD-105606,SUP-027,0.793,Latin America,Automotive Parts,Road,2023-11-06,2023-11-10,2023-11-11,1,0.423,0.386,0.069,650.0,388.7,390.6,10111.19,0
ORD-105607,SUP-012,0.612,Middle East/Africa,Electronics,Road,2023-04-18,2023-04-24,2023-04-25,1,0.293,0.36,0.039,543.3,430.4,449.8,8171.72,0
ORD-105608,SUP-003,0.783,Middle East/Africa,Pharma,Rail,2023-02-13,2023-02-21,2023-03-02,9,0.279,0.274,0.015,69.5,472.3,469.9,4095.39,1
ORD-105609,SUP-008,,Asia Pacific,Textiles,Sea,2024-07-13,2024-08-03,2024-08-03,0,0.426,0.195,0.128,580.6,376.4,478.4,12012.63,0
ORD-105610,SUP-003,0.783,Europe,Electronics,Sea,2023-08-27,2023-09-19,2023-09-19,0,0.353,0.003,0.111,557.1,355.3,389.8,6543.57,0
ORD-105611,SUP-022,0.872,Latin America,Electronics,Rail,2023-09-07,2023-09-13,2023-09-18,5,0.276,0.468,0.011,346.0,356.3,395.2,5937.62,1
ORD-105612,SUP-035,0.443,Europe,Automotive Parts,Road,2023-05-26,2023-05-30,2023-05-30,0,0.198,0.306,0.099,655.2,371.7,389.0,8130.29,0
ORD-105613,SUP-035,0.443,Latin America,Automotive Parts,Road,2024-03-05,2024-03-10,2024-03-10,0,0.548,0.319,0.083,460.9,532.7,587.8,18376.02,0
ORD-105614,SUP-015,0.574,North America,Automotive Parts,Road,2023-08-21,2023-08-27,2023-08-28,1,0.0,0.251,0.08,385.9,615.5,556.2,2123.83,0
ORD-105615,SUP-040,0.607,Europe,Electronics,Road,2024-09-22,2024-09-28,2024-10-08,10,0.508,0.141,0.096,417.0,384.0,305.2,3324.52,1
ORD-105616,SUP-027,0.793,Latin America,Machinery,Road,2024-05-21,2024-05-26,2024-05-26,0,0.207,0.267,0.062,436.9,309.9,302.4,14639.6,0
ORD-105617,SUP-011,0.936,Asia Pacific,Pharma,Sea,2024-06-25,2024-07-17,2024-07-17,0,0.263,0.246,0.0,597.1,675.0,680.7,6921.26,0
ORD-105618,SUP-013,0.8,Middle East/Africa,Pharma,Rail,2023-10-19,2023-10-25,2023-10-25,0,0.502,0.036,0.085,749.3,413.0,370.3,11786.44,0
ORD-105619,SUP-002,0.788,North America,Pharma,Air,2024-07-03,2024-07-07,2024-07-07,0,0.227,0.255,0.035,258.3,618.9,819.5,5405.42,0
ORD-105620,SUP-006,0.63,Middle East/Africa,Textiles,Sea,2023-04-17,2023-05-07,2023-05-14,7,0.552,0.009,0.512,663.8,260.7,279.0,5113.38,1
ORD-105621,SUP-022,0.872,Middle East/Africa,Pharma,Sea,2023-09-12,2023-10-04,2023-10-15,11,0.176,0.031,0.242,428.9,523.9,420.5,5049.25,1
ORD-105622,SUP-013,0.8,Latin America,Machinery,Sea,2023-09-05,2023-09-27,2023-09-27,0,0.746,0.48,0.29,382.9,483.6,537.1,4654.76,0
ORD-105623,SUP-002,0.788,North America,Pharma,Air,2023-12-17,2023-12-20,2023-12-22,2,0.494,0.305,0.038,270.1,456.5,338.0,6920.82,1
ORD-105624,SUP-033,0.8,North America,Automotive Parts,Sea,2023-04-14,2023-05-07,2023-05-08,1,0.0,0.185,0.529,603.6,228.8,240.3,9321.91,0
ORD-105625,SUP-012,0.612,Middle East/Africa,Automotive Parts,Sea,2024-05-06,2024-05-26,2024-05-26,0,0.005,0.079,0.555,538.9,441.2,368.8,2368.68,0
ORD-105626,SUP-015,0.574,Europe,FMCG,Road,2023-04-25,2023-04-28,2023-04-28,0,0.06,0.123,0.094,501.9,525.8,557.8,5756.95,0
ORD-105627,SUP-018,0.727,North America,Electronics,Road,2024-03-02,2024-03-08,2024-03-08,0,0.0,0.154,0.043,641.3,603.7,466.5,2852.53,0
ORD-105628,SUP-023,0.548,North America,Machinery,Road,2023-01-09,2023-01-12,2023-02-02,21,,0.237,0.052,467.8,370.3,388.8,1211.97,1
ORD-105629,SUP-040,0.607,Europe,Automotive Parts,Road,2023-09-17,2023-09-23,2023-09-24,1,0.098,0.0,0.017,387.0,437.8,312.5,4340.65,0
ORD-105630,SUP-008,0.711,Asia Pacific,Automotive Parts,Sea,2024-05-02,2024-05-25,2024-05-25,0,0.204,0.211,0.068,640.5,579.0,516.6,3520.9,0
ORD-105631,SUP-026,0.782,Middle East/Africa,Electronics,Sea,2024-05-30,2024-06-19,2024-06-19,0,0.116,0.542,0.102,394.8,453.2,503.0,4505.56,0
ORD-105632,SUP-005,0.967,Latin America,Textiles,Rail,2023-12-27,2024-01-02,2024-01-03,1,0.484,0.0,0.089,427.0,486.8,485.7,2636.55,0
ORD-105633,SUP-022,0.872,North America,Automotive Parts,Road,2024-03-19,2024-03-23,2024-03-26,3,0.565,0.279,0.04,311.9,412.5,350.9,3331.04,1
ORD-105634,SUP-033,0.8,Europe,Textiles,Road,2024-06-09,2024-06-12,2024-06-14,2,0.332,0.165,0.095,308.2,291.0,267.6,12724.84,0
ORD-105635,SUP-021,0.656,Middle East/Africa,Machinery,Rail,2024-09-05,2024-09-13,2024-09-18,5,0.582,0.218,0.088,283.4,490.1,447.1,2316.77,1
ORD-105636,SUP-010,0.898,Asia Pacific,Textiles,Road,2023-12-11,2023-12-16,2023-12-22,6,0.385,0.27,0.08,628.3,567.1,530.5,6660.83,1
ORD-105637,SUP-013,0.8,Europe,Automotive Parts,Sea,2023-01-20,2023-02-11,2023-02-11,0,0.279,0.264,0.118,715.1,505.0,493.4,4530.86,0
ORD-105638,SUP-029,0.765,Europe,Automotive Parts,Road,2023-05-02,2023-05-07,2023-05-07,0,0.364,0.0,0.012,528.4,197.7,183.0,3277.89,0
ORD-105639,SUP-036,0.714,Middle East/Africa,Machinery,Sea,2024-02-24,2024-03-15,2024-03-15,0,0.56,0.235,0.0,446.4,405.5,370.3,3808.14,0
ORD-105640,SUP-015,0.574,Europe,Machinery,Air,2023-04-09,2023-04-14,2023-04-14,0,0.139,0.221,0.076,432.3,389.3,356.6,5402.96,0
ORD-105641,SUP-003,0.783,Middle East/Africa,Textiles,Air,2024-09-07,2024-09-09,2024-09-09,0,0.135,0.543,0.03,464.3,434.0,451.4,7525.31,0
ORD-105642,SUP-012,0.612,North America,Electronics,Road,2024-08-12,2024-08-18,2024-08-18,0,0.561,0.0,0.012,687.6,626.0,622.0,1139.14,0
ORD-105643,SUP-004,0.652,North America,Automotive Parts,Road,2024-06-27,2024-06-30,2024-06-30,0,0.313,0.234,0.014,635.6,491.5,519.3,1976.8,0
ORD-105644,SUP-031,0.712,Asia Pacific,FMCG,Road,2023-03-20,2023-03-23,2023-04-08,16,0.0,0.178,0.087,607.5,453.5,384.8,5050.67,1
ORD-105645,SUP-034,0.576,North America,Pharma,Air,2023-07-28,2023-08-01,2023-08-11,10,0.494,0.144,0.046,328.3,412.1,474.2,7229.44,1
ORD-105646,SUP-016,0.842,Latin America,Electronics,Air,2023-01-30,2023-02-02,2023-02-02,0,0.0,0.072,0.029,470.4,558.2,626.7,5164.06,0
ORD-105647,SUP-012,0.612,North America,Machinery,Sea,2024-07-04,2024-07-27,2024-07-31,4,0.509,0.015,0.1,538.1,602.9,542.0,3942.53,1
ORD-105648,SUP-025,0.704,Middle East/Africa,Electronics,Sea,2024-03-11,2024-03-31,2024-03-31,0,0.227,0.214,0.0,344.4,567.7,550.3,8639.86,0
ORD-105649,SUP-015,0.574,Asia Pacific,Pharma,Road,2024-04-07,2024-04-12,2024-04-12,0,0.218,0.397,0.069,555.5,519.8,639.4,7465.02,0
ORD-105650,SUP-008,0.711,Europe,Machinery,Sea,2024-07-19,2024-08-09,2024-08-09,0,0.209,0.133,0.441,693.6,408.1,395.1,3996.89,0
ORD-105651,SUP-032,0.702,Middle East/Africa,Textiles,Road,2023-10-09,2023-10-12,2023-10-12,0,0.475,0.0,0.009,318.8,218.0,113.5,8999.01,0
ORD-105652,SUP-021,0.656,Asia Pacific,Pharma,Sea,2024-05-18,2024-06-09,2024-06-17,8,0.626,0.301,0.276,632.9,378.6,328.5,1992.22,1
ORD-105653,SUP-032,0.702,Middle East/Africa,Automotive Parts,Road,2023-10-11,2023-10-15,2023-10-15,0,0.092,0.203,0.073,138.8,389.2,423.7,5901.1,0
ORD-105654,SUP-033,0.8,North America,Automotive Parts,Road,2023-10-09,2023-10-14,2023-10-14,0,0.327,0.277,0.061,683.4,556.0,644.2,13537.88,0
ORD-105655,SUP-014,0.805,Europe,Pharma,Sea,2023-06-11,2023-07-02,2023-07-02,0,0.434,0.0,0.055,478.7,493.1,406.3,2498.29,0
ORD-105656,SUP-004,0.652,Europe,Automotive Parts,Rail,2024-03-02,2024-03-09,2024-03-10,1,0.277,0.147,0.023,621.3,446.5,551.4,16749.25,1
ORD-105657,SUP-007,0.877,North America,Textiles,Road,2024-05-12,2024-05-17,2024-05-17,0,0.209,0.485,0.038,580.9,388.1,359.0,12693.08,0
ORD-105658,SUP-018,0.727,Europe,FMCG,Road,2024-01-04,2024-01-10,2024-01-10,0,0.006,0.0,0.094,546.5,490.5,455.3,3095.97,0
ORD-105659,SUP-025,0.704,North America,Automotive Parts,Road,2023-03-06,2023-03-11,2023-03-11,0,0.298,0.154,0.009,274.4,520.0,434.1,3612.67,0
ORD-105660,SUP-001,0.823,North America,Machinery,Road,2023-04-20,2023-04-23,2023-04-24,1,0.201,0.349,0.013,571.2,450.7,510.3,4428.16,0
ORD-105661,SUP-030,0.76,North America,FMCG,Sea,2023-06-24,2023-07-17,2023-07-17,0,0.354,0.205,0.438,536.6,576.1,643.2,3852.81,0
ORD-105662,SUP-001,0.823,Middle East/Africa,Electronics,Sea,2024-03-30,2024-04-22,2024-05-09,17,0.405,0.176,0.385,484.9,516.7,538.3,7238.34,1
ORD-105663,SUP-013,0.8,Latin America,Automotive Parts,Road,2024-09-08,2024-09-14,2024-09-14,0,0.0,0.479,0.045,770.9,557.5,561.8,4126.89,0
ORD-105664,SUP-031,0.712,North America,Automotive Parts,Rail,2023-07-23,2023-07-30,2023-07-30,0,0.236,0.291,0.082,606.9,487.4,389.9,5972.62,0
ORD-105665,SUP-020,0.762,Europe,Machinery,Road,2023-11-17,2023-11-23,2023-11-23,0,0.105,0.472,0.039,668.2,398.6,249.8,5911.47,0
ORD-105666,SUP-031,0.712,Asia Pacific,FMCG,Sea,2023-12-06,2023-12-26,2023-12-26,0,0.064,0.397,0.272,366.3,611.8,679.9,2835.96,0
ORD-105667,SUP-037,0.757,Europe,Electronics,Road,2024-01-11,2024-01-15,2024-01-15,0,0.676,0.096,0.044,542.5,439.4,362.9,1921.43,0
ORD-105668,SUP-008,0.711,Latin America,FMCG,Sea,2023-10-07,2023-10-29,2023-10-29,0,0.42,0.0,0.406,385.3,249.8,261.8,5045.2,0
ORD-105669,SUP-038,0.957,Middle East/Africa,Electronics,Sea,2023-04-03,2023-04-26,2023-04-27,1,0.387,0.16,0.0,614.6,269.3,275.9,3509.33,0
ORD-105670,SUP-004,0.652,North America,Pharma,Sea,2024-03-31,2024-04-21,2024-04-22,1,0.0,0.162,0.438,549.5,424.2,316.5,10255.05,0
ORD-105671,SUP-002,0.788,North America,FMCG,Rail,2023-09-13,2023-09-19,2023-09-19,0,0.096,0.0,0.037,583.7,482.6,457.7,7209.77,0
ORD-105672,SUP-001,0.823,Europe,FMCG,Air,2024-06-20,2024-06-24,2024-06-24,0,0.302,0.0,0.08,389.4,485.8,467.2,15331.84,0
ORD-105673,SUP-023,0.548,Middle East/Africa,Machinery,Road,2023-10-10,2023-10-14,2023-10-14,0,0.083,0.175,0.094,535.4,596.0,431.7,4933.23,0
ORD-105674,SUP-023,0.548,Europe,FMCG,Road,2023-11-13,2023-11-16,2023-12-02,16,0.599,0.281,0.074,742.0,481.8,457.1,2114.87,1
ORD-105675,SUP-028,0.644,Middle East/Africa,Automotive Parts,Rail,2023-12-07,2023-12-15,2023-12-15,0,0.375,0.137,0.009,758.4,539.7,603.6,5227.75,0
ORD-105676,SUP-027,0.793,Middle East/Africa,Textiles,Road,2024-02-05,2024-02-09,2024-02-09,0,0.282,0.26,0.03,610.6,280.2,317.1,4503.99,0
ORD-105677,SUP-019,0.75,North America,FMCG,Road,2024-09-20,2024-09-25,2024-09-25,0,0.31,0.632,0.089,748.8,248.2,219.8,14165.75,0
ORD-105678,SUP-036,0.714,Middle East/Africa,Electronics,Sea,2024-08-22,2024-09-13,2024-09-13,0,0.141,0.181,0.527,406.1,417.9,539.5,3709.33,0
ORD-105679,SUP-013,0.8,Europe,FMCG,Sea,2024-01-18,2024-02-09,2024-02-14,5,,0.058,0.144,624.3,272.4,271.9,5949.77,1
ORD-105680,SUP-005,0.967,Latin America,FMCG,Rail,2023-02-07,2023-02-15,2023-02-15,0,0.156,0.087,0.038,264.2,498.2,288.3,2495.75,0
ORD-105681,SUP-029,0.765,North America,FMCG,Air,2023-02-27,2023-03-02,2023-03-03,1,0.282,0.363,0.051,236.8,264.3,306.4,5658.07,0
ORD-105682,SUP-013,0.8,Asia Pacific,FMCG,Sea,2024-07-28,2024-08-17,2024-08-17,0,0.353,0.09,0.204,649.4,485.9,413.7,1520.36,0
ORD-105683,SUP-031,0.712,North America,Pharma,Road,2024-06-14,2024-06-17,2024-06-17,0,0.321,0.407,0.057,634.5,453.2,506.7,1887.95,0
ORD-105684,SUP-026,0.782,Latin America,Textiles,Rail,2023-03-07,2023-03-13,2023-03-13,0,0.219,0.303,0.053,312.5,380.8,355.9,2884.42,0
ORD-105685,SUP-021,0.656,Asia Pacific,Machinery,Rail,2023-09-21,2023-09-29,2023-10-02,3,0.186,0.356,0.053,486.0,464.9,369.7,18118.84,1
ORD-105686,SUP-010,0.898,North America,Pharma,Rail,2023-04-30,2023-05-07,2023-05-07,0,0.341,0.065,0.063,194.1,627.6,648.9,3080.01,0
ORD-105687,SUP-029,0.765,North America,FMCG,Road,2023-01-14,2023-01-20,2023-01-20,0,0.377,0.472,0.079,779.1,469.1,349.9,9488.48,0
ORD-105688,SUP-026,0.782,Asia Pacific,FMCG,Road,2024-06-13,2024-06-18,2024-06-18,0,0.271,0.186,0.028,427.8,347.1,304.8,4524.9,0
ORD-105689,SUP-035,0.443,Europe,Electronics,Air,2024-01-15,2024-01-19,2024-01-21,2,0.335,0.12,0.077,628.2,360.6,468.8,1679.52,1
ORD-105690,SUP-023,0.548,Europe,FMCG,Road,2024-01-29,2024-02-02,2024-02-02,0,0.0,0.344,0.068,599.0,481.5,459.3,5594.0,0
ORD-105691,SUP-020,0.762,Europe,Automotive Parts,Sea,2023-01-14,2023-02-03,2023-02-03,0,0.21,0.405,0.244,395.7,480.8,444.7,5565.25,0
ORD-105692,SUP-020,0.762,Europe,Pharma,Road,2023-11-06,2023-11-10,2023-11-10,0,0.261,0.086,0.079,284.4,510.0,503.2,3312.45,0
ORD-105693,SUP-002,0.788,North America,Pharma,Air,2023-03-08,2023-03-12,2023-03-12,0,0.307,0.112,0.039,335.8,628.9,523.9,1686.64,0
ORD-105694,SUP-017,0.619,Asia Pacific,Electronics,Road,2024-03-04,2024-03-09,2024-03-16,7,0.0,0.474,0.09,626.1,370.7,343.9,2555.76,1
ORD-105695,SUP-002,0.788,Asia Pacific,Electronics,Road,2023-03-11,2023-03-14,2023-03-14,0,0.195,0.383,0.03,403.2,452.8,390.9,4499.84,0
ORD-105696,SUP-003,0.783,Europe,Electronics,Sea,2023-07-26,2023-08-15,2023-08-27,12,0.181,0.33,0.22,22.5,571.2,511.8,4088.8,1
ORD-105697,SUP-031,0.712,Latin America,Machinery,Road,2024-01-07,2024-01-13,2024-01-13,0,0.261,0.11,0.022,796.0,734.5,769.2,6017.2,0
ORD-105698,SUP-014,0.805,North America,Machinery,Road,2023-05-27,2023-05-30,2023-06-16,17,0.134,0.221,0.049,394.6,538.2,402.7,3816.32,1
ORD-105699,SUP-032,0.702,Middle East/Africa,Automotive Parts,Road,2024-02-20,2024-02-25,2024-02-25,0,0.227,0.222,0.083,559.7,487.5,466.8,1006.56,0
ORD-105700,SUP-014,0.805,Middle East/Africa,Automotive Parts,Rail,2024-09-21,2024-09-27,2024-09-27,0,,0.002,0.088,407.6,485.2,530.1,1827.15,0
ORD-105701,SUP-006,0.63,Asia Pacific,Machinery,Road,2024-05-19,2024-05-24,2024-05-28,4,0.235,0.207,0.087,719.2,700.1,505.4,2446.18,1
ORD-105702,SUP-002,0.788,Europe,FMCG,Road,2023-11-08,2023-11-13,2023-11-13,0,0.128,0.345,0.012,410.6,403.9,308.2,6096.82,0
ORD-105703,SUP-015,0.574,Europe,Pharma,Road,2023-05-16,2023-05-20,2023-05-20,0,0.083,0.214,0.061,843.0,421.3,461.3,7873.31,0
ORD-105704,SUP-006,0.63,Asia Pacific,Automotive Parts,Sea,2023-10-22,2023-11-11,2023-11-11,0,0.234,0.037,0.353,601.0,472.9,531.1,14055.33,0
ORD-105705,SUP-023,0.548,Asia Pacific,Pharma,Sea,2023-11-06,2023-11-28,2023-11-28,0,0.648,0.375,0.143,470.9,286.5,226.5,14887.35,0
ORD-105706,SUP-008,0.711,Europe,FMCG,Rail,2024-07-16,2024-07-24,2024-07-24,0,0.244,0.0,0.025,440.3,586.6,621.5,5707.84,0
ORD-105707,SUP-019,0.75,Europe,Textiles,Road,2024-02-16,2024-02-21,2024-02-21,0,,0.277,0.067,521.6,560.6,589.0,2397.13,0
ORD-105708,SUP-003,0.783,Latin America,Pharma,Road,2024-07-21,2024-07-24,2024-07-24,0,0.443,0.16,0.017,488.5,544.4,638.3,6782.62,0
ORD-105709,SUP-021,0.656,Middle East/Africa,Machinery,Sea,2024-09-21,2024-10-11,2024-10-16,5,0.358,0.277,0.1,607.6,346.2,472.6,3678.29,1
ORD-105710,SUP-005,0.967,North America,Pharma,Air,2023-03-08,2023-03-12,2023-03-12,0,0.435,0.047,0.012,319.3,540.7,712.3,7935.4,0
ORD-105711,SUP-023,0.548,Latin America,Automotive Parts,Road,2024-09-11,2024-09-15,2024-09-15,0,0.35,0.386,0.016,561.3,613.7,596.4,11431.9,0
ORD-105712,SUP-017,0.619,Latin America,Textiles,Road,2023-08-30,2023-09-04,2023-09-19,15,0.318,0.313,0.068,671.0,425.4,381.7,3452.32,1
ORD-105713,SUP-037,0.757,Asia Pacific,Machinery,Road,2024-01-05,2024-01-08,2024-01-08,0,0.0,0.405,0.055,618.6,440.1,381.0,4624.6,0
ORD-105714,SUP-017,0.619,North America,FMCG,Air,2023-07-19,2023-07-24,2023-07-24,0,0.219,0.379,0.091,621.2,483.8,543.8,3645.41,0
ORD-105715,SUP-029,0.765,North America,Automotive Parts,Road,2023-03-11,2023-03-17,2023-03-18,1,0.41,0.356,0.008,456.0,431.8,432.5,7578.56,0
ORD-105716,SUP-024,0.818,Asia Pacific,Automotive Parts,Road,2023-06-26,2023-07-02,2023-07-02,0,0.361,0.058,0.021,687.3,374.4,302.0,1920.62,0
ORD-105717,SUP-031,0.712,Middle East/Africa,Pharma,Sea,2023-02-05,2023-02-26,2023-02-26,0,0.512,0.222,0.045,691.7,500.4,441.8,2248.34,0
ORD-105718,SUP-012,0.612,North America,Machinery,Rail,2023-12-03,2023-12-12,2023-12-13,1,0.635,0.18,0.045,356.6,405.1,454.9,6710.25,0
ORD-105719,SUP-038,0.957,Europe,Textiles,Air,2023-04-28,2023-04-30,2023-04-30,0,0.649,0.045,0.036,584.8,390.1,393.5,4085.0,0
ORD-105720,SUP-026,0.782,Asia Pacific,Automotive Parts,Rail,2023-11-09,2023-11-15,2023-11-15,0,0.429,0.029,0.025,226.9,298.1,369.6,13442.17,0
ORD-105721,SUP-023,0.548,North America,Electronics,Road,2023-08-02,2023-08-05,2023-08-05,0,0.345,0.202,0.065,362.2,553.8,571.7,4147.85,0
ORD-105722,SUP-024,0.818,Latin America,Electronics,Sea,2023-11-09,2023-11-30,2023-11-30,0,0.104,0.318,0.271,529.1,624.0,693.4,6963.11,0
ORD-105723,SUP-007,0.877,Europe,Electronics,Sea,2023-01-02,2023-01-25,2023-01-25,0,0.085,0.209,0.274,697.6,411.1,391.1,7745.96,0
ORD-105724,SUP-001,0.823,Middle East/Africa,FMCG,Sea,2024-04-18,2024-05-10,2024-05-10,0,0.161,0.088,0.217,693.3,483.6,548.2,4887.62,0
ORD-105725,SUP-032,0.702,Europe,Automotive Parts,Road,2024-08-02,2024-08-08,2024-08-08,0,0.143,0.143,0.015,891.3,479.0,444.7,4322.79,0
ORD-105726,SUP-024,0.818,Asia Pacific,Machinery,Rail,2024-02-20,2024-02-27,2024-02-27,0,0.64,0.559,0.045,543.3,678.5,850.3,11052.39,0
ORD-105727,SUP-027,0.793,North America,Machinery,Rail,2024-04-14,2024-04-21,2024-04-21,0,0.213,0.015,0.005,532.2,396.5,407.0,6889.48,0
ORD-105728,SUP-040,0.607,North America,Textiles,Rail,2024-06-06,2024-06-12,2024-06-26,14,0.588,0.31,0.082,497.0,461.6,463.3,2461.63,1
ORD-105729,SUP-022,0.872,Middle East/Africa,Textiles,Road,2023-07-09,2023-07-14,2023-07-14,0,0.302,0.161,0.087,575.8,313.1,314.7,2052.83,0
ORD-105730,SUP-036,0.714,Latin America,Textiles,Road,2024-08-20,2024-08-26,2024-08-26,0,0.311,0.244,0.063,596.7,498.3,463.1,2233.04,0
ORD-105731,SUP-023,0.548,Europe,Electronics,Road,2023-11-24,2023-11-27,2023-11-27,0,0.561,0.0,0.032,349.7,492.8,473.7,2569.47,0
ORD-105732,SUP-014,0.805,Middle East/Africa,Automotive Parts,Road,2023-05-03,2023-05-09,2023-05-13,4,0.25,0.327,0.016,504.0,332.5,366.4,7006.24,1
ORD-105733,SUP-006,0.63,Europe,Automotive Parts,Road,2023-04-23,2023-04-26,2023-04-26,0,0.427,0.168,0.041,524.3,581.5,544.1,2074.61,0
ORD-105734,SUP-034,0.576,Europe,Machinery,Road,2023-01-03,2023-01-07,2023-01-07,0,0.693,0.225,0.071,566.5,289.8,290.3,3799.82,0
ORD-105735,SUP-001,0.823,Latin America,FMCG,Road,2023-08-22,2023-08-27,2023-08-27,0,0.0,0.197,0.081,511.1,458.0,385.5,3928.37,0
ORD-105736,SUP-030,0.76,Latin America,Pharma,Rail,2023-02-16,2023-02-25,2023-02-26,1,0.415,0.055,0.092,568.5,570.9,519.4,2063.97,1
ORD-105737,SUP-040,0.607,Middle East/Africa,Automotive Parts,Sea,2024-07-22,2024-08-14,2024-08-15,1,0.414,0.299,0.214,574.4,732.9,846.3,2579.66,0
ORD-105738,SUP-015,0.574,Europe,Machinery,Sea,2023-10-30,2023-11-22,2023-12-05,13,0.161,0.286,0.387,368.0,424.0,395.7,10436.87,1
ORD-105739,SUP-005,0.967,Europe,Automotive Parts,Rail,2024-01-09,2024-01-15,2024-01-15,0,0.47,0.103,0.075,789.6,410.2,387.0,5219.21,0
ORD-105740,SUP-019,0.75,North America,Electronics,Air,2023-09-06,2023-09-11,2023-09-12,1,0.25,0.0,0.035,429.4,384.2,433.9,10801.22,0
ORD-105741,SUP-036,0.714,Asia Pacific,Automotive Parts,Road,2023-01-25,2023-01-29,2023-01-30,1,0.447,0.194,0.026,542.8,352.0,374.4,7189.52,0
ORD-105742,SUP-024,0.818,Europe,Pharma,Air,2024-05-30,2024-06-04,2024-06-09,5,,0.237,0.017,506.5,280.2,257.7,6167.33,1
ORD-105743,SUP-023,0.548,North America,Textiles,Sea,2023-02-21,2023-03-16,2023-03-25,9,0.552,0.244,0.351,455.5,298.9,376.4,2373.48,1
ORD-105744,SUP-019,0.75,Asia Pacific,Electronics,Rail,2024-09-14,2024-09-20,2024-09-20,0,0.42,0.34,0.05,350.6,520.7,333.0,10869.66,0
ORD-105745,SUP-034,0.576,Asia Pacific,Electronics,Rail,2023-11-21,2023-11-28,2023-11-28,0,0.475,0.198,0.027,589.2,428.6,498.8,3589.26,0
ORD-105746,SUP-038,0.957,Asia Pacific,Pharma,Rail,2024-04-16,2024-04-23,2024-04-23,0,0.221,0.197,0.026,540.0,299.9,389.9,19904.23,0
ORD-105747,SUP-036,0.714,Europe,Pharma,Sea,2023-05-05,2023-05-26,2023-05-26,0,0.033,0.325,0.0,512.1,503.5,593.3,7624.42,0
ORD-105748,SUP-022,0.872,Asia Pacific,Textiles,Sea,2023-08-21,2023-09-10,2023-09-10,0,0.222,0.429,0.216,408.2,363.6,412.7,5627.25,0
ORD-105749,SUP-015,0.574,North America,Textiles,Road,2023-12-14,2023-12-18,2023-12-18,0,0.134,0.266,0.068,640.1,563.5,544.3,11783.24,0
ORD-105750,SUP-040,0.607,Latin America,Pharma,Rail,2023-07-22,2023-07-31,2023-08-01,1,0.186,0.416,0.02,759.4,545.0,535.1,2919.67,0
ORD-105751,SUP-017,0.619,Middle East/Africa,Electronics,Road,2023-08-05,2023-08-08,2023-08-10,2,0.646,0.265,0.018,465.8,370.3,458.8,2048.62,1
ORD-105752,SUP-006,0.63,Latin America,Electronics,Rail,2023-02-27,2023-03-06,2023-03-12,6,0.513,0.175,0.019,364.4,408.3,344.7,6916.44,1
ORD-105753,SUP-005,0.967,North America,Textiles,Road,2023-04-29,2023-05-02,2023-05-02,0,0.217,0.397,0.044,653.3,425.8,504.8,32969.83,0
ORD-105754,SUP-022,0.872,Asia Pacific,Pharma,Road,2023-09-29,2023-10-02,2023-10-03,1,0.519,0.0,0.054,474.1,305.9,328.0,2853.54,0
ORD-105755,SUP-005,0.967,North America,FMCG,Rail,2023-03-15,2023-03-24,2023-03-26,2,0.566,0.16,0.003,533.9,429.0,399.4,2032.5,0
ORD-105756,SUP-026,0.782,Europe,Electronics,Sea,2023-05-30,2023-06-20,2023-06-20,0,0.496,0.049,0.414,404.9,333.4,338.1,7980.49,0
ORD-105757,SUP-014,0.805,Latin America,Textiles,Sea,2023-07-26,2023-08-15,2023-08-15,0,0.446,0.291,0.0,469.5,469.3,529.5,23394.97,0
ORD-105758,SUP-007,0.877,Asia Pacific,Automotive Parts,Sea,2024-06-15,2024-07-07,2024-07-07,0,0.093,0.063,0.0,632.2,559.5,474.1,2557.37,0
ORD-105759,SUP-020,0.762,Middle East/Africa,Electronics,Road,2024-09-07,2024-09-10,2024-09-10,0,0.484,0.346,0.084,738.2,305.9,247.4,8513.76,0
ORD-105760,SUP-026,0.782,Asia Pacific,Automotive Parts,Road,2024-04-19,2024-04-25,2024-04-26,1,0.292,0.362,0.053,572.4,488.9,554.4,3423.44,0
ORD-105761,SUP-029,0.765,Middle East/Africa,Electronics,Rail,2023-12-25,2024-01-02,2024-01-11,9,0.737,0.06,0.053,296.7,333.5,373.8,4422.22,1
ORD-105762,SUP-015,0.574,Asia Pacific,Pharma,Road,2024-02-13,2024-02-19,2024-02-19,0,0.461,0.06,0.098,507.2,664.5,589.0,5846.58,0
ORD-105763,SUP-038,0.957,Middle East/Africa,Pharma,Road,2024-06-17,2024-06-22,2024-06-22,0,0.366,0.289,0.037,533.0,748.8,895.3,6413.24,0
ORD-105764,SUP-022,0.872,Asia Pacific,Machinery,Road,2023-06-30,2023-07-03,2023-07-03,0,0.274,0.0,0.004,546.9,378.7,387.9,1922.65,0
ORD-105765,SUP-007,0.877,North America,Textiles,Sea,2023-02-02,2023-02-24,2023-02-25,1,0.499,0.331,0.278,385.5,393.2,422.1,7464.64,0
ORD-105766,SUP-017,0.619,Asia Pacific,Electronics,Road,2024-03-24,2024-03-29,2024-03-29,0,0.319,0.293,0.078,370.4,418.2,501.2,3334.43,0
ORD-105767,SUP-031,0.712,Middle East/Africa,Machinery,Sea,2023-02-24,2023-03-19,2023-03-19,0,0.009,0.014,0.422,570.0,485.6,503.5,19498.44,0
ORD-105768,SUP-024,0.818,Latin America,Automotive Parts,Rail,2023-10-27,2023-11-05,2023-11-05,0,0.318,0.369,0.011,511.7,525.4,578.8,5152.04,0
ORD-105769,SUP-017,0.619,Asia Pacific,Machinery,Road,2023-11-02,2023-11-08,2023-11-08,0,0.368,0.252,0.001,375.1,431.8,434.8,5850.06,0
ORD-105770,SUP-037,0.757,Europe,Electronics,Sea,2024-02-05,2024-02-25,2024-02-25,0,0.216,0.179,0.157,393.4,627.0,672.7,5747.1,0
ORD-105771,SUP-018,0.727,Europe,FMCG,Road,2024-08-12,2024-08-17,2024-08-18,1,0.222,0.205,0.001,647.3,248.4,288.6,2695.45,0
ORD-105772,SUP-011,0.936,North America,Machinery,Road,2024-09-25,2024-09-28,2024-09-28,0,0.0,0.309,0.02,300.4,366.3,416.1,3010.58,0
ORD-105773,SUP-011,0.936,Middle East/Africa,Automotive Parts,Air,2023-11-30,2023-12-04,2023-12-04,0,0.397,0.077,0.085,447.7,599.1,642.4,2255.18,0
ORD-105774,SUP-024,0.818,Middle East/Africa,Automotive Parts,Air,2023-12-09,2023-12-12,2023-12-13,1,0.271,0.0,0.028,412.8,412.4,412.0,10812.53,0
ORD-105775,SUP-023,0.548,Asia Pacific,Automotive Parts,Rail,2024-01-07,2024-01-13,2024-01-22,9,0.439,0.093,0.01,294.6,332.9,265.8,9282.75,1
ORD-105776,SUP-027,0.793,Asia Pacific,Electronics,Sea,2023-06-16,2023-07-06,2023-07-11,5,0.367,0.099,0.206,749.5,574.8,546.6,5047.34,1
ORD-105777,SUP-023,0.548,Europe,Machinery,Road,2024-05-01,2024-05-06,2024-05-07,1,0.352,0.189,0.05,638.5,424.5,371.7,3473.94,0
ORD-105778,SUP-012,0.612,North America,Automotive Parts,Sea,2023-02-27,2023-03-21,2023-03-21,0,0.222,0.023,0.354,572.2,487.3,357.1,2247.81,0
ORD-105779,SUP-017,0.619,Asia Pacific,Electronics,Road,2024-02-21,2024-02-25,2024-02-25,0,0.126,0.109,0.028,535.7,673.7,483.4,4280.48,0
ORD-105780,SUP-015,0.574,Europe,Electronics,Sea,2024-05-26,2024-06-16,2024-06-16,0,0.465,0.242,0.371,548.1,542.9,379.2,11466.49,0
ORD-105781,SUP-039,0.777,North America,Machinery,Road,2023-12-26,2023-12-29,2024-01-06,8,0.031,0.198,0.049,314.9,479.0,383.7,8222.33,1
ORD-105782,SUP-031,0.712,Asia Pacific,FMCG,Rail,2023-04-04,2023-04-10,2023-04-29,19,0.484,0.174,0.06,484.0,289.4,318.7,2570.51,1
ORD-105783,SUP-027,0.793,Europe,Electronics,Sea,2023-03-13,2023-04-05,2023-04-05,0,0.329,0.062,0.258,425.4,464.8,446.5,3172.69,0
ORD-105784,SUP-026,0.782,Latin America,Machinery,Sea,2024-06-04,2024-06-24,2024-06-24,0,0.568,0.0,0.245,527.3,457.0,417.4,8976.62,0
ORD-105785,SUP-040,0.607,Latin America,Machinery,Road,2024-08-08,2024-08-13,2024-08-22,9,0.442,0.294,0.018,569.1,541.4,649.4,908.01,1
ORD-105786,SUP-024,0.818,Europe,Automotive Parts,Sea,2024-01-02,2024-01-23,2024-01-23,0,0.156,0.227,0.171,415.9,268.6,280.6,4511.7,0
ORD-105787,SUP-016,0.842,Middle East/Africa,FMCG,Road,2024-04-25,2024-04-28,2024-04-28,0,0.187,0.276,0.027,436.0,486.4,344.8,1436.82,0
ORD-105788,SUP-032,0.702,Asia Pacific,Electronics,Road,2024-09-11,2024-09-17,2024-09-17,0,0.0,0.1,0.075,432.1,217.0,230.4,2253.05,0
ORD-105789,SUP-031,0.712,Middle East/Africa,Pharma,Air,2023-05-21,2023-05-23,2023-05-23,0,0.182,0.475,0.067,459.7,507.6,452.2,3897.59,0
ORD-105790,SUP-031,0.712,North America,Pharma,Road,2023-09-14,2023-09-18,2023-09-18,0,0.0,0.273,0.093,486.3,503.7,551.0,5682.88,0
ORD-105791,SUP-006,0.63,Latin America,Electronics,Rail,2024-09-22,2024-09-28,2024-09-28,0,0.253,0.133,0.018,473.3,304.4,409.4,3951.21,0
ORD-105792,SUP-001,0.823,Asia Pacific,Automotive Parts,Road,2024-07-06,2024-07-12,2024-07-14,2,0.473,0.239,0.087,442.6,451.4,504.2,10690.34,1
ORD-105793,SUP-005,0.967,Asia Pacific,Machinery,Road,2024-06-02,2024-06-06,2024-06-06,0,0.331,0.004,0.061,563.5,532.8,567.5,6840.8,0
ORD-105794,SUP-006,0.63,North America,Pharma,Road,2023-03-28,2023-03-31,2023-04-01,1,0.106,0.237,0.004,286.9,433.9,518.0,3093.57,0
ORD-105795,SUP-002,0.788,Asia Pacific,Machinery,Road,2023-12-28,2023-12-31,2023-12-31,0,0.325,0.0,0.011,630.5,126.8,120.7,7996.62,0
ORD-105796,SUP-002,0.788,Latin America,Textiles,Road,2024-03-20,2024-03-25,2024-03-31,6,0.165,0.209,0.047,396.9,332.4,333.9,3536.94,1
ORD-105797,SUP-004,0.652,Middle East/Africa,Automotive Parts,Rail,2024-01-14,2024-01-22,2024-01-22,0,0.115,0.257,0.051,587.2,573.7,517.7,7222.24,0
ORD-105798,SUP-034,0.576,Middle East/Africa,Machinery,Air,2023-09-18,2023-09-22,2023-10-04,12,0.288,0.407,0.03,389.9,269.6,291.2,8546.24,1
ORD-105799,SUP-009,0.768,Europe,FMCG,Sea,2024-05-12,2024-06-01,2024-06-02,1,0.386,0.355,0.33,352.3,482.9,403.3,3843.96,0
ORD-105800,SUP-002,0.788,North America,Electronics,Rail,2024-07-07,2024-07-16,2024-07-16,0,0.008,0.033,0.073,335.3,285.8,248.2,5168.16,0
ORD-105801,SUP-013,0.8,Latin America,Pharma,Road,2023-08-24,2023-08-27,2023-08-27,0,0.527,0.157,0.079,602.7,581.6,366.9,6208.63,0
ORD-105802,SUP-006,0.63,North America,Machinery,Rail,2023-11-09,2023-11-17,2023-11-17,0,0.242,0.201,0.087,445.5,261.7,279.5,1324.38,0
ORD-105803,SUP-032,0.702,Latin America,Machinery,Rail,2023-10-06,2023-10-14,2023-10-14,0,0.279,0.134,0.013,462.8,536.8,590.0,7547.76,0
ORD-105804,SUP-024,0.818,North America,Machinery,Rail,2023-10-03,2023-10-11,2023-10-11,0,0.085,0.0,0.037,605.6,536.6,492.9,4570.35,0
ORD-105805,SUP-017,0.619,North America,Electronics,Rail,2023-04-07,2023-04-14,2023-04-14,0,0.198,0.178,0.016,458.9,491.8,641.9,4017.14,0
ORD-105806,SUP-029,0.765,Middle East/Africa,Automotive Parts,Road,2023-02-25,2023-02-28,2023-03-06,6,0.221,0.33,0.012,578.1,288.3,236.4,3728.11,1
ORD-105807,SUP-031,0.712,Europe,Textiles,Air,2023-10-12,2023-10-15,2023-10-15,0,0.46,0.097,0.079,460.1,452.2,551.5,7784.02,0
ORD-105808,SUP-007,0.877,North America,Automotive Parts,Road,2023-06-05,2023-06-08,2023-06-08,0,0.231,0.013,0.086,570.1,362.7,359.1,6421.32,0
ORD-105809,SUP-032,0.702,Asia Pacific,Textiles,Rail,2023-05-10,2023-05-17,2023-05-18,1,0.507,0.449,0.019,598.5,406.4,475.1,5109.72,1
ORD-105810,SUP-034,0.576,North America,FMCG,Rail,2024-02-22,2024-02-28,2024-02-28,0,0.455,0.246,0.063,222.8,322.0,319.0,4535.23,0
ORD-105811,SUP-010,0.898,Middle East/Africa,Textiles,Sea,2023-02-06,2023-02-27,2023-02-27,0,0.233,0.311,0.191,536.0,402.8,415.4,6949.92,0
ORD-105812,SUP-036,0.714,Middle East/Africa,Electronics,Road,2024-02-07,2024-02-13,2024-02-13,0,0.117,0.417,0.065,429.5,425.8,351.9,3300.54,0
ORD-105813,SUP-004,0.652,Asia Pacific,Pharma,Sea,2023-10-25,2023-11-16,2023-11-16,0,0.028,0.238,0.118,485.6,263.5,240.3,3140.84,0
ORD-105814,SUP-024,0.818,Middle East/Africa,Pharma,Rail,2023-11-12,2023-11-19,2023-11-19,0,0.0,0.39,0.074,636.6,270.3,239.0,3530.92,0
ORD-105815,SUP-039,0.777,Asia Pacific,Machinery,Sea,2023-11-10,2023-12-02,2023-12-02,0,0.639,0.272,0.48,684.4,395.6,395.5,4986.05,0
ORD-105816,SUP-015,0.574,Europe,Electronics,Sea,2024-02-29,2024-03-21,2024-04-04,14,0.176,0.232,0.593,657.0,676.1,595.8,12342.77,1
ORD-105817,SUP-020,0.762,Asia Pacific,Electronics,Rail,2023-11-07,2023-11-14,2023-11-14,0,0.181,0.0,0.052,407.0,214.1,192.4,1588.03,0
ORD-105818,SUP-040,0.607,Asia Pacific,FMCG,Rail,2023-07-23,2023-07-29,2023-08-11,13,0.151,0.231,0.041,308.8,476.0,472.7,10601.62,1
ORD-105819,SUP-006,0.63,Asia Pacific,Automotive Parts,Road,2023-07-09,2023-07-14,2023-07-14,0,0.475,0.241,0.074,478.8,122.3,134.7,4986.47,0
ORD-105820,SUP-035,0.443,Asia Pacific,Automotive Parts,Road,2024-05-24,2024-05-29,2024-06-14,16,0.184,0.031,0.099,574.9,479.7,526.6,4216.39,1
ORD-105821,SUP-037,0.757,Europe,FMCG,Sea,2023-01-01,2023-01-22,2023-01-22,0,0.541,0.197,0.066,468.2,424.9,404.0,3412.6,0
ORD-105822,SUP-006,0.63,Middle East/Africa,Machinery,Road,2024-01-19,2024-01-22,2024-01-22,0,0.046,0.0,0.037,128.8,342.1,407.5,6678.67,0
ORD-105823,SUP-019,0.75,Middle East/Africa,Textiles,Air,2023-01-07,2023-01-12,2023-01-12,0,0.297,0.0,0.076,589.9,429.7,399.9,1982.48,0
ORD-105824,SUP-021,0.656,North America,Pharma,Sea,2023-11-20,2023-12-11,2023-12-11,0,0.386,0.264,0.003,644.5,550.7,495.3,5311.29,0
ORD-105825,SUP-016,0.842,Europe,Automotive Parts,Sea,2023-11-29,2023-12-22,2023-12-22,0,0.282,0.249,0.163,557.7,472.0,489.4,10209.22,0
ORD-105826,SUP-024,0.818,North America,Electronics,Road,2024-06-05,2024-06-09,2024-06-09,0,0.052,0.355,0.022,781.2,442.4,384.9,5882.44,0
ORD-105827,SUP-013,0.8,Europe,Textiles,Road,2023-05-25,2023-05-30,2023-05-30,0,0.476,0.156,0.095,669.9,615.6,568.1,5459.6,0
ORD-105828,SUP-001,0.823,Asia Pacific,Electronics,Road,2024-02-10,2024-02-14,2024-02-14,0,0.247,0.009,0.063,421.1,503.1,568.7,11307.11,0
ORD-105829,SUP-018,0.727,Middle East/Africa,FMCG,Road,2023-06-22,2023-06-26,2023-06-27,1,,0.083,0.021,387.8,339.9,371.1,2159.59,0
ORD-105830,SUP-002,0.788,Europe,Electronics,Rail,2024-02-14,2024-02-21,2024-02-24,3,0.184,0.132,0.095,497.9,362.0,393.7,3103.18,1
ORD-105831,SUP-008,0.711,Europe,Electronics,Sea,2023-12-26,2024-01-18,2024-01-30,12,0.392,0.087,0.29,548.3,416.3,404.1,6482.08,1
ORD-105832,SUP-001,0.823,North America,Automotive Parts,Sea,2024-08-08,2024-08-30,2024-08-30,0,0.0,0.406,0.25,725.2,492.8,419.8,9626.86,0
ORD-105833,SUP-004,0.652,Asia Pacific,Pharma,Road,2024-03-29,2024-04-02,2024-04-03,1,0.151,0.248,0.086,350.4,555.2,579.9,5789.56,0
ORD-105834,SUP-030,0.76,Asia Pacific,FMCG,Road,2024-09-17,2024-09-22,2024-09-22,0,0.066,0.278,0.08,404.8,332.3,433.6,4251.04,0
ORD-105835,SUP-001,0.823,North America,Electronics,Rail,2023-02-04,2023-02-12,2023-02-12,0,0.245,0.216,0.062,587.8,468.0,527.9,4086.91,0
ORD-105836,SUP-027,0.793,Asia Pacific,Automotive Parts,Rail,2024-06-30,2024-07-08,2024-07-09,1,0.668,0.206,0.002,281.6,309.7,300.6,8363.03,0
ORD-105837,SUP-034,0.576,Asia Pacific,Textiles,Rail,2023-08-23,2023-08-29,2023-08-29,0,0.089,0.081,0.096,740.9,427.0,430.0,1697.47,0
ORD-105838,SUP-018,0.727,North America,Electronics,Road,2023-03-10,2023-03-16,2023-03-17,1,0.687,0.0,0.084,488.0,522.5,579.5,3932.96,0
ORD-105839,SUP-032,0.702,North America,Electronics,Road,2023-12-11,2023-12-17,2023-12-17,0,0.339,0.104,0.033,673.5,367.9,349.9,6875.03,0
ORD-105840,SUP-033,0.8,Europe,FMCG,Road,2023-12-16,2023-12-20,2023-12-21,1,0.422,0.383,0.006,360.9,419.5,391.6,3998.04,0
ORD-105841,SUP-034,0.576,Middle East/Africa,Pharma,Rail,2024-04-25,2024-05-04,2024-05-04,0,0.103,0.335,0.093,649.0,399.9,490.5,11768.3,0
ORD-105842,SUP-020,0.762,Latin America,Textiles,Rail,2023-05-13,2023-05-19,2023-05-19,0,0.425,0.491,0.051,523.9,618.3,579.8,7241.19,0
ORD-105843,SUP-005,0.967,Europe,Electronics,Rail,2023-05-11,2023-05-17,2023-05-18,1,0.37,0.009,0.001,545.0,379.4,411.0,2304.29,0
ORD-105844,SUP-029,0.765,Middle East/Africa,Automotive Parts,Sea,2023-03-28,2023-04-18,2023-04-18,0,0.477,0.039,0.544,549.4,190.3,195.9,3399.37,0
ORD-105845,SUP-016,0.842,Latin America,Textiles,Road,2023-11-14,2023-11-17,2023-11-20,3,0.488,0.023,0.024,406.2,449.3,522.2,3607.55,1
ORD-105846,SUP-005,0.967,Latin America,Textiles,Sea,2024-09-25,2024-10-16,2024-10-16,0,0.31,0.252,0.203,501.0,702.6,681.2,4333.07,0
ORD-105847,SUP-031,0.712,Middle East/Africa,Pharma,Road,2024-07-16,2024-07-22,2024-07-25,3,0.665,0.208,0.068,323.9,398.7,327.3,1834.74,1
ORD-105848,SUP-029,0.765,Middle East/Africa,FMCG,Road,2024-05-08,2024-05-12,2024-05-12,0,0.247,0.082,0.076,590.5,272.0,280.0,6275.66,0
ORD-105849,SUP-026,0.782,Asia Pacific,Automotive Parts,Road,2024-09-10,2024-09-13,2024-09-16,3,0.571,0.242,0.032,647.2,585.8,563.1,5775.68,1
ORD-105850,SUP-008,0.711,Latin America,Textiles,Air,2024-01-24,2024-01-28,2024-01-28,0,0.22,0.355,0.089,468.6,385.3,457.7,5837.05,0
ORD-105851,SUP-013,0.8,Asia Pacific,Automotive Parts,Road,2023-11-18,2023-11-21,2023-11-21,0,0.163,0.044,0.021,353.2,529.9,422.0,6657.99,0
ORD-105852,SUP-034,0.576,Latin America,Machinery,Air,2023-10-05,2023-10-09,2023-10-20,11,0.28,0.334,0.1,545.9,538.8,554.4,27525.4,1
ORD-105853,SUP-028,0.644,Europe,Automotive Parts,Rail,2024-01-01,2024-01-08,2024-01-17,9,0.109,0.375,0.08,333.0,247.9,270.7,1119.32,1
ORD-105854,SUP-039,0.777,Europe,Pharma,Rail,2024-05-23,2024-05-31,2024-05-31,0,0.0,0.283,0.064,499.5,588.7,619.6,3494.07,0
ORD-105855,SUP-026,0.782,Middle East/Africa,FMCG,Road,2023-05-23,2023-05-29,2023-05-29,0,0.27,0.099,0.063,788.3,470.6,433.1,3269.52,0
ORD-105856,SUP-040,0.607,Asia Pacific,Electronics,Air,2023-02-26,2023-03-02,2023-03-02,0,0.167,0.0,0.083,894.4,244.4,306.2,27377.34,0
ORD-105857,SUP-026,0.782,North America,Pharma,Road,2023-09-22,2023-09-26,2023-09-26,0,0.374,0.13,0.097,364.8,438.7,627.4,6538.25,0
ORD-105858,SUP-038,0.957,Middle East/Africa,Machinery,Road,2024-05-29,2024-06-01,2024-06-01,0,0.424,0.031,0.008,505.5,529.1,439.1,3618.85,0
ORD-105859,SUP-011,0.936,Asia Pacific,Electronics,Sea,2023-08-13,2023-09-03,2023-09-03,0,0.329,0.235,0.145,402.2,472.2,559.7,1232.46,0
ORD-105860,SUP-033,0.8,Europe,Textiles,Road,2023-05-30,2023-06-02,2023-06-02,0,0.475,0.394,0.058,534.0,527.3,550.4,3416.83,0
ORD-105861,SUP-007,0.877,Asia Pacific,Automotive Parts,Road,2023-05-08,2023-05-12,2023-05-12,0,0.0,0.012,0.06,422.9,398.6,439.4,1422.76,0
ORD-105862,SUP-011,0.936,North America,Electronics,Road,2023-04-06,2023-04-09,2023-04-09,0,0.449,0.597,0.06,704.6,637.2,851.6,1033.15,0
ORD-105863,SUP-025,0.704,Europe,Textiles,Rail,2024-07-05,2024-07-13,2024-07-13,0,0.708,0.277,0.058,619.1,500.4,431.2,1564.67,0
ORD-105864,SUP-019,0.75,Latin America,Automotive Parts,Rail,2024-03-27,2024-04-02,2024-04-02,0,0.234,0.153,0.096,471.7,578.3,602.1,8270.61,0
ORD-105865,SUP-016,0.842,Asia Pacific,Textiles,Sea,2024-08-10,2024-08-31,2024-08-31,0,0.732,0.558,0.461,470.3,531.1,516.7,2377.78,0
ORD-105866,SUP-014,0.805,North America,Electronics,Road,2024-03-17,2024-03-20,2024-03-20,0,0.278,0.31,0.089,454.7,583.5,566.6,7494.98,0
ORD-105867,SUP-022,0.872,Middle East/Africa,Electronics,Road,2023-09-21,2023-09-24,2023-09-24,0,0.417,0.327,0.002,327.5,352.8,368.0,5952.61,0
ORD-105868,SUP-031,0.712,Asia Pacific,FMCG,Road,2024-02-04,2024-02-07,2024-02-07,0,0.19,0.061,0.067,500.0,553.5,559.4,3899.07,0
ORD-105869,SUP-036,0.714,Middle East/Africa,FMCG,Rail,2024-05-25,2024-06-02,2024-06-02,0,0.614,0.368,0.079,737.1,503.1,516.1,8495.87,0
ORD-105870,SUP-020,0.762,Europe,Electronics,Rail,2024-05-28,2024-06-04,2024-06-04,0,0.047,0.0,0.006,381.2,621.0,675.6,2697.73,0
ORD-105871,SUP-018,0.727,Middle East/Africa,Pharma,Road,2024-05-10,2024-05-15,2024-05-15,0,0.541,0.0,0.012,297.3,427.2,509.2,3455.24,0
ORD-105872,SUP-017,0.619,Asia Pacific,Pharma,Rail,2023-12-29,2024-01-05,2024-01-05,0,0.636,0.273,0.046,316.8,386.4,375.1,2463.86,0
ORD-105873,SUP-037,0.757,Asia Pacific,Textiles,Rail,2024-06-26,2024-07-05,2024-07-05,0,0.312,0.284,0.083,406.7,496.0,540.2,18963.85,0
ORD-105874,SUP-020,0.762,Latin America,Textiles,Rail,2023-11-20,2023-11-28,2023-11-28,0,0.314,0.327,0.064,878.1,443.6,403.1,10646.92,0
ORD-105875,SUP-011,0.936,Latin America,Machinery,Rail,2023-04-11,2023-04-18,2023-04-18,0,0.042,0.378,0.067,218.9,346.2,248.4,3179.24,0
ORD-105876,SUP-014,0.805,Latin America,Automotive Parts,Road,2024-08-15,2024-08-20,2024-08-20,0,0.471,0.303,0.066,492.1,378.2,475.0,1932.54,0
ORD-105877,SUP-015,0.574,Asia Pacific,Automotive Parts,Sea,2023-07-07,2023-07-29,2023-08-05,7,0.516,0.076,0.259,726.4,434.2,353.9,6166.7,1
ORD-105878,SUP-022,0.872,Latin America,Textiles,Road,2023-09-24,2023-09-27,2023-09-27,0,0.073,0.175,0.034,478.1,257.2,290.5,5092.75,0
ORD-105879,SUP-028,0.644,Middle East/Africa,Automotive Parts,Road,2023-03-10,2023-03-14,2023-03-18,4,0.431,0.253,0.012,400.3,453.4,552.7,2999.23,1
ORD-105880,SUP-010,0.898,Middle East/Africa,Textiles,Road,2023-03-22,2023-03-26,2023-03-27,1,0.113,0.254,0.088,456.6,480.4,445.0,4975.63,0
ORD-105881,SUP-022,0.872,Asia Pacific,Pharma,Rail,2024-07-15,2024-07-21,2024-07-21,0,0.047,0.154,0.09,625.0,232.9,233.1,2418.14,0
ORD-105882,SUP-013,0.8,Latin America,Pharma,Rail,2023-11-08,2023-11-14,2023-11-14,0,0.214,0.247,0.089,562.3,350.9,431.8,4483.11,0
ORD-105883,SUP-034,0.576,Asia Pacific,Machinery,Rail,2024-05-16,2024-05-23,2024-05-24,1,0.683,0.312,0.029,667.6,472.6,330.9,3898.22,0
ORD-105884,SUP-032,0.702,Asia Pacific,Electronics,Road,2023-01-23,2023-01-27,2023-01-28,1,,0.0,0.097,767.5,261.2,314.4,3446.76,0
ORD-105885,SUP-014,0.805,North America,Pharma,Sea,2024-06-15,2024-07-08,2024-07-09,1,0.693,0.404,0.445,558.2,367.8,406.2,5292.84,0
ORD-105886,SUP-030,0.76,Latin America,Textiles,Sea,2023-10-19,2023-11-10,2023-11-15,5,0.348,0.244,0.0,299.4,310.7,351.1,5355.95,1
ORD-105887,SUP-020,0.762,Middle East/Africa,Automotive Parts,Rail,2023-10-01,2023-10-08,2023-10-08,0,0.424,0.108,0.055,684.2,366.0,292.5,14277.31,0
ORD-105888,SUP-006,0.63,Asia Pacific,Automotive Parts,Road,2023-12-05,2023-12-11,2023-12-11,0,0.0,0.208,0.067,608.3,479.5,540.9,10691.3,0
ORD-105889,SUP-014,0.805,North America,Pharma,Sea,2023-04-26,2023-05-17,2023-05-17,0,0.422,0.643,0.314,468.6,599.1,559.1,4016.99,0
ORD-105890,SUP-030,0.76,Europe,Automotive Parts,Road,2023-02-14,2023-02-18,2023-02-18,0,0.346,0.2,0.046,588.9,290.7,311.4,6000.82,0
ORD-105891,SUP-031,0.712,Europe,Pharma,Sea,2024-04-03,2024-04-23,2024-04-23,0,0.261,0.192,0.08,335.2,479.5,394.2,3250.41,0
ORD-105892,SUP-037,0.757,Europe,FMCG,Road,2023-09-18,2023-09-21,2023-09-21,0,0.779,0.036,0.082,509.3,271.3,288.7,4918.89,0
ORD-105893,SUP-020,0.762,Asia Pacific,FMCG,Sea,2024-09-12,2024-10-03,2024-10-03,0,0.348,0.272,0.459,466.0,384.2,363.0,1883.88,0
ORD-105894,SUP-038,0.957,Asia Pacific,FMCG,Sea,2023-01-31,2023-02-20,2023-02-20,0,0.54,0.055,0.107,362.3,373.3,298.3,2796.27,0
ORD-105895,SUP-033,0.8,Middle East/Africa,Machinery,Road,2024-04-17,2024-04-21,2024-05-01,10,0.281,0.176,0.086,530.0,333.0,353.3,9700.95,1
ORD-105896,SUP-011,0.936,Latin America,FMCG,Road,2023-12-26,2023-12-31,2023-12-31,0,0.374,0.449,0.098,382.3,469.5,497.8,9144.18,0
ORD-105897,SUP-010,0.898,Middle East/Africa,Machinery,Sea,2023-10-21,2023-11-12,2023-11-22,10,0.21,0.351,0.299,777.4,236.6,218.1,6062.6,1
ORD-105898,SUP-007,0.877,Middle East/Africa,Electronics,Rail,2024-03-23,2024-03-30,2024-03-30,0,0.071,0.0,0.075,584.5,357.0,384.9,7320.26,0
ORD-105899,SUP-033,0.8,Middle East/Africa,Machinery,Sea,2024-10-01,2024-10-22,2024-10-22,0,0.241,0.398,0.556,259.4,480.6,476.4,8976.79,0
ORD-105900,SUP-003,0.783,Middle East/Africa,Textiles,Road,2023-05-23,2023-05-29,2023-06-04,6,0.316,0.223,0.041,552.8,566.2,456.5,4581.01,1
ORD-105901,SUP-026,0.782,Asia Pacific,Automotive Parts,Road,2024-09-03,2024-09-06,2024-09-09,3,0.13,0.224,0.078,371.0,506.2,526.2,2134.73,1
ORD-105902,SUP-001,0.823,Asia Pacific,Automotive Parts,Road,2023-04-29,2023-05-03,2023-05-07,4,0.0,0.303,0.097,450.1,497.9,399.6,9760.3,1
ORD-105903,SUP-020,0.762,North America,Electronics,Rail,2023-03-18,2023-03-24,2023-04-05,12,0.595,0.0,0.011,626.7,686.1,965.3,9196.94,1
ORD-105904,SUP-026,0.782,Latin America,Automotive Parts,Sea,2023-09-11,2023-10-04,2023-10-14,10,0.207,0.182,0.335,558.0,504.0,549.6,5488.9,1
ORD-105905,SUP-036,0.714,North America,Automotive Parts,Road,2024-05-17,2024-05-21,2024-06-02,12,0.175,0.322,0.091,311.9,363.0,316.0,10777.19,1
ORD-105906,SUP-022,0.872,North America,Textiles,Sea,2024-09-04,2024-09-27,2024-09-27,0,0.453,0.092,0.139,581.8,384.5,323.8,6176.3,0
ORD-105907,SUP-020,0.762,Middle East/Africa,Machinery,Air,2023-10-14,2023-10-19,2023-10-19,0,0.186,0.399,0.045,559.6,442.9,440.1,3681.4,0
ORD-105908,SUP-008,0.711,Latin America,Electronics,Rail,2024-03-20,2024-03-26,2024-03-30,4,0.113,0.366,0.03,621.3,219.6,217.2,12007.66,1
ORD-105909,SUP-027,0.793,Latin America,Automotive Parts,Sea,2023-12-26,2024-01-18,2024-01-19,1,0.404,0.0,0.465,382.8,547.8,603.5,4108.41,0
ORD-105910,SUP-007,0.877,Europe,FMCG,Road,2024-07-13,2024-07-19,2024-07-19,0,0.005,0.2,0.099,607.6,479.1,379.7,3038.24,0
ORD-105911,SUP-016,0.842,Asia Pacific,Electronics,Road,2023-01-15,2023-01-20,2023-02-03,14,0.33,0.494,0.077,514.7,491.6,578.7,5738.98,1
ORD-105912,SUP-003,0.783,Europe,Machinery,Rail,2024-04-03,2024-04-11,2024-04-11,0,0.064,0.112,0.096,577.7,452.4,397.6,10015.5,0
ORD-105913,SUP-012,0.612,North America,FMCG,Road,2023-12-07,2023-12-10,2023-12-10,0,0.022,0.073,0.057,756.2,636.6,732.0,5551.61,0
ORD-105914,SUP-002,0.788,Europe,Pharma,Sea,2024-04-23,2024-05-16,2024-05-16,0,0.195,0.0,0.0,373.3,682.7,775.6,4305.75,0
ORD-105915,SUP-025,0.704,Asia Pacific,Machinery,Road,2023-05-22,2023-05-26,2023-05-26,0,0.203,0.154,0.009,521.8,471.1,328.4,3041.63,0
ORD-105916,SUP-034,0.576,Latin America,Pharma,Sea,2023-03-04,2023-03-27,2023-03-29,2,0.31,0.398,0.651,407.6,465.8,485.0,2120.03,1
ORD-105917,SUP-032,0.702,North America,Automotive Parts,Rail,2023-06-16,2023-06-25,2023-06-26,1,0.437,0.209,0.035,501.7,558.0,361.8,3824.09,1
ORD-105918,SUP-012,0.612,North America,Automotive Parts,Sea,2024-06-02,2024-06-22,2024-06-22,0,0.371,0.444,0.022,553.1,558.0,614.9,2858.67,0
ORD-105919,SUP-022,0.872,Latin America,Machinery,Rail,2023-11-12,2023-11-18,2023-11-18,0,0.0,0.367,0.043,596.9,440.3,429.6,6086.23,0
ORD-105920,SUP-013,0.8,Europe,Electronics,Sea,2023-05-04,2023-05-26,2023-05-26,0,0.345,0.254,0.102,326.8,214.1,174.1,3736.6,0
ORD-105921,SUP-027,0.793,Europe,Automotive Parts,Sea,2024-02-11,2024-03-04,2024-03-04,0,0.08,0.252,0.129,509.0,395.3,453.8,6216.56,0
ORD-105922,SUP-033,0.8,Latin America,Electronics,Sea,2024-08-03,2024-08-23,2024-08-24,1,0.0,0.073,0.209,332.1,449.2,484.4,9676.41,0
ORD-105923,SUP-014,0.805,Middle East/Africa,Pharma,Road,2024-05-12,2024-05-17,2024-05-17,0,0.513,0.096,0.088,476.5,424.1,407.8,1973.89,0
ORD-105924,SUP-034,0.576,Asia Pacific,Machinery,Rail,2023-06-16,2023-06-24,2023-06-24,0,0.0,0.217,0.094,745.7,388.6,383.2,9727.18,0
ORD-105925,SUP-033,0.8,Latin America,Machinery,Road,2023-12-12,2023-12-18,2023-12-18,0,0.058,0.326,0.025,477.4,669.3,637.0,4603.93,0
ORD-105926,SUP-019,0.75,North America,Machinery,Sea,2023-03-08,2023-03-30,2023-03-30,0,0.282,0.288,0.198,409.5,171.1,161.5,5972.83,0
ORD-105927,SUP-017,0.619,Middle East/Africa,Automotive Parts,Road,2024-04-18,2024-04-23,2024-04-23,0,0.404,0.348,0.041,784.3,443.5,495.3,4035.84,0
ORD-105928,SUP-030,0.76,Latin America,Electronics,Sea,2024-05-26,2024-06-17,2024-06-17,0,0.116,0.139,0.614,462.1,416.4,344.5,5790.12,0
ORD-105929,SUP-030,0.76,North America,Electronics,Rail,2024-02-28,2024-03-06,2024-03-17,11,0.343,0.54,0.091,306.8,638.5,723.5,8133.45,1
ORD-105930,SUP-015,0.574,Middle East/Africa,Textiles,Road,2024-04-21,2024-04-26,2024-04-26,0,0.278,0.153,0.063,167.4,449.6,474.6,14042.14,0
ORD-105931,SUP-008,0.711,Asia Pacific,FMCG,Rail,2024-08-19,2024-08-28,2024-08-28,0,0.244,0.215,0.053,198.5,415.8,407.9,4988.33,0
ORD-105932,SUP-008,0.711,Latin America,Electronics,Road,2023-08-01,2023-08-06,2023-08-06,0,0.056,0.092,0.034,455.4,323.2,363.7,4300.69,0
ORD-105933,SUP-036,0.714,North America,Pharma,Air,2023-08-11,2023-08-14,2023-08-14,0,0.078,0.16,0.032,576.1,384.6,372.8,7547.56,0
ORD-105934,SUP-037,0.757,North America,Machinery,Road,2024-09-10,2024-09-16,2024-09-16,0,0.0,0.069,0.039,313.1,415.0,391.9,6349.07,0
ORD-105935,SUP-037,0.757,Middle East/Africa,FMCG,Rail,2023-01-26,2023-02-04,2023-02-06,2,0.336,0.088,0.061,476.4,411.4,410.7,3224.58,0
ORD-105936,SUP-018,0.727,Latin America,Machinery,Road,2024-02-10,2024-02-15,2024-02-15,0,0.459,0.0,0.006,475.2,489.6,480.3,9503.54,0
ORD-105937,SUP-025,0.704,Latin America,Machinery,Road,2024-05-04,2024-05-09,2024-05-09,0,0.225,0.432,0.066,645.7,420.4,388.2,11033.64,0
ORD-105938,SUP-004,0.652,Asia Pacific,Textiles,Road,2024-10-01,2024-10-04,2024-10-04,0,0.322,0.303,0.097,914.6,400.7,393.6,1363.67,0
ORD-105939,SUP-002,0.788,Latin America,Electronics,Road,2024-07-10,2024-07-15,2024-07-26,11,0.332,0.314,0.056,491.1,299.7,268.4,9267.51,1
ORD-105940,SUP-032,0.702,Europe,Textiles,Road,2024-05-30,2024-06-02,2024-06-06,4,0.356,0.151,0.034,420.1,371.0,374.1,3480.52,1
ORD-105941,SUP-005,0.967,Asia Pacific,Automotive Parts,Sea,2024-04-26,2024-05-19,2024-05-19,0,0.114,0.525,0.288,457.4,243.1,155.3,3259.73,0
ORD-105942,SUP-027,0.793,Asia Pacific,FMCG,Road,2024-01-14,2024-01-18,2024-01-18,0,0.384,0.234,0.089,720.5,173.1,184.0,6820.3,0
ORD-105943,SUP-032,0.702,North America,Textiles,Sea,2023-06-22,2023-07-15,2023-07-15,0,0.579,0.27,0.223,372.5,740.7,818.8,3182.14,0
ORD-105944,SUP-005,0.967,North America,Textiles,Rail,2024-03-28,2024-04-03,2024-04-03,0,0.28,0.175,0.014,419.5,532.3,524.6,3451.05,0
ORD-105945,SUP-026,0.782,Europe,Electronics,Rail,2023-07-16,2023-07-24,2023-07-25,1,0.245,0.4,0.024,477.9,260.3,220.7,5925.95,0
ORD-105946,SUP-018,0.727,Asia Pacific,Pharma,Rail,2024-02-02,2024-02-09,2024-02-09,0,0.125,0.085,0.042,601.9,396.9,411.1,5114.82,0
ORD-105947,SUP-005,0.967,Asia Pacific,Machinery,Rail,2023-12-22,2023-12-31,2023-12-31,0,0.203,0.0,0.068,596.9,668.3,680.3,9812.68,0
ORD-105948,SUP-013,0.8,Middle East/Africa,Automotive Parts,Sea,2023-05-16,2023-06-07,2023-06-12,5,0.497,0.238,0.227,732.8,610.7,777.5,7167.1,1
ORD-105949,SUP-008,0.711,Asia Pacific,Automotive Parts,Road,2024-04-03,2024-04-07,2024-04-07,0,0.389,0.17,0.0,558.4,697.8,577.0,27994.57,0
ORD-105950,SUP-011,0.936,Middle East/Africa,Automotive Parts,Air,2023-11-12,2023-11-14,2023-11-14,0,0.153,0.0,0.035,154.1,507.0,598.7,5847.67,0
ORD-105951,SUP-002,0.788,Asia Pacific,FMCG,Rail,2023-06-12,2023-06-19,2023-06-19,0,0.131,0.233,0.002,200.7,358.4,373.4,6170.99,0
ORD-105952,SUP-006,0.63,Europe,Automotive Parts,Road,2024-09-30,2024-10-03,2024-10-05,2,0.74,0.141,0.01,588.4,467.3,477.3,5711.06,0
ORD-105953,SUP-008,0.711,North America,Automotive Parts,Sea,2023-10-23,2023-11-12,2023-11-13,1,0.288,0.257,0.201,257.1,313.0,262.2,876.09,0
ORD-105954,SUP-026,0.782,North America,Textiles,Road,2023-11-21,2023-11-25,2023-11-25,0,0.119,0.04,0.031,292.6,557.2,518.5,10658.01,0
ORD-105955,SUP-005,0.967,Asia Pacific,Textiles,Sea,2023-07-09,2023-07-31,2023-07-31,0,0.071,0.177,0.472,593.7,216.0,223.9,3396.92,0
ORD-105956,SUP-019,0.75,North America,Pharma,Rail,2023-06-15,2023-06-21,2023-06-22,1,0.348,0.096,0.017,298.8,492.2,463.0,5347.01,0
ORD-105957,SUP-011,0.936,Europe,Pharma,Road,2023-07-02,2023-07-05,2023-07-05,0,0.0,0.0,0.001,561.3,504.3,355.7,6373.35,0
ORD-105958,SUP-029,0.765,Middle East/Africa,Automotive Parts,Sea,2023-03-14,2023-04-06,2023-04-26,20,0.318,0.152,0.189,395.4,297.9,340.0,4727.26,1
ORD-105959,SUP-012,0.612,North America,Pharma,Road,2023-10-14,2023-10-20,2023-10-22,2,0.201,0.15,0.042,397.5,417.1,458.9,5271.55,0
ORD-105960,SUP-037,0.757,Asia Pacific,Electronics,Sea,2024-07-31,2024-08-20,2024-08-20,0,0.093,0.229,0.077,686.6,459.7,479.1,3561.48,0
ORD-105961,SUP-031,0.712,Middle East/Africa,Automotive Parts,Rail,2023-06-20,2023-06-28,2023-07-05,7,0.7,0.238,0.04,470.5,740.8,728.4,10878.65,1
ORD-105962,SUP-007,0.877,North America,Pharma,Road,2024-02-24,2024-03-01,2024-03-01,0,0.367,0.196,0.024,563.5,320.8,411.3,1705.46,0
ORD-105963,SUP-008,0.711,North America,Electronics,Road,2024-03-26,2024-04-01,2024-04-01,0,0.163,0.296,0.082,282.8,712.6,658.6,2417.43,0
ORD-105964,SUP-017,0.619,North America,Pharma,Sea,2023-04-19,2023-05-12,2023-05-13,1,0.022,0.201,0.141,462.6,459.6,548.0,3539.0,0
ORD-105965,SUP-040,0.607,Asia Pacific,FMCG,Road,2023-07-07,2023-07-11,2023-07-17,6,0.217,0.291,0.092,321.7,612.0,607.0,2277.43,1
ORD-105966,SUP-019,0.75,North America,Machinery,Sea,2024-08-12,2024-09-01,2024-09-02,1,0.242,0.166,0.133,481.6,158.8,178.9,20554.78,0
ORD-105967,SUP-018,0.727,Europe,Machinery,Sea,2024-07-10,2024-07-31,2024-07-31,0,0.199,0.07,0.401,395.6,478.3,466.3,4004.55,0
ORD-105968,SUP-036,0.714,Middle East/Africa,Automotive Parts,Road,2024-09-08,2024-09-11,2024-09-12,1,0.134,0.0,0.087,667.0,637.3,281.8,3538.31,0
ORD-105969,SUP-023,0.548,Middle East/Africa,Electronics,Rail,2023-12-03,2023-12-11,2023-12-14,3,0.265,0.198,0.015,413.9,348.6,428.4,2111.81,1
ORD-105970,SUP-011,0.936,North America,Electronics,Road,2023-05-03,2023-05-06,2023-05-06,0,0.312,0.346,0.069,713.3,507.3,494.1,14125.31,0
ORD-105971,SUP-030,0.76,Asia Pacific,Textiles,Sea,2024-07-07,2024-07-30,2024-08-04,5,0.422,0.466,0.111,654.7,489.7,629.1,6397.09,1
ORD-105972,SUP-005,0.967,Latin America,Automotive Parts,Rail,2024-05-10,2024-05-18,2024-05-18,0,0.382,0.14,0.056,567.4,312.2,268.8,1750.71,0
ORD-105973,SUP-036,0.714,Asia Pacific,Automotive Parts,Sea,2023-07-12,2023-08-02,2023-08-03,1,0.219,0.195,0.182,539.0,445.9,476.8,3618.24,0
ORD-105974,SUP-005,0.967,North America,Machinery,Rail,2023-07-07,2023-07-15,2023-07-24,9,0.338,0.37,0.009,658.2,478.7,506.8,4282.71,1
ORD-105975,SUP-039,0.777,Asia Pacific,Automotive Parts,Sea,2024-06-28,2024-07-21,2024-07-21,0,0.303,0.161,0.145,595.2,315.1,305.8,6527.53,0
ORD-105976,SUP-026,0.782,Europe,Automotive Parts,Road,2023-01-21,2023-01-26,2023-01-26,0,0.499,0.132,0.055,624.5,561.9,597.4,5011.74,0
ORD-105977,SUP-001,0.823,Middle East/Africa,Pharma,Rail,2024-01-18,2024-01-27,2024-01-27,0,0.324,0.046,0.03,549.2,601.5,491.1,1218.04,0
ORD-105978,SUP-009,0.768,North America,Pharma,Road,2023-08-26,2023-08-31,2023-08-31,0,0.211,0.191,0.04,753.8,422.7,450.2,20261.92,0
ORD-105979,SUP-037,0.757,Latin America,Pharma,Sea,2024-02-16,2024-03-09,2024-03-14,5,0.33,0.071,0.388,552.2,423.3,330.5,5933.54,1
ORD-105980,SUP-001,0.823,Asia Pacific,Electronics,Road,2023-04-08,2023-04-14,2023-04-17,3,0.768,0.056,0.072,688.7,568.7,418.4,12697.32,1
ORD-105981,SUP-032,0.702,Europe,FMCG,Sea,2024-05-13,2024-06-02,2024-06-02,0,0.502,0.479,0.491,645.0,302.2,277.5,5017.01,0
ORD-105982,SUP-019,0.75,North America,Textiles,Road,2024-07-12,2024-07-17,2024-07-17,0,0.291,0.086,0.099,402.6,543.1,506.2,7990.24,0
ORD-105983,SUP-025,0.704,North America,Automotive Parts,Road,2024-02-26,2024-03-02,2024-03-12,10,0.145,0.152,0.064,581.4,605.6,722.2,5878.06,1
ORD-105984,SUP-010,0.898,Europe,Textiles,Road,2024-05-15,2024-05-20,2024-05-26,6,0.213,0.301,0.012,840.8,324.8,370.7,6305.67,1
ORD-105985,SUP-024,0.818,Middle East/Africa,Pharma,Sea,2023-12-19,2024-01-08,2024-01-11,3,0.202,0.232,0.231,377.3,267.1,208.7,3082.49,1
ORD-105986,SUP-001,0.823,Europe,Electronics,Sea,2023-10-29,2023-11-18,2023-11-18,0,0.049,0.131,0.182,549.2,415.6,372.3,6581.77,0
ORD-105987,SUP-027,0.793,Asia Pacific,FMCG,Road,2024-08-21,2024-08-26,2024-08-26,0,0.354,0.051,0.067,462.1,280.2,265.6,3784.14,0
ORD-105988,SUP-011,0.936,Asia Pacific,Pharma,Road,2023-03-31,2023-04-05,2023-04-05,0,0.278,0.432,0.006,480.2,426.1,425.4,7101.73,0
ORD-105989,SUP-033,0.8,Asia Pacific,FMCG,Sea,2023-05-22,2023-06-13,2023-06-16,3,0.999,0.495,0.515,340.7,527.2,535.5,3969.63,1
ORD-105990,SUP-008,0.711,North America,Automotive Parts,Sea,2024-08-10,2024-08-30,2024-09-11,12,0.301,0.212,0.314,732.6,461.7,498.8,5992.85,1
ORD-105991,SUP-007,0.877,North America,Machinery,Road,2024-07-10,2024-07-16,2024-07-16,0,0.637,0.407,0.011,546.1,304.7,239.1,3958.23,0
ORD-105992,SUP-036,0.714,Asia Pacific,Machinery,Rail,2023-11-09,2023-11-15,2023-11-15,0,0.07,0.217,0.046,716.9,557.3,577.6,8526.58,0
ORD-105993,SUP-032,0.702,Europe,Textiles,Sea,2023-08-21,2023-09-11,2023-09-11,0,0.441,0.122,0.261,587.4,318.8,293.5,3570.79,0
ORD-105994,SUP-034,0.576,Europe,Pharma,Sea,2023-06-20,2023-07-13,2023-07-17,4,0.238,0.222,0.267,384.2,276.5,278.7,5742.92,1
ORD-105995,SUP-030,0.76,Asia Pacific,Pharma,Road,2023-10-14,2023-10-18,2023-10-18,0,0.453,0.255,0.045,595.0,652.8,721.0,3192.52,0
ORD-105996,SUP-002,0.788,Middle East/Africa,Electronics,Road,2024-04-26,2024-04-30,2024-04-30,0,0.294,0.166,0.042,470.8,457.9,490.5,4795.61,0
ORD-105997,SUP-035,0.443,Middle East/Africa,Pharma,Road,2024-04-02,2024-04-05,2024-04-05,0,0.104,0.0,0.075,504.7,491.1,511.4,4816.83,0
ORD-105998,SUP-010,,Latin America,Machinery,Rail,2023-05-20,2023-05-26,2023-05-27,1,0.209,0.311,0.035,414.3,442.4,482.5,6775.86,0
ORD-105999,SUP-013,0.8,Europe,Pharma,Road,2023-06-30,2023-07-05,2023-07-05,0,0.654,0.222,0.014,667.2,619.0,596.5,3935.76,0
ORD-101483,SUP-022,0.872,North America,Textiles,Air,2023-04-05,2023-04-09,2023-04-09,0,0.436,0.361,0.047,676.2,579.8,477.7,4993.18,0
ORD-102185,SUP-032,0.702,Europe,Automotive Parts,Rail,2023-03-06,2023-03-14,2023-03-23,9,0.293,0.328,0.036,705.6,517.6,614.5,3267.31,1
ORD-102520,SUP-003,0.783,Europe,Textiles,Rail,2023-06-08,2023-06-16,2023-06-16,0,0.0,0.321,0.061,659.0,496.0,479.2,2957.89,0
ORD-103721,SUP-005,0.967,Latin America,Pharma,Road,2024-05-14,2024-05-19,2024-05-19,0,0.088,0.116,0.019,564.7,304.6,311.6,4061.87,0
ORD-103727,SUP-009,0.768,Europe,Pharma,Road,2024-01-23,2024-01-26,2024-01-26,0,0.697,0.385,0.035,468.5,281.3,270.0,2833.57,0
ORD-104524,SUP-037,0.757,Europe,Electronics,Sea,2023-08-03,2023-08-24,2023-08-24,0,0.127,0.045,0.176,347.3,563.2,602.3,9820.71,0
ORD-100234,SUP-006,0.63,Latin America,Machinery,Sea,2023-04-09,2023-05-01,2023-05-11,10,0.182,0.252,0.507,379.7,613.9,566.1,14440.85,1
ORD-104735,SUP-034,0.576,North America,Pharma,Air,2023-09-26,2023-09-29,2023-09-29,0,0.464,0.237,0.072,429.9,527.7,574.3,2716.36,0
ORD-105839,SUP-032,0.702,North America,Electronics,Road,2023-12-11,2023-12-17,2023-12-17,0,0.339,0.104,0.033,673.5,367.9,349.9,6875.03,0
ORD-102939,SUP-004,0.652,Middle East/Africa,Machinery,Road,2024-06-19,2024-06-24,2024-06-24,0,0.076,0.242,0.094,596.2,358.8,292.4,1594.07,0
ORD-103053,SUP-037,0.757,Middle East/Africa,Electronics,Sea,2023-06-17,2023-07-09,2023-07-09,0,0.264,0.332,0.0,640.5,431.0,420.9,4896.49,0
ORD-100867,SUP-031,0.712,Middle East/Africa,Pharma,Road,2024-01-29,2024-02-03,2024-02-03,0,0.196,0.256,0.009,511.6,556.7,769.3,3985.01,0
ORD-100276,SUP-001,0.823,North America,Electronics,Road,2024-03-07,2024-03-11,2024-03-11,0,0.311,0.045,0.062,860.1,702.3,675.3,3712.52,0
ORD-105798,SUP-034,0.576,Middle East/Africa,Machinery,Air,2023-09-18,2023-09-22,2023-10-04,12,0.288,0.407,0.03,389.9,269.6,291.2,8546.24,1
ORD-103512,SUP-036,0.714,Europe,Automotive Parts,Sea,2023-07-19,2023-08-08,2023-08-08,0,0.128,0.018,0.319,565.3,470.6,497.2,2458.88,0
ORD-105789,SUP-031,0.712,Middle East/Africa,Pharma,Air,2023-05-21,2023-05-23,2023-05-23,0,0.182,0.475,0.067,459.7,507.6,452.2,3897.59,0
ORD-103198,SUP-037,0.757,Middle East/Africa,FMCG,Rail,2024-02-12,2024-02-19,2024-02-19,0,0.432,0.0,0.086,432.5,364.0,411.3,11559.12,0
ORD-105908,SUP-008,0.711,Latin America,Electronics,Rail,2024-03-20,2024-03-26,2024-03-30,4,0.113,0.366,0.03,621.3,219.6,217.2,12007.66,1
ORD-105718,SUP-012,0.612,North America,Machinery,Rail,2023-12-03,2023-12-12,2023-12-13,1,0.635,0.18,0.045,356.6,405.1,454.9,6710.25,0
ORD-102687,SUP-033,0.8,Asia Pacific,Machinery,Road,2024-08-28,2024-09-02,2024-09-02,0,0.578,0.237,0.045,746.5,470.2,495.9,4301.17,0
